,Income,MonthlyCharge
0,28561.99,172.455519
1,21704.77,242.632554
2,9609.57,159.947583
3,18925.23,119.95684
4,40074.19,149.948316
6,11467.5,200.118516
7,26759.64,114.950905
8,58634.51,117.468591
9,50231.4,162.482694
10,22580.7,174.958118
11,18342.12,149.962093
12,83671.08,137.439154
13,115114.57,184.971516
14,64256.81,159.965581
16,31659.3,194.966286
19,19494.75,149.944668
20,39624.21,184.978458
21,45714.47,127.495766
22,27442.03,124.964303
23,79699.62,149.948316
25,12558.83,92.455141
26,8762.23,222.649979
28,10482.52,200.132293
29,33442.79,257.651257
30,43383.54,230.105118
32,51960.51,230.105118
33,25942.1,174.958118
34,11211.59,267.664655
35,8283.29,162.483267
36,10114.81,229.993134
37,36229.21,140.00128
38,25397.44,184.964681
39,50336.5,147.473844
40,38211.37,172.457857
41,52887.26,107.481989
42,12003.33,255.141716
43,24090.62,192.456745
44,15137.93,242.632554
46,132116.33,184.964681
47,37358.13,195.006206
50,4662.37,184.979684
52,38391.55,149.962093
53,44137.6,169.944668
54,14364.65,160.00128
55,62359.91,129.962093
56,82634.86,114.950905
59,29207.46,124.97808
60,55319.23,164.964681
61,81831.49,194.976769
62,100076.65,152.455519
65,45634.2,184.963371
66,10964.73,265.146969
67,22365.28,207.609354
68,52636.6,152.462354
69,19048.13,200.132293
71,77996.88,255.119794
72,47507.3,134.950905
73,7724.73,255.137219
74,1509.52,214.966286
75,81124.71,270.160419
77,74794.84,149.937833
78,19038.78,240.114868
79,79167.77,127.495766
80,37428.26,187.609354
81,45148.38,169.992756
82,74855.47,192.456745
83,45323.86,120.004928
84,71596.14,195.006206
85,10389.95,139.95684
88,15609.05,187.609354
89,19815.63,134.950905
90,58482.9,192.470522
91,41656.53,222.628057
92,115510.46,162.468917
93,15841.19,159.979358
94,81127.41,184.979684
95,24270.88,245.145743
96,54466.33,124.97808
97,64816.84,187.484705
98,103311.26,162.500692
99,40211.04,182.467607
101,43466.35,182.467607
103,49158.49,169.937833
104,3805.84,204.963371
105,52616.27,204.963371
106,30550.42,245.128318
108,30649.31,172.456745
109,31417.33,194.976769
110,55861.19,137.439154
111,9044.26,192.470522
112,25381.66,159.951231
113,65064.31,112.455141
114,12527.51,174.961766
115,35499.06,162.452604
116,26282.4,137.483594
117,51237.28,275.133571
118,64222.21,127.442069
120,21172.49,147.456419
125,74679.84,124.960655
127,34281.1,172.48852
128,36240.81,120.004928
130,125814.88,139.965008
131,12995.68,159.951231
132,77531.43,184.949594
133,87354.99,252.637807
134,76567.85,112.455141
135,30663.52,179.979358
136,122957.19,202.443347
137,31600.92,197.472533
138,74638.78,255.155493
139,32652.3,174.976769
140,63650.54,169.992756
141,28622.6,192.440432
142,50252.79,182.460772
143,19800.81,139.965008
145,36342.31,217.472533
147,23204.98,104.964303
148,35302.52,262.610632
150,60398.06,174.974431
151,8115.88,220.118516
152,33858.66,162.452604
153,29950.47,184.961033
154,49421.69,217.483972
155,11061.05,220.118516
157,20624.31,174.961766
158,47877.81,252.637807
160,107111.8,162.482694
161,10403.59,182.467607
162,22412.6,139.934918
165,28022.56,159.951231
166,35478.4,149.948316
167,10155.51,149.959755
168,87537.25,137.469817
170,32653.51,164.985293
171,35321.46,159.965008
172,49277.48,172.462354
173,37297.82,204.949594
174,14928.96,147.473844
175,24702.68,162.471255
176,87535.71,119.95684
177,63166.87,207.609354
179,27326.79,174.975543
180,12779.23,240.114868
181,25519.91,240.114868
182,46871.21,139.983006
183,77383.72,240.114868
184,47395.3,209.993134
185,90977.74,147.456419
186,135727.71,107.495766
189,41531.03,142.482694
190,33504.8,117.439154
191,34197.3,220.132293
192,11518.58,152.455519
193,31065.17,174.961766
194,32097.17,202.443347
195,23424.88,210.12704
197,35539.7,139.965008
198,27959.34,137.439154
200,18198.59,252.637807
202,16440.05,242.610632
205,30664.56,240.114868
206,31934.04,174.975543
207,26676.4,169.944668
209,31136.77,119.95684
210,40660.84,137.439154
211,10606.59,207.46728
212,92447.71,149.974105
214,13765.39,232.637807
216,42523.02,137.469817
217,52143.7,220.132293
218,19097.94,124.960655
219,11301.4,199.990219
220,17814.0,159.947583
221,22533.05,245.145743
222,19974.4,255.155493
223,45146.99,134.950905
224,10330.1,159.947583
225,15281.28,139.987503
226,11217.96,179.947583
227,17516.0,127.473844
228,20566.64,232.637807
229,36128.68,195.006206
230,52129.84,267.642733
231,25985.06,149.959755
232,10909.79,220.114868
233,41151.14,157.483594
236,41412.1,255.133571
237,99195.08,194.966286
238,18408.94,179.965581
239,15930.45,174.976769
240,25611.29,187.609354
241,9428.86,169.937833
243,118022.06,152.462354
244,51992.79,207.609354
246,37706.85,200.118516
249,25146.14,147.442069
250,58882.35,197.494455
253,70476.82,159.965581
255,35060.94,202.649979
256,66055.53,134.950905
257,91335.76,142.500692
259,75042.1,232.62403
260,91001.1,242.628057
261,44426.28,202.443347
263,14039.21,174.976769
264,12453.24,225.145743
265,15934.12,275.133571
266,48314.4,287.642733
268,10701.11,220.114868
270,13493.63,194.974431
272,368.5,147.478341
274,56154.5,157.483594
275,62145.59,255.141716
276,6517.94,137.439154
277,19090.03,235.159141
278,13194.33,147.460067
279,63963.36,232.637807
280,34447.89,137.439154
281,36315.29,129.948316
282,5009.07,242.632554
283,14202.72,187.609354
286,11250.71,159.947583
287,65951.35,137.487242
288,15292.25,245.131966
289,41879.1,117.439154
290,17080.57,209.993134
291,68122.23,169.974105
292,39468.79,197.470195
294,84301.44,207.475448
295,42469.81,160.00128
296,75458.79,147.478341
299,42755.27,220.132293
300,76874.25,214.952509
302,63095.62,270.160419
303,82131.87,202.443347
304,28502.33,172.47417
307,13583.35,174.969934
309,55398.87,144.988941
312,56178.63,124.97808
313,21053.35,174.991856
315,74061.48,139.965008
316,35102.93,192.470522
317,26391.1,220.118516
318,29982.49,232.622804
320,37583.97,114.972827
321,28654.87,149.977753
322,119968.61,184.985293
323,11591.09,132.479779
324,70174.11,190.12704
326,17191.02,220.114868
327,24732.09,107.495766
330,87568.16,200.132293
331,69327.78,262.610632
333,12951.51,202.636202
334,11179.42,127.478341
335,47288.09,159.983006
336,114398.35,124.960655
337,105646.73,252.62403
338,42386.84,104.97808
339,38864.57,204.961033
340,25215.22,245.145743
342,45225.74,169.937833
343,29976.15,207.475448
345,14980.5,232.637807
346,24017.57,225.131966
347,26204.77,212.641455
349,46622.3,134.950905
350,34419.26,200.132293
351,8507.97,197.470195
352,64420.19,192.456745
353,122263.81,162.471255
355,20647.83,114.950905
356,23956.91,182.446995
358,50150.81,172.456745
361,40728.96,220.118516
363,65187.42,159.965008
364,26005.77,182.465269
365,10423.75,129.977753
368,67319.27,162.471255
369,71348.1,154.961766
370,39231.99,194.976769
371,28129.21,192.48852
372,69104.9,162.452604
374,65229.24,142.482694
377,1666.59,139.987503
378,50258.38,112.455141
379,54373.35,212.622804
380,33588.84,182.460772
381,23629.05,159.947583
382,91186.03,245.145743
383,20204.74,149.977753
384,37703.83,184.967019
385,29117.32,92.455141
386,52531.72,149.944668
387,25742.72,167.456419
390,20811.42,162.482694
391,34474.39,262.610632
394,11655.88,212.641455
395,37773.19,104.964303
396,40183.01,232.637807
398,10331.57,277.63748
399,37096.85,112.455141
400,26004.59,220.118516
401,77291.95,139.951231
402,24462.25,184.978458
404,28840.47,142.468917
405,25299.48,160.00128
406,37631.4,127.481989
407,23014.69,162.452604
408,31300.68,172.457857
409,55840.35,255.155493
410,9729.44,184.979684
411,35891.67,175.006206
412,20801.9,112.455141
413,112429.2,194.958118
414,33217.64,172.44408
416,15380.9,127.460067
417,100232.53,147.478341
418,57900.98,207.49737
419,60476.86,169.937833
420,26875.13,152.457857
421,24447.03,162.460772
422,14817.22,200.132293
423,6170.55,182.460772
424,33620.38,124.97808
425,86453.08,230.105118
426,31466.9,147.473844
427,76984.15,142.482694
428,43586.8,152.479779
431,71215.87,184.978458
432,18113.33,134.950905
434,48852.54,192.470522
435,6574.36,149.962093
438,31843.16,169.944668
439,31920.88,207.49737
440,54961.9,245.145743
441,119964.79,127.478341
442,21897.41,182.467607
443,72129.01,267.642733
445,59147.78,164.978458
446,65900.37,240.114868
447,69369.36,124.960655
448,23382.74,127.442069
449,25886.2,169.992756
450,99519.26,169.992756
451,93039.69,179.979358
452,37852.37,134.950905
453,54727.46,192.440432
454,47944.46,172.440432
457,31392.97,159.965008
459,20197.89,179.965581
460,99482.26,252.62403
462,50666.54,240.114868
464,7953.27,182.45383
465,101000.3,149.944668
466,10882.02,144.960655
467,69156.25,187.609354
468,19563.77,129.962093
470,156740.67,192.440432
471,23165.82,172.44408
473,5337.97,159.965008
474,72490.86,167.484705
475,12476.24,129.962093
477,32885.95,124.97808
478,80862.03,255.137219
479,49800.1,230.105118
480,6958.83,182.460772
481,19133.76,255.155493
482,23413.1,172.457857
483,11957.82,137.483594
484,31250.41,167.456419
485,9487.91,127.495766
486,13533.47,287.642733
487,46533.08,167.456419
488,47946.16,164.988941
489,14393.72,242.632554
491,11249.18,257.63748
492,18684.74,129.977753
493,75276.52,232.622804
494,78129.73,182.467607
495,97761.18,220.132293
496,20789.86,252.637807
497,34038.71,142.452604
498,16051.94,94.972827
499,24266.04,210.105118
500,28712.86,92.455141
501,18966.81,194.969934
502,67530.44,129.977753
503,38866.92,242.628057
504,44314.39,197.48762
505,26929.55,242.610632
506,50643.95,139.934918
507,4803.58,112.455141
510,20314.7,107.495766
511,146494.7,92.455141
512,28908.4,225.145743
513,159315.5,232.62403
516,39802.79,242.628057
517,50195.66,184.964681
518,52946.65,182.443347
521,21795.58,149.937833
522,5192.16,157.469817
523,60897.92,152.510442
525,24091.33,139.951231
526,41209.8,117.439154
527,26695.46,235.137219
528,14185.42,149.977753
531,56131.21,172.456745
532,50560.17,137.439154
533,24202.12,197.494455
534,1668.97,204.961033
535,36973.83,162.482694
537,34228.9,169.974105
538,31159.95,129.959755
540,36121.33,179.947583
541,76136.04,167.456419
542,20957.58,240.114868
543,33559.74,194.976769
544,30142.44,245.146969
545,21663.69,139.987503
546,12924.08,197.483972
548,31006.39,197.470195
549,28580.25,149.974105
550,23706.94,204.979684
552,77622.97,225.131966
553,86411.28,202.636202
554,46353.07,127.460067
555,62359.81,162.482694
557,51203.14,169.937833
558,10818.08,159.934918
559,33165.9,217.470195
560,25819.56,245.146969
561,21806.2,177.48762
562,28082.45,162.465269
563,69662.99,147.456419
564,54674.22,134.950905
565,16706.02,127.442069
566,31980.81,184.978458
568,57107.43,182.443347
570,65191.79,162.500692
571,35947.74,137.439154
572,23022.97,220.114868
575,3504.7,275.133571
576,20125.41,194.958118
577,25807.14,124.97808
578,21801.03,92.455141
579,15518.51,229.993134
580,10299.94,147.478341
581,30944.95,179.947583
582,80906.28,175.006206
583,39281.35,204.963371
584,14536.31,210.12704
585,43044.31,184.967019
586,19373.31,200.118516
590,48163.8,137.483594
591,25331.3,137.483594
593,2374.22,114.972827
594,88915.15,207.609354
595,21168.49,134.950905
596,74026.91,240.114868
597,21064.75,149.959755
598,42659.99,134.950905
599,15253.93,204.963371
600,29353.41,149.977753
601,35089.38,139.934918
603,55081.63,152.479779
604,16581.74,139.95684
605,29361.24,229.993134
606,26164.5,142.471255
607,60231.84,159.947583
608,20191.76,240.114868
609,44316.41,172.440432
611,58324.01,149.962093
612,48137.75,134.950905
613,19639.83,159.965008
614,27259.78,232.637807
615,86897.5,149.962093
616,27537.94,184.963371
618,29823.06,159.951231
619,28790.03,147.442069
620,63725.44,242.632554
622,37552.96,172.457857
623,163086.24,140.00128
624,15621.76,144.988941
626,14331.34,275.133571
628,37860.79,197.48762
630,49915.86,184.978458
631,11455.64,207.609354
633,67019.55,220.132293
634,61436.18,242.632554
635,83705.06,154.991856
636,58187.53,139.987503
637,36699.84,245.145743
638,26942.28,187.609354
639,15638.87,159.965008
640,49252.56,192.440432
641,8497.8,172.440432
642,56574.39,204.961033
643,58297.91,222.649979
644,24940.07,159.951231
645,18410.16,159.965008
646,85742.06,152.510442
648,20485.31,184.978458
649,24166.24,127.481989
650,60415.32,220.118516
651,40667.47,162.482694
652,29876.17,245.146969
653,22790.72,162.465269
655,94520.02,147.478341
656,172884.11,184.963371
657,45301.07,172.47417
658,13673.66,200.132293
659,33731.69,92.455141
660,47738.37,214.966286
663,73566.21,210.105118
664,50601.07,142.500692
667,12428.24,134.950905
670,32796.83,162.482694
672,44349.71,92.455141
673,37376.03,255.155493
674,60317.8,159.983006
675,72436.33,169.944668
679,37415.85,112.455141
680,114609.0,92.455141
681,90059.86,127.442069
682,25670.71,129.962093
684,39087.76,212.641455
686,16593.59,149.937833
687,18326.88,232.641455
688,168097.1,192.470522
689,5850.56,194.966286
691,66365.07,192.48852
692,53562.86,152.479779
693,28937.89,154.961766
694,62952.13,124.97808
695,45777.4,152.44408
696,6396.98,232.641455
697,26785.51,182.465269
698,23311.73,242.610632
699,65056.0,202.443347
700,62921.94,117.487242
701,120435.58,184.979684
702,12145.97,240.114868
703,46111.61,184.967019
705,18893.5,184.985293
706,11583.37,277.63748
707,16852.05,172.457857
708,68180.35,194.966286
709,26569.28,174.975543
710,24034.97,149.937833
711,19474.37,112.455141
712,23775.33,149.959755
713,52875.82,277.63748
715,68647.24,117.439154
716,84826.6,275.133571
717,42305.68,147.456419
718,18301.98,204.949594
720,28330.55,129.962093
721,11661.07,242.610632
722,82226.63,127.442069
723,8864.63,104.964303
724,96022.76,182.443347
725,52856.4,159.947583
726,37772.16,157.483594
727,53135.08,129.948316
728,38311.94,139.934918
729,25100.17,222.649979
730,9080.2,162.482694
732,24518.97,204.949594
733,57938.27,139.965008
734,24865.85,182.465269
736,48226.58,220.118516
737,5694.61,154.991856
738,15603.09,142.452604
739,46988.4,147.442069
740,88666.42,124.97808
741,65540.61,220.118516
742,112914.39,117.439154
744,27588.53,162.482694
745,3563.55,159.947583
746,106964.84,104.97808
749,38656.75,169.937833
750,23806.03,147.473844
752,23507.1,195.006206
754,9994.08,245.145743
755,31779.0,220.132293
756,18938.33,147.442069
757,29459.16,275.119794
758,17520.23,162.45383
759,15615.89,124.964303
760,44493.49,192.48852
761,5997.99,104.97808
762,48557.08,137.487242
763,13756.31,124.97808
764,12366.21,172.44408
765,11232.67,114.972827
766,14999.93,202.443347
767,30300.58,159.983006
768,12339.69,187.46728
769,9297.37,157.469817
770,27581.84,212.641455
771,45553.16,172.470522
773,11408.67,134.950905
774,11391.26,187.484705
776,30446.44,182.483267
777,75130.89,210.105118
779,10589.74,194.974431
780,7868.29,139.983006
781,33329.83,262.610632
782,27798.01,255.119794
783,112245.07,192.470522
784,45427.24,114.950905
785,59333.32,129.99153
786,49740.98,129.99153
787,15543.8,114.972827
788,31138.29,159.979358
789,6972.84,164.964681
790,54471.65,159.965581
791,1425.61,160.00128
792,29470.61,149.959755
793,5149.97,222.628057
794,57559.65,204.963371
795,14824.71,172.44408
796,74381.07,220.114868
798,4297.28,270.160419
799,36678.72,152.44408
800,20433.9,232.62403
801,17089.24,222.632554
802,27466.82,262.610632
803,29249.18,179.979358
805,10231.67,242.628057
806,51937.51,182.465269
807,6914.4,92.455141
808,35808.85,179.965581
809,43329.35,255.119794
810,25435.29,182.460772
812,98173.49,207.609354
813,6990.37,117.468591
815,21616.35,217.470195
816,29736.31,245.146969
817,10670.46,177.48762
818,15842.09,172.44408
820,29907.64,147.442069
821,12482.52,242.61428
823,47300.07,212.641455
824,42440.36,154.975543
825,35223.63,154.975543
826,87580.83,207.481057
827,24608.16,127.495766
828,32011.39,127.442069
829,78944.18,194.976769
832,14715.35,184.971516
833,3401.06,182.446995
834,45181.91,169.944668
835,51909.42,220.132293
836,20070.17,142.452604
839,37119.33,157.483594
840,28056.39,200.118516
841,6169.09,149.959755
842,14219.58,182.460772
843,48525.16,212.641455
844,42076.21,149.977753
846,12476.49,152.466002
847,71049.68,142.482694
848,80844.48,132.479779
850,58126.33,240.114868
851,47218.76,230.105118
854,69238.83,117.468591
855,11969.69,247.664655
857,27405.08,162.467607
858,17280.24,277.651257
859,37330.86,172.455519
860,32389.5,149.959755
861,26728.25,172.456745
862,67100.14,169.992756
863,26763.52,172.440432
864,24147.42,194.988208
865,18653.61,235.141716
866,37922.51,242.61428
869,2978.04,179.947583
870,9441.99,139.934918
873,20761.43,187.481057
874,21486.46,225.145743
875,36233.87,159.965008
876,22120.88,255.141716
879,36574.2,182.465269
880,40921.71,129.948316
881,32746.0,152.47417
882,73919.79,207.49737
883,64292.47,154.991856
884,73331.45,137.468591
885,50561.44,207.481057
886,39478.06,137.439154
887,40460.35,252.62403
890,71916.6,137.439154
891,38692.31,267.664655
892,8882.51,157.469817
893,36384.62,154.975543
894,22107.4,117.439154
897,45020.08,162.452604
898,33543.36,144.960655
900,40108.38,129.962093
903,6424.15,147.478341
906,46728.49,220.132293
907,20841.67,184.967019
908,7862.38,124.964303
909,12000.1,182.467607
910,29812.92,162.500692
911,49710.21,172.470522
913,70133.7,257.63748
914,78537.66,222.628057
915,42917.45,152.479779
916,6300.17,112.455141
918,32399.51,162.471255
920,97592.52,194.958118
921,28704.22,149.944668
922,43995.62,182.460772
923,26659.08,204.949594
925,14623.21,164.985293
927,7598.57,277.651257
928,23773.72,275.133571
929,29810.9,152.510442
930,47683.58,184.971516
931,77396.38,227.475448
932,39770.82,184.967019
933,83953.98,129.977753
934,76785.63,275.119794
935,37860.53,194.958118
938,45860.11,192.440432
939,24499.96,139.965008
940,4493.49,182.443347
942,9035.25,139.934918
944,17773.11,210.105118
945,47573.47,172.44408
947,59153.65,144.960655
948,71934.85,210.12704
949,32149.05,192.470522
951,17714.64,169.937833
952,21128.1,222.649979
953,17104.94,200.118516
954,132139.98,255.137219
955,6953.72,190.12704
957,131500.47,220.132293
958,55859.65,142.468917
959,36226.45,142.471255
960,44520.0,275.133571
961,43738.55,162.482694
963,55821.74,204.949594
964,88584.08,147.460067
966,7371.1,190.12704
967,20377.63,222.632554
969,47154.41,200.132293
970,49397.46,172.44408
971,38914.23,179.947583
972,186035.04,235.141716
973,37340.2,172.440432
974,22303.29,240.114868
975,7211.12,152.479779
977,46257.12,154.975543
978,94363.97,127.442069
979,15902.97,162.446995
980,11586.87,230.105118
981,29621.97,262.610632
982,29853.08,149.99153
983,30594.26,187.609354
984,19287.42,104.97808
985,48925.7,222.636202
986,13622.77,255.155493
987,4032.12,129.962093
988,23162.08,229.993134
989,25593.92,149.948316
990,45252.03,220.132293
991,18394.86,149.962093
993,10365.43,179.965581
994,109366.11,225.131966
995,47719.56,230.105118
998,59990.91,149.948316
999,48587.84,265.146969
1000,154718.85,242.61428
1001,6315.99,167.456419
1004,37938.69,132.479779
1005,15202.61,139.95684
1006,22880.13,207.609354
1008,33323.68,172.456745
1009,10181.73,124.964303
1010,35681.35,179.979358
1011,43506.03,137.439154
1013,27475.94,210.105118
1014,59702.94,222.636202
1015,18203.4,172.510442
1016,117194.61,220.114868
1018,3836.01,287.642733
1019,35426.36,140.00128
1020,126236.18,207.46728
1021,28797.05,124.960655
1022,43552.14,162.460772
1023,14508.23,157.483594
1024,25312.29,129.977753
1025,40787.88,172.47417
1026,77269.05,149.948316
1027,35357.64,182.446995
1028,9033.82,182.460772
1029,50934.88,132.466002
1030,20916.69,287.642733
1031,47114.13,162.497044
1032,14562.52,139.987503
1033,74091.67,179.965581
1034,55625.04,172.47417
1036,34434.44,124.960655
1037,14547.9,124.960655
1038,67235.07,129.99153
1039,48597.51,222.649979
1040,33823.17,255.141716
1041,58384.68,172.455519
1043,20614.28,232.641455
1044,22247.54,182.460772
1045,36486.42,184.963371
1046,4109.71,187.484705
1049,17782.67,147.460067
1050,89527.4,92.455141
1051,5387.61,179.947583
1052,10842.41,270.160419
1053,30185.46,267.642733
1055,25434.15,232.641455
1057,28589.45,232.622804
1059,91252.07,172.456745
1060,24600.9,182.460772
1061,60420.05,242.61428
1064,33663.55,184.978458
1065,78661.45,157.469817
1066,31578.17,162.467607
1067,37747.34,210.12704
1068,56372.08,199.990219
1069,20372.35,144.960655
1070,15878.23,164.985293
1071,70711.36,245.146969
1072,7966.08,107.481989
1073,81748.07,142.468917
1074,19146.42,187.609354
1075,61256.3,242.628057
1078,51529.04,172.457857
1079,59195.65,217.483972
1080,28727.43,139.983006
1081,17101.08,129.959755
1083,80892.92,117.487242
1084,13376.86,214.952509
1085,20840.13,202.443347
1087,79189.23,255.119794
1088,11354.23,190.12704
1089,64088.93,202.649979
1090,25808.98,149.944668
1091,40548.91,182.467607
1092,96857.54,182.446995
1093,27775.18,192.470522
1094,9843.69,139.951231
1095,39504.22,144.988941
1096,162360.14,157.483594
1097,43677.84,184.985293
1099,37952.49,210.105118
1100,31964.0,187.46728
1101,70461.04,142.500692
1102,28269.35,149.959755
1103,68188.8,124.97808
1104,25313.42,214.952509
1105,30567.39,152.455519
1108,20056.65,127.460067
1109,26031.22,159.965008
1110,11835.48,152.479779
1111,14595.56,119.95684
1112,46393.66,159.965581
1113,19439.54,139.951231
1114,16117.26,210.12704
1115,132334.77,240.114868
1116,70839.0,117.487242
1117,52852.51,242.628057
1118,11828.76,225.145743
1122,66146.86,132.479779
1123,47757.95,184.961033
1124,21861.69,202.443347
1125,41446.86,159.965008
1126,22032.37,167.456419
1127,52729.59,114.972827
1128,31026.92,159.987503
1131,13288.17,194.988208
1132,37518.71,172.457857
1134,10530.09,147.456419
1135,22898.91,252.637807
1136,30814.46,187.481057
1137,53777.29,137.483594
1139,87315.7,242.610632
1140,30195.71,167.484705
1141,16937.26,267.664655
1143,87428.18,169.974105
1144,19821.7,159.947583
1146,57343.6,172.457857
1147,15777.93,187.484705
1148,50109.93,202.636202
1149,63005.71,277.63748
1150,39585.8,104.97808
1152,23288.22,152.44408
1153,27430.39,154.975543
1154,54669.67,217.470195
1155,53862.8,192.470522
1156,55264.57,207.49737
1158,14629.71,162.471255
1159,60109.62,222.61428
1161,18136.36,92.455141
1162,99100.1,222.61428
1163,28987.95,207.49737
1164,48455.85,139.934918
1167,90596.15,159.987503
1168,82251.92,162.452604
1169,41210.5,152.44408
1171,8669.16,252.637807
1172,3551.89,242.610632
1173,18788.66,192.440432
1174,68738.07,262.610632
1175,21671.58,94.972827
1176,33714.3,124.97808
1178,40133.04,275.119794
1180,30133.27,202.443347
1181,4812.74,172.47417
1182,12061.92,144.960655
1183,6132.5,172.44408
1184,78238.99,222.61428
1185,15048.63,220.114868
1186,101771.45,127.442069
1187,12998.92,139.934918
1188,58997.61,172.457857
1189,19383.74,157.483594
1190,57062.8,187.481057
1191,7945.24,134.950905
1193,45869.12,194.988208
1194,3223.21,169.992756
1196,12411.88,152.510442
1197,35524.46,152.457857
1198,48154.12,139.951231
1199,85147.06,129.948316
1200,49691.34,159.987503
1202,49106.35,92.455141
1203,23379.71,204.961033
1205,11306.37,232.637807
1206,12851.22,169.937833
1207,23687.02,137.469817
1208,95197.4,172.462354
1209,29348.16,142.500692
1210,5028.44,192.440432
1212,34407.99,277.651257
1213,5874.73,157.469817
1214,68836.53,154.961766
1215,35105.32,162.468917
1216,15002.6,182.467607
1217,51988.65,195.006206
1219,20896.4,139.987503
1220,41058.3,172.456745
1221,22274.11,190.12704
1222,20436.28,255.155493
1224,20095.5,147.442069
1225,109373.69,187.49737
1226,45642.1,184.949594
1227,13802.12,202.443347
1228,67035.46,162.500692
1229,9237.79,159.979358
1230,98906.55,162.465269
1231,40529.84,182.443347
1232,49350.86,194.952509
1233,53196.73,149.962093
1234,11113.69,172.510442
1235,31644.7,227.475448
1236,26312.33,159.934918
1237,78370.93,184.949594
1238,6088.74,217.483972
1239,6479.72,172.510442
1240,40710.63,167.484705
1241,73646.38,172.440432
1243,3955.88,184.978458
1244,53513.98,232.637807
1245,42002.93,172.470522
1246,99800.11,182.45383
1248,82924.09,157.483594
1249,11824.7,167.456419
1250,73624.07,104.97808
1251,51606.19,152.479779
1253,33589.11,117.468591
1254,25866.44,179.947583
1255,6215.4,104.964303
1256,71631.82,245.128318
1258,30090.22,225.145743
1259,3811.96,104.964303
1261,35130.18,139.965008
1262,37445.32,214.966286
1265,27692.11,147.442069
1267,22536.48,184.971516
1268,35730.59,214.952509
1270,36901.24,194.976769
1271,27660.28,112.455141
1273,43436.42,242.61428
1274,56327.41,152.47417
1275,16762.99,217.483972
1276,46854.5,159.979358
1278,24378.22,215.159141
1280,38162.85,207.609354
1281,36333.77,192.440432
1282,13288.6,152.457857
1283,25446.01,207.609354
1284,26129.83,162.468917
1285,76184.47,172.470522
1286,81803.03,129.948316
1290,57844.94,197.470195
1291,36772.35,179.965581
1292,22853.63,147.473844
1293,39702.07,174.975543
1294,27546.33,162.446995
1295,27329.96,147.460067
1296,56631.76,182.45383
1297,135171.31,144.960655
1298,7619.18,142.452604
1299,65377.87,147.442069
1300,23514.45,104.964303
1302,35556.27,182.460772
1303,42326.58,164.988941
1304,4523.8,127.473844
1307,29093.29,137.468591
1308,65477.76,164.978458
1309,18185.88,154.975543
1310,34217.69,160.00128
1311,56034.16,182.460772
1313,80803.77,159.965008
1314,40392.47,172.455519
1317,26569.81,94.972827
1318,67521.69,169.937833
1319,62441.01,187.484705
1320,19165.73,172.462354
1321,33846.23,275.119794
1322,24892.78,194.976769
1323,77107.03,112.455141
1325,32296.27,245.131966
1326,27019.83,162.446995
1327,12353.15,169.937833
1329,42104.6,144.960655
1330,55656.36,184.978458
1331,48881.55,197.483972
1333,29822.31,147.442069
1334,72270.25,164.985293
1335,27669.39,147.456419
1336,42027.65,104.97808
1337,69014.19,220.114868
1338,63827.57,182.446995
1339,16502.68,160.00128
1340,45181.64,240.114868
1341,45244.57,255.155493
1342,27457.73,220.114868
1343,7326.3,142.471255
1344,60631.73,179.947583
1345,55708.35,140.004928
1346,36635.39,187.484705
1348,3381.33,162.471255
1349,57644.66,137.483594
1350,41967.93,149.944668
1351,27990.52,172.47417
1352,29318.41,184.979684
1353,33315.46,199.990219
1356,11856.64,182.446995
1358,62781.25,174.988208
1359,5601.94,164.967019
1360,41527.17,207.475448
1361,11098.51,255.119794
1362,50670.27,142.452604
1363,30118.57,117.487242
1364,12704.28,275.119794
1365,54567.1,172.47417
1366,54250.43,159.947583
1367,73645.85,157.483594
1368,41979.65,172.456745
1369,40057.18,179.947583
1370,115520.53,149.99153
1371,18913.5,204.979684
1373,57826.31,137.439154
1375,36220.07,235.159141
1376,47229.76,117.468591
1378,65392.96,159.987503
1379,71721.17,169.944668
1380,45734.73,200.118516
1381,33168.88,129.948316
1384,31781.03,159.951231
1385,47256.46,192.470522
1386,122844.86,124.964303
1388,52687.01,245.145743
1389,21817.19,159.951231
1392,22561.45,220.114868
1393,13935.17,162.468917
1395,57281.66,242.628057
1397,92748.49,124.97808
1398,27950.05,139.934918
1399,43525.94,184.985293
1400,55370.33,182.483267
1401,31003.45,255.133571
1402,55523.0,169.937833
1403,15782.0,129.959755
1404,47596.81,252.62403
1406,24216.4,132.466002
1407,10429.51,222.632554
1409,97462.46,127.442069
1411,41817.73,139.965008
1412,17888.07,129.948316
1413,30398.93,144.988941
1414,8657.1,149.992756
1415,46183.9,159.951231
1416,9106.57,184.979684
1417,50103.36,127.481989
1418,1193.19,132.466002
1419,57322.77,192.440432
1421,13337.97,217.472533
1422,66945.1,139.934918
1424,60150.88,149.977753
1425,49128.48,147.442069
1426,23702.37,149.937833
1427,25368.71,129.959755
1428,1593.76,137.483594
1429,24984.75,204.963371
1430,29315.24,270.160419
1431,13262.8,169.937833
1432,20617.44,262.610632
1433,44278.91,152.47417
1435,23194.97,245.146969
1436,37302.74,214.966286
1437,23781.26,127.442069
1439,63986.3,124.964303
1441,49399.04,162.471255
1442,32285.99,172.47417
1446,39373.92,160.00128
1448,47514.11,112.455141
1449,12599.71,137.439154
1450,44739.96,147.478341
1453,106608.35,147.473844
1454,61773.61,139.934918
1455,53853.79,242.628057
1456,27235.84,127.473844
1458,33945.2,134.950905
1459,13724.61,127.481989
1460,26759.06,142.452604
1461,17255.25,159.979358
1463,34035.83,129.948316
1464,14048.99,207.609354
1465,8721.22,184.985293
1467,19696.86,222.649979
1469,19254.52,152.466002
1470,38294.87,227.475448
1471,46946.24,154.961766
1473,26473.71,192.48852
1474,21808.87,222.628057
1475,89037.69,222.649979
1479,42197.88,200.132293
1480,14953.78,200.132293
1481,8888.06,217.483972
1482,21816.78,129.962093
1484,49393.59,164.967019
1485,21812.08,182.45383
1486,70607.91,230.105118
1487,55322.08,124.97808
1488,16307.08,182.443347
1489,48413.98,149.937833
1491,149502.87,162.460772
1492,30040.32,139.983006
1494,69154.47,167.484705
1495,77152.84,144.960655
1497,11290.67,187.46728
1498,24897.26,232.641455
1499,9966.89,214.966286
1500,42991.1,204.963371
1501,39432.05,169.992756
1502,25576.73,245.131966
1503,48623.32,114.972827
1504,19887.32,160.00128
1505,30342.56,112.455141
1507,44165.21,92.455141
1508,33735.54,144.960655
1509,46078.58,152.462354
1512,34412.53,149.992756
1513,72563.64,240.114868
1514,93561.74,182.446995
1515,5902.12,232.62403
1517,21394.21,132.466002
1518,9336.88,229.993134
1519,15694.8,147.460067
1520,5984.94,117.439154
1521,37911.51,114.972827
1522,52766.63,162.467607
1524,41397.45,192.470522
1525,18426.49,112.455141
1526,47034.88,149.944668
1527,33691.63,172.457857
1528,39683.73,192.440432
1529,121849.0,240.114868
1530,10457.26,204.979684
1531,8515.02,214.952509
1532,7524.77,200.132293
1534,28776.49,174.976769
1535,42065.56,192.470522
1536,23624.95,210.105118
1537,29803.77,119.95684
1538,33394.07,197.48762
1539,27294.82,112.455141
1540,16232.47,184.985293
1541,11087.89,227.475448
1542,22173.37,160.00128
1543,28822.56,137.469817
1544,20827.61,230.105118
1547,17236.27,194.958118
1548,51266.47,207.609354
1549,7086.19,179.965581
1550,10192.86,214.966286
1551,24260.11,147.456419
1552,26169.39,139.95684
1553,36637.4,192.440432
1554,59689.49,137.469817
1555,28528.32,240.114868
1557,14075.36,162.482694
1558,57821.02,139.95684
1560,65095.99,157.469817
1561,87367.88,257.651257
1563,26404.76,152.455519
1564,73656.97,162.460772
1565,36461.2,149.944668
1566,49518.71,127.478341
1569,16073.46,157.483594
1570,21317.81,137.439154
1571,14007.48,172.44408
1572,52634.87,182.460772
1573,18384.77,112.455141
1575,47737.22,162.460772
1577,38529.53,252.637807
1582,57380.34,162.45383
1583,80269.13,174.988208
1584,13862.09,169.944668
1585,23946.97,217.470195
1588,55160.57,172.462354
1590,37639.9,112.455141
1591,34871.44,127.442069
1592,8543.01,194.988208
1593,80127.15,152.466002
1594,30976.34,182.465269
1595,45412.84,172.457857
1597,9041.08,194.976769
1598,46714.82,117.468591
1599,9703.25,144.960655
1600,21409.33,137.469817
1601,34722.76,182.460772
1602,24686.12,197.472533
1603,4813.52,157.469817
1605,15660.93,179.965581
1606,47169.83,222.628057
1607,73601.3,149.99153
1608,15728.61,139.965008
1609,20802.1,262.610632
1610,18570.48,172.456745
1612,65891.79,245.128318
1613,59532.0,212.622804
1614,30756.94,184.978458
1615,63134.48,137.439154
1616,18470.04,202.443347
1617,23711.3,255.119794
1618,16425.42,152.510442
1619,25044.85,242.628057
1620,46120.62,220.132293
1622,14970.89,149.974105
1623,24059.17,230.105118
1626,118120.16,197.470195
1628,20881.22,172.462354
1630,26268.58,167.484705
1631,21000.61,184.971516
1632,45664.79,172.455519
1633,79393.63,202.649979
1634,116572.8,149.948316
1636,78177.94,184.963371
1637,79775.67,127.460067
1638,100437.39,137.439154
1639,9267.97,232.637807
1640,47502.66,202.636202
1641,94903.08,157.469817
1642,83382.41,182.460772
1643,11464.33,215.159141
1644,52050.69,275.133571
1646,30106.96,204.963371
1647,61967.75,214.952509
1648,18571.0,204.963371
1649,51397.01,220.114868
1650,117333.44,169.992756
1652,30088.13,192.440432
1654,82080.92,200.132293
1655,102905.68,124.97808
1656,16337.64,184.961033
1658,106581.92,162.471255
1659,35504.27,114.950905
1661,15045.78,230.105118
1662,78085.72,127.473844
1663,44287.84,194.958118
1664,44057.85,242.628057
1665,25048.77,242.61428
1666,56537.88,127.442069
1671,20283.95,117.468591
1673,47658.67,194.988208
1674,49750.1,147.442069
1675,31203.12,275.133571
1676,33458.05,162.468917
1677,20719.7,162.497044
1678,39225.15,179.965581
1679,32659.08,182.446995
1680,13870.96,245.145743
1682,49065.88,245.128318
1683,18081.88,277.651257
1684,45101.92,142.500692
1685,30450.19,152.457857
1686,54750.08,267.664655
1687,24095.07,227.475448
1688,53817.02,147.442069
1689,20733.74,149.944668
1690,36790.23,220.132293
1691,35949.37,139.983006
1693,12802.32,140.00128
1694,20555.47,144.960655
1695,60956.22,149.959755
1696,27149.34,194.976769
1697,19533.5,164.985293
1698,102080.72,152.510442
1699,30434.99,127.495766
1700,10852.14,172.470522
1701,52352.24,194.974431
1702,57874.62,124.97808
1703,54587.66,242.610632
1704,14053.15,199.990219
1705,51419.56,184.967019
1706,20917.65,147.442069
1707,48597.98,255.141716
1708,34497.95,159.947583
1709,19080.13,210.105118
1710,21210.4,164.971516
1712,38028.33,152.466002
1713,29940.45,169.944668
1715,84597.17,182.460772
1716,29579.69,202.443347
1717,69222.79,232.62403
1719,29759.61,154.975543
1720,73746.35,182.460772
1721,54109.79,204.963371
1724,46973.08,154.975543
1725,165151.02,127.442069
1726,5875.01,142.452604
1727,84805.71,149.962093
1728,14289.15,194.958118
1729,2488.36,154.991856
1731,15537.16,245.128318
1732,40743.83,182.45383
1733,63963.83,144.960655
1735,43551.35,172.470522
1736,48376.42,255.119794
1737,57730.91,92.455141
1739,51510.02,235.159141
1740,7833.53,252.637807
1741,29709.19,152.455519
1742,37041.5,162.460772
1743,11638.79,92.455141
1744,8523.51,159.965008
1745,108059.11,204.963371
1749,37670.96,202.636202
1751,21786.91,290.160419
1752,52189.94,164.978458
1753,44610.48,194.969934
1754,53591.84,242.610632
1755,43976.9,124.964303
1758,25777.88,232.641455
1759,59418.66,154.991856
1760,38306.27,194.966286
1761,34393.76,232.622804
1763,3050.98,162.452604
1764,6284.19,92.455141
1765,53247.58,184.961033
1766,25019.9,172.462354
1767,16301.48,112.455141
1768,12134.83,149.99153
1769,32396.94,162.468917
1770,88000.08,127.473844
1772,7655.2,240.114868
1774,49545.55,184.967019
1775,77423.32,242.632554
1776,27690.11,232.62403
1778,21739.61,255.133571
1779,32951.46,202.649979
1780,19832.1,287.642733
1781,8979.6,144.960655
1782,47618.81,129.977753
1784,74023.61,152.479779
1787,12146.64,124.964303
1788,3730.38,247.664655
1789,56143.59,159.951231
1791,12908.78,247.664655
1792,18189.38,207.475448
1793,61039.69,230.105118
1794,60671.21,177.48762
1795,21393.98,154.961766
1796,31369.76,235.137219
1797,37741.16,92.455141
1798,27353.22,162.45383
1799,20872.03,207.609354
1800,87308.01,182.497044
1801,37198.61,242.610632
1802,28837.52,107.481989
1804,53420.34,147.478341
1805,26175.68,152.47417
1806,84232.11,179.965581
1807,23660.7,220.132293
1808,45404.63,204.979684
1811,21087.24,179.947583
1814,47285.08,152.510442
1815,45429.68,157.483594
1816,12234.89,134.950905
1818,11523.97,137.483594
1819,19534.42,184.978458
1820,82629.53,169.974105
1822,81413.71,124.964303
1823,69506.73,114.972827
1824,15944.32,129.948316
1825,38328.57,204.961033
1827,37667.37,262.610632
1828,89752.5,262.610632
1829,24958.97,220.132293
1830,51848.11,242.628057
1831,32443.11,192.440432
1832,76175.36,192.456745
1833,24946.75,159.965008
1834,86039.43,92.455141
1835,18620.79,149.974105
1836,19224.29,222.649979
1837,22433.84,265.128318
1838,27130.52,194.974431
1839,39874.59,139.95684
1842,13969.34,92.455141
1843,4109.01,120.004928
1844,93637.19,112.455141
1846,45245.92,162.452604
1847,36034.73,147.442069
1848,11667.32,204.963371
1849,25598.66,157.483594
1850,96624.28,190.12704
1851,36705.32,204.979684
1852,68430.88,159.983006
1854,20768.72,204.949594
1855,14032.23,112.455141
1856,30110.14,144.960655
1857,46272.07,220.132293
1858,39933.38,92.455141
1860,25447.24,137.469817
1861,72841.97,127.481989
1862,1441.97,127.478341
1865,15395.09,137.439154
1866,14379.3,114.972827
1867,57776.5,149.977753
1868,57622.01,190.12704
1869,19430.58,174.961766
1872,13805.45,174.958118
1873,1753.08,252.62403
1874,55200.2,157.483594
1876,9582.53,275.119794
1879,67228.71,212.641455
1880,18651.96,204.963371
1881,97463.9,169.992756
1882,14638.17,172.470522
1883,24371.34,162.482694
1884,46974.79,124.97808
1885,49939.39,207.49737
1886,10584.2,179.947583
1887,46984.61,139.95684
1888,48971.18,182.483267
1889,7723.17,235.137219
1890,72997.73,200.132293
1891,55593.6,162.497044
1893,10887.66,172.457857
1894,147436.94,149.944668
1895,77658.11,162.460772
1897,61901.7,194.976769
1898,54246.36,152.457857
1901,21062.25,94.972827
1904,37455.48,127.442069
1906,19982.5,149.99153
1909,18038.36,144.960655
1910,33297.61,197.494455
1911,80430.99,182.467607
1912,15423.53,140.004928
1914,23107.22,245.145743
1915,65329.46,232.622804
1916,12650.67,172.462354
1918,53320.93,162.467607
1919,116888.77,172.470522
1920,22840.68,164.971516
1921,29742.47,159.965581
1922,22139.13,232.637807
1923,26760.18,172.510442
1924,23613.85,159.965008
1925,38691.84,172.47417
1927,8539.27,174.988208
1929,68237.79,124.960655
1930,23101.13,265.128318
1931,49323.19,169.944668
1932,32459.53,182.467607
1933,43765.92,137.487242
1934,91605.19,202.649979
1935,34978.09,225.145743
1936,115594.58,255.119794
1937,137589.2,159.983006
1938,10349.38,184.963371
1939,9324.27,159.965008
1940,23026.89,265.146969
1941,13719.94,152.462354
1942,47635.23,142.500692
1943,49270.7,204.961033
1944,8982.13,164.988941
1946,8507.14,124.97808
1947,21084.49,127.473844
1948,99199.26,137.487242
1949,32720.43,202.649979
1951,29966.23,187.609354
1952,96126.76,137.487242
1956,72927.6,172.457857
1957,12895.65,277.63748
1958,29653.48,187.609354
1959,84185.38,159.951231
1961,45577.26,229.993134
1962,19992.77,162.460772
1963,38137.48,139.983006
1964,17762.55,92.455141
1965,18493.34,222.628057
1966,43296.9,247.664655
1967,17172.32,162.45383
1968,27687.94,207.609354
1969,29613.46,172.470522
1972,24805.02,240.114868
1973,31324.12,164.978458
1974,45562.92,184.978458
1975,35226.26,204.979684
1977,9202.1,164.971516
1978,27720.0,129.977753
1980,83416.9,184.963371
1981,67448.07,152.479779
1982,17105.07,179.947583
1983,48915.51,162.465269
1984,32992.62,119.95684
1985,45631.91,169.937833
1986,26049.03,174.975543
1987,9545.58,192.440432
1988,24717.71,147.460067
1990,33318.12,255.155493
1991,56817.96,182.446995
1992,15762.57,182.467607
1994,3666.35,199.990219
1996,20680.56,174.958118
1997,64242.12,275.133571
1998,13655.62,217.472533
2001,17386.0,204.961
2002,8809.37,139.9568
2003,29856.65,129.9915
2004,84914.28,242.6326
2005,19789.59,144.9607
2006,19091.73,275.1336
2007,30898.32,235.1372
2008,60536.56,177.4945
2009,65062.28,139.965
2010,10305.73,162.4608
2012,23978.67,172.4579
2013,68557.22,169.9378
2014,16367.17,184.9634
2015,10315.72,172.4885
2016,40783.52,245.1457
2017,19920.22,230.1051
2018,80176.6,252.624
2019,8803.4,192.4567
2020,76063.08,117.4392
2021,50159.71,172.4404
2022,29467.49,162.4608
2024,44485.5,104.9781
2025,40939.24,232.6378
2026,61142.96,137.4836
2027,72734.86,167.4847
2028,74948.35,275.1336
2029,45693.25,132.4798
2030,25686.47,169.9447
2031,3640.46,104.9643
2032,68631.52,114.9728
2033,55306.54,159.965
2034,32058.65,149.9378
2036,10533.21,149.9447
2039,29149.35,172.4579
2040,20185.24,159.9349
2041,43121.53,144.9607
2042,53952.59,277.6513
2043,37794.12,159.9656
2044,101907.8,242.6143
2045,24218.05,160.0013
2046,32075.69,174.9755
2047,12429.48,152.4742
2048,39939.55,117.4392
2049,34531.07,230.1051
2050,14646.58,172.4567
2051,630.24,152.4798
2052,48476.58,242.6106
2054,9829.71,192.4404
2056,99291.94,127.4601
2059,14987.31,232.624
2060,54531.53,222.6281
2061,22067.94,214.9663
2062,10440.87,127.4421
2064,8626.93,172.4624
2065,41169.69,257.6513
2066,51251.22,169.9447
2067,53267.14,172.4579
2068,47320.46,172.4624
2069,67172.04,142.4526
2071,26385.01,124.9781
2072,30575.77,169.9378
2073,127881.0,149.9598
2074,52199.89,117.4872
2075,44236.12,184.9853
2077,16944.5,252.624
2079,116572.3,220.1323
2080,10516.36,194.9663
2081,41867.94,137.4392
2083,86877.95,162.4827
2084,45268.54,129.9778
2085,60555.18,149.9447
2086,21951.91,194.9744
2087,15468.51,152.5104
2088,10120.05,240.1149
2089,2715.32,147.4564
2090,100861.7,192.4705
2091,27938.89,104.9781
2092,41676.3,192.4404
2094,29246.74,152.4624
2095,61915.61,230.1051
2096,115414.9,172.4705
2097,38228.16,232.6378
2098,17492.71,217.484
2099,19410.35,164.9785
2100,4425.26,172.5104
2103,65731.64,127.4421
2104,13929.56,240.1149
2105,41181.43,202.4433
2106,30997.05,107.4958
2109,38302.75,142.4526
2110,34604.65,232.6378
2111,23646.52,172.4441
2112,101807.8,242.6143
2116,6740.05,252.6378
2118,9790.18,174.9768
2119,40978.57,242.6326
2120,83234.64,182.4538
2121,29681.02,104.9643
2122,66031.23,210.127
2123,146782.3,92.45514
2124,31486.98,134.9509
2125,21482.85,172.4441
2126,42345.0,237.6549
2127,40134.85,207.4673
2128,54713.59,159.965
2129,68269.35,192.4404
2130,22823.11,277.6375
2131,61362.22,149.9447
2132,36887.34,220.1323
2133,50354.57,149.9378
2135,67252.64,277.6375
2136,35925.24,242.6326
2137,25895.26,139.9568
2138,31637.52,255.1372
2140,18708.42,184.9496
2141,68822.79,107.4958
2143,50160.82,127.4958
2144,22622.48,235.1591
2145,53358.81,202.6362
2146,30303.35,225.1457
2147,27135.0,92.45514
2148,21345.51,149.9378
2149,22626.3,132.466
2150,36532.31,212.6228
2151,42912.49,124.9781
2152,4855.88,124.9607
2153,30543.93,144.9607
2154,19284.89,222.65
2156,32849.77,160.0013
2157,4795.94,235.1591
2158,44034.11,240.1149
2159,55836.3,184.9496
2160,7321.37,222.6326
2161,70673.64,117.4686
2162,62998.7,159.9349
2163,60751.35,262.6106
2164,26284.13,210.127
2166,23691.5,247.6647
2167,17274.61,197.4725
2168,52089.36,194.9882
2169,44186.7,162.447
2172,4033.46,197.484
2176,27386.37,202.65
2178,47079.18,207.6094
2179,38310.04,137.4392
2180,35022.32,124.9781
2182,72603.49,134.9509
2183,1179.53,202.4433
2184,78989.36,159.9349
2185,36649.03,184.961
2186,65762.88,194.9525
2187,42200.98,174.9581
2188,3456.77,222.6326
2189,9011.25,184.9853
2190,104548.7,117.4872
2191,36224.99,107.482
2192,52409.75,159.9476
2193,42530.46,212.6415
2194,25761.05,162.4538
2195,61145.59,167.4564
2196,91825.37,137.4836
2198,18445.73,245.1457
2199,30801.14,114.9509
2200,45814.19,124.9607
2201,49276.44,172.4742
2202,98189.95,245.147
2203,24364.42,137.4836
2204,18199.63,200.1185
2205,38683.31,194.9744
2206,18593.16,134.9509
2208,16752.3,265.1283
2209,11359.36,104.9643
2210,75769.12,112.4551
2211,51427.43,195.0062
2214,44522.71,92.45514
2215,13622.45,214.9525
2216,26894.86,232.6378
2218,4032.31,182.4676
2219,32731.53,225.1457
2220,33578.92,149.9778
2221,58563.96,144.9607
2222,60432.79,117.4872
2223,9774.33,162.4676
2224,60537.01,182.4433
2225,72382.94,147.4564
2226,24324.5,172.4567
2227,37615.69,242.6326
2229,11247.19,129.9621
2230,8233.96,187.6094
2231,48228.96,242.6281
2232,16662.12,172.4404
2234,34422.88,184.9634
2235,25712.78,220.1185
2236,70459.21,235.1372
2237,33109.91,127.482
2238,18086.0,159.983
2240,1476.14,192.4404
2241,52085.92,169.9378
2242,24165.59,210.127
2243,21391.97,207.4754
2244,52417.3,127.4738
2245,44650.63,174.9882
2248,45161.45,190.127
2249,6975.47,149.9741
2250,49799.5,182.497
2251,18868.46,192.4705
2252,80750.15,182.4433
2253,5846.29,139.9349
2254,18527.27,179.9476
2255,15635.66,127.4421
2257,33976.92,255.1555
2259,11520.48,169.9447
2260,16359.9,137.4392
2262,41037.45,207.6094
2263,32479.8,182.4676
2265,11075.25,262.6106
2266,17947.55,235.1591
2267,20698.04,277.6513
2268,3109.66,245.1283
2269,16592.25,142.4827
2271,81110.33,139.965
2272,14493.59,235.1372
2273,50836.65,240.1149
2274,79369.7,152.4579
2275,2995.33,270.1604
2277,12076.88,92.45514
2278,81564.77,159.965
2279,28965.25,167.4564
2280,44819.67,219.9902
2281,29906.71,242.6326
2282,14406.17,157.4698
2283,46986.55,149.9778
2284,20029.65,172.4624
2285,64074.31,255.1372
2287,66758.56,164.967
2288,91903.25,104.9781
2289,41398.21,152.4579
2290,53245.7,194.9581
2291,7011.67,162.4526
2292,19387.14,160.0013
2294,113438.3,159.9794
2295,34247.55,210.1051
2296,34411.96,174.9581
2297,28861.44,245.132
2298,31221.21,265.147
2300,7514.44,172.4555
2301,22570.85,245.147
2302,1980.3,202.4433
2303,50428.1,225.1457
2304,34994.57,194.9768
2306,55474.66,117.4872
2307,20821.39,119.9568
2308,2991.27,245.147
2309,22935.07,179.9476
2312,11926.59,257.6375
2313,46256.13,154.9919
2314,56003.0,207.4811
2315,6754.78,134.9509
2316,38691.98,124.9607
2317,14924.39,167.4847
2320,34628.88,159.965
2322,111971.9,149.9483
2323,34515.01,257.6375
2324,9352.62,104.9643
2326,26064.31,255.1198
2329,37475.72,129.9915
2330,23302.39,127.4738
2331,23511.45,204.961
2332,59560.13,245.147
2333,25996.36,149.9928
2334,13814.44,154.9919
2335,39681.63,194.9768
2336,47185.23,217.484
2339,137119.7,162.4713
2340,37749.42,159.9349
2342,17758.1,220.1323
2344,5365.64,172.4579
2345,10986.24,195.0062
2346,4280.65,162.4526
2347,10684.8,152.4555
2348,40410.46,139.9349
2349,47987.84,182.447
2350,59885.19,184.9797
2351,60271.58,197.4725
2352,143972.7,265.147
2353,81586.06,159.9476
2354,34844.99,157.4698
2355,143217.5,139.965
2357,15053.56,144.9607
2358,116086.2,172.4441
2360,134691.3,169.9378
2361,15715.88,220.1185
2362,34688.33,127.482
2363,29367.86,164.9647
2366,38009.71,174.9699
2367,27403.44,235.1591
2368,11720.58,222.65
2369,49271.35,220.1149
2370,64284.53,137.4698
2371,46676.42,242.6143
2372,9532.02,192.4885
2373,14428.38,172.4705
2374,90075.68,142.4713
2375,38069.49,149.9483
2377,43839.96,220.1149
2378,38886.05,104.9643
2379,26524.78,179.9794
2381,31935.51,129.9598
2382,47060.9,137.4392
2384,7079.02,139.9349
2385,38883.92,172.4567
2386,23066.29,114.9728
2387,30013.52,204.9634
2388,37869.23,107.482
2389,57329.53,172.4742
2390,8408.2,179.9656
2391,56488.39,255.1417
2392,30806.08,114.9509
2393,12245.9,225.1457
2394,77894.5,162.497
2395,65472.96,210.1051
2397,5523.04,174.9755
2398,6377.91,200.1323
2399,31299.73,157.4836
2400,25584.35,210.127
2401,56693.87,117.4392
2402,24729.42,129.9621
2404,26231.41,152.4798
2405,37853.52,192.4404
2406,58347.69,144.9607
2409,8549.54,187.6094
2410,4200.47,257.6513
2411,3850.53,159.9794
2413,39012.26,159.9656
2414,27755.77,230.1051
2417,47956.52,275.1198
2418,35534.12,184.9634
2420,57226.99,127.482
2421,34508.61,194.9581
2422,43660.61,164.967
2423,8461.71,159.983
2424,15264.99,127.4421
2425,78456.37,237.6549
2426,26944.14,112.4551
2427,28435.83,152.4555
2428,64651.67,220.1149
2429,21196.66,179.9476
2430,41959.76,172.4567
2431,29743.38,139.9875
2432,62190.11,159.9794
2433,27766.98,164.9647
2434,30756.71,157.4836
2435,55663.41,200.1185
2436,79846.9,182.4538
2438,44078.45,139.965
2439,64027.82,169.9447
2440,8996.2,184.9785
2442,43467.62,222.6281
2443,59419.82,222.6326
2444,35143.78,242.6106
2445,50968.3,179.9476
2446,35587.78,235.1372
2447,46121.72,262.6106
2448,108839.1,117.4872
2449,18975.18,204.9797
2452,21542.79,139.9349
2453,24072.56,230.1051
2454,54215.89,242.6143
2455,45830.71,162.497
2456,20415.05,129.9483
2457,28911.98,139.965
2458,32193.76,182.4433
2459,22663.77,127.4601
2460,43925.68,154.9755
2461,18521.02,152.4579
2462,68335.57,134.9509
2463,48414.97,140.0013
2465,58940.98,197.4702
2466,19498.34,129.9621
2467,69988.77,197.4702
2468,37908.68,187.6094
2469,21594.91,192.4404
2471,35706.95,139.9512
2473,29602.2,194.9525
2474,37471.31,174.9768
2475,5923.37,192.4705
2477,108135.1,149.9621
2478,75295.21,217.484
2479,64898.06,242.6281
2480,78472.21,132.466
2482,33348.43,117.4392
2483,53517.12,202.4433
2484,58015.78,140.0013
2485,90699.09,162.4676
2486,76925.67,142.4713
2487,27140.05,255.1198
2488,104480.4,275.1336
2489,81491.12,200.1185
2491,40719.95,147.4738
2492,42866.35,232.6415
2493,35939.16,127.4601
2494,14709.22,194.9581
2495,101534.0,210.1051
2496,28100.13,179.9476
2497,55888.81,154.9755
2498,24604.91,182.447
2499,8137.46,222.6281
2500,36643.74,137.4686
2501,24503.85,152.5104
2502,7332.51,162.4713
2503,14741.19,169.9447
2504,51673.68,162.4713
2505,29958.36,162.4827
2506,33929.5,182.4676
2507,5782.82,119.9568
2508,62989.06,162.447
2509,47245.51,182.4833
2510,35261.47,147.4601
2511,53116.06,159.9349
2512,32014.25,164.967
2513,18846.03,194.9663
2514,26639.43,240.1149
2515,17126.28,160.0013
2516,31155.68,242.6326
2517,17089.71,200.1323
2518,67354.4,149.9447
2520,31697.79,207.4754
2521,57549.87,172.4705
2522,14876.32,159.9656
2524,21028.18,255.1555
2525,901.21,179.9656
2526,71373.4,252.624
2527,90664.75,112.4551
2528,23553.75,184.9785
2529,25340.62,142.4689
2530,38566.88,255.1336
2532,39328.19,220.1323
2534,20773.28,162.447
2535,62362.09,137.4392
2536,34835.04,147.4421
2537,23000.55,184.9853
2539,20236.81,179.9656
2540,40019.17,127.4738
2541,28664.45,149.9378
2542,22793.73,207.4811
2543,20985.69,245.132
2544,10072.69,182.497
2545,20613.16,132.466
2546,56002.38,172.4579
2548,59010.69,242.6326
2549,46199.89,147.4783
2552,45016.56,222.6143
2553,50375.2,232.6415
2556,40826.44,147.4421
2557,25770.44,137.4698
2558,49535.29,199.9902
2560,63348.18,172.4705
2562,23481.88,184.9647
2563,20613.38,167.4564
2564,142650.5,245.1283
2566,31492.57,230.1051
2567,12652.67,139.9568
2568,19685.04,174.9768
2569,65315.4,137.4686
2570,42613.78,162.4833
2571,8414.55,179.9476
2572,4397.39,182.447
2573,27105.8,167.4564
2575,12188.82,152.466
2576,24625.37,162.4676
2577,7418.73,277.6513
2578,25696.67,194.9663
2579,26594.83,162.447
2580,24431.39,174.9768
2581,67833.88,142.5007
2582,39258.2,194.9744
2583,51872.86,217.4702
2584,41212.98,202.6362
2585,38585.6,167.4564
2586,20896.26,207.4974
2587,60239.95,162.4827
2588,47017.43,124.9781
2589,11250.31,240.1149
2590,70435.61,149.9447
2591,12861.54,139.9875
2592,40879.22,112.4551
2593,44462.77,104.9643
2597,61478.9,139.965
2598,81376.2,159.9656
2599,46435.57,140.0049
2600,40402.71,159.9794
2602,9336.09,207.4754
2603,28954.2,159.9349
2604,32952.41,202.65
2605,71113.67,124.9781
2606,46183.09,252.6378
2607,90253.73,162.447
2608,57292.08,124.9607
2609,42550.92,277.6375
2610,38411.45,232.6378
2611,51136.82,140.0049
2612,17595.76,159.9512
2616,54507.42,255.1417
2617,62656.2,129.9621
2618,41577.62,139.9349
2619,27520.03,202.65
2621,40835.59,172.4705
2624,47950.33,147.4421
2625,36470.53,114.9728
2627,20980.42,275.1336
2628,6315.61,255.1555
2629,6074.44,162.4713
2631,18377.18,137.4872
2632,128114.3,217.4702
2635,30462.45,164.967
2636,20382.46,197.484
2637,41658.22,137.4836
2638,35311.08,184.9647
2639,9961.23,124.9781
2640,43867.04,222.6143
2642,39377.62,142.5007
2643,77380.28,240.1149
2644,40628.46,164.9889
2645,29680.81,194.9768
2646,35023.76,137.4686
2647,14527.8,220.1185
2648,38936.96,182.4676
2649,30767.83,179.9476
2650,27832.64,134.9509
2652,7004.93,172.4885
2653,18129.29,149.9621
2654,6843.81,162.447
2655,49271.78,245.147
2656,52374.17,252.6378
2657,39603.42,159.9875
2658,138555.9,142.4827
2659,20246.17,184.9853
2660,18373.26,147.4421
2662,31246.25,132.4798
2664,77277.55,184.9647
2667,32982.82,127.4421
2668,13139.33,179.9794
2669,48293.12,202.65
2671,10487.07,252.624
2672,25280.79,127.4421
2673,58622.05,182.4433
2674,28051.07,195.0062
2675,70321.71,187.4847
2677,27290.36,159.9512
2678,60280.07,132.466
2680,23624.9,149.9483
2681,46431.14,194.9663
2682,58988.72,154.9618
2684,4480.29,127.4421
2685,57944.08,172.4555
2687,67090.95,147.4783
2689,75633.41,164.9785
2690,18944.96,172.4579
2691,8840.8,257.6549
2692,40316.05,184.967
2693,29693.07,147.4601
2695,18549.91,240.1149
2696,50263.94,174.9882
2697,18967.02,217.484
2698,57675.63,184.9797
2699,40279.05,169.9741
2701,48969.64,147.4421
2702,22041.71,149.9598
2703,25491.07,192.4705
2704,23705.5,152.4579
2705,16680.61,182.4653
2706,108960.7,159.9656
2710,68024.79,232.6415
2713,11132.31,194.9663
2715,18437.44,174.9755
2716,30615.01,169.9378
2718,22641.64,207.4811
2720,34970.28,162.4653
2721,19437.76,124.9643
2723,23089.13,159.965
2725,52581.07,194.9744
2726,38850.73,255.1336
2727,23117.3,117.4872
2728,5676.28,265.1283
2732,33541.35,192.4885
2733,23584.78,199.9902
2734,23841.62,147.4421
2736,30262.99,210.127
2737,31246.64,207.6094
2738,23454.98,232.6228
2739,28125.61,197.4945
2741,22540.94,127.4421
2742,21497.29,252.6378
2743,24700.6,152.466
2744,20319.77,232.6415
2745,46273.12,132.466
2746,34257.36,204.9634
2748,34162.04,230.1051
2749,66664.82,267.6647
2750,40411.35,222.65
2751,70844.17,169.9447
2752,105396.3,242.6143
2753,58049.87,172.4624
2754,32423.61,162.4653
2755,115440.4,149.9447
2756,9534.08,149.9915
2757,16895.6,172.4705
2758,23624.66,204.9797
2759,41221.83,157.4698
2760,13332.2,157.4698
2761,27065.38,217.4725
2763,34193.65,147.4564
2764,23676.96,149.9915
2765,5189.69,179.9476
2766,17430.05,192.4567
2767,80678.93,172.4579
2769,35453.68,119.9568
2770,25946.0,92.45514
2771,35334.17,197.4702
2772,15826.38,169.9741
2773,21603.64,164.9853
2774,51354.08,169.9378
2775,17993.91,172.4567
2776,25776.46,182.4433
2777,18914.81,127.4783
2781,27485.23,184.967
2782,73686.44,139.983
2784,45196.73,172.4579
2785,50520.8,227.4754
2786,29765.16,132.466
2787,18670.89,127.4601
2790,62480.22,152.4441
2791,12031.44,267.6647
2792,51380.67,172.4555
2793,29305.72,159.9875
2794,8716.91,182.447
2796,131511.8,172.4885
2798,16764.77,149.9741
2799,17263.54,265.147
2800,61325.92,117.4392
2802,108914.2,242.6281
2803,32202.44,202.6362
2804,68517.92,200.1185
2805,71588.69,210.127
2806,47120.5,124.9781
2807,14745.74,149.9928
2810,29321.34,265.1283
2811,21988.64,214.9525
2812,152131.7,162.4689
2817,97763.56,149.9778
2818,26735.83,137.4872
2820,7585.29,184.9797
2821,44055.54,230.1051
2822,17442.95,222.65
2824,92155.37,192.4404
2825,13638.96,142.4526
2826,14921.92,152.466
2827,69293.12,255.1555
2828,3004.46,172.4555
2830,47463.53,235.1591
2832,146951.6,172.4441
2833,23567.27,230.1051
2834,32526.64,184.9853
2835,9612.82,124.9781
2838,56186.38,164.967
2839,48327.1,174.9768
2840,38793.75,232.6228
2841,58157.76,169.9447
2842,23706.3,112.4551
2843,30493.16,220.1185
2844,37555.8,220.1149
2845,24322.78,152.4742
2846,68284.56,157.4698
2847,54067.41,225.132
2848,37185.6,164.9889
2851,145163.1,159.9794
2853,27803.88,204.9496
2855,43334.45,169.9447
2857,19366.57,212.6228
2858,56067.63,137.4836
2859,29044.8,204.9797
2860,105033.0,262.6106
2861,116453.0,129.9598
2862,63171.36,162.4538
2863,52931.37,152.4555
2864,35615.92,192.4885
2865,13002.99,139.9568
2867,71560.17,139.9512
2870,6402.95,149.9447
2871,45142.5,159.9349
2872,38759.29,192.4567
2874,45989.68,255.1336
2875,62894.22,92.45514
2876,56815.09,179.9476
2877,66357.52,147.4564
2878,89957.16,169.9447
2880,9856.89,137.4836
2881,14834.59,237.6549
2882,13210.96,137.4872
2884,107174.6,137.4686
2885,11923.86,137.4872
2888,60364.04,222.6362
2890,14973.52,174.9768
2891,9327.52,235.1417
2892,33504.33,184.9647
2893,44312.5,147.4421
2894,29125.59,174.9755
2895,34797.6,214.9663
2896,29268.79,147.4564
2898,54794.23,227.4754
2900,22137.33,152.4798
2901,32713.07,252.6378
2902,29090.38,182.4608
2903,13925.38,219.9902
2904,30454.69,107.482
2906,2439.79,149.9483
2908,19739.42,220.1185
2909,17241.1,217.4725
2910,36384.55,195.0062
2911,8168.76,159.9349
2912,122915.6,230.1051
2913,79117.6,92.45514
2914,36415.41,164.9647
2915,6528.33,199.9902
2917,26040.67,127.4958
2918,29604.72,182.4538
2919,29321.73,194.9699
2920,6548.73,167.4564
2921,13029.09,174.9581
2922,9443.65,127.4601
2923,39940.05,147.4564
2924,34293.99,177.4876
2925,20537.04,204.9797
2926,98436.93,219.9902
2927,34512.65,124.9607
2928,23241.01,194.9663
2929,28600.78,204.9634
2931,24271.95,194.9744
2932,10192.04,157.4836
2933,6932.32,245.147
2935,33172.33,174.9755
2936,16447.16,149.9621
2937,41899.29,212.6415
2938,43859.06,159.965
2939,9791.48,114.9728
2940,13656.87,192.4705
2942,23661.52,162.4608
2943,91022.36,159.983
2944,17670.66,222.6143
2945,34492.59,184.9797
2946,12530.16,169.9378
2947,55438.14,152.4742
2948,27450.8,245.1457
2949,1722.01,147.4783
2951,10121.11,242.6143
2952,15469.0,194.9744
2953,78059.33,197.4876
2955,104362.5,162.497
2956,22830.86,129.9778
2957,15240.37,124.9781
2958,59871.53,182.497
2960,33035.98,117.4686
2962,35404.27,172.5104
2964,49071.14,169.9378
2965,26019.32,127.4601
2966,70043.21,210.1051
2967,113641.2,182.4608
2968,25667.66,152.5104
2970,42972.18,139.9512
2971,46151.13,162.4608
2973,13230.67,149.9483
2974,55794.29,104.9781
2975,25877.54,124.9607
2977,119667.4,172.4742
2978,44420.18,124.9781
2979,13360.17,137.4836
2980,19990.91,182.4676
2981,50965.27,245.147
2983,96753.8,232.6415
2984,30207.09,207.6094
2985,45633.91,137.4836
2987,29782.39,265.147
2988,8249.6,112.4551
2989,18493.95,164.9889
2990,123891.9,174.9755
2991,16226.12,162.4538
2992,19427.81,265.1283
2993,117623.7,162.4653
2994,5317.94,159.9794
2995,8461.79,220.1149
2996,84399.36,152.4624
2998,51108.77,139.983
2999,66148.83,235.1372
3001,145569.5,174.9919
3003,48267.33,164.9853
3004,15864.7,242.6281
3005,37734.22,245.1457
3006,14433.56,255.1198
3007,89441.6,149.9915
3008,74252.79,169.9378
3009,43930.42,169.9928
3011,25979.07,117.4686
3012,34356.62,182.4653
3013,44779.1,255.1336
3014,103306.6,192.4567
3015,5505.74,174.9882
3018,96788.12,182.4653
3019,12100.28,124.9607
3021,10270.29,149.9621
3022,104539.2,104.9781
3023,26803.44,222.6362
3024,44900.84,262.6106
3025,67156.75,149.9598
3026,28738.5,200.1323
3027,63286.15,132.466
3028,32221.49,159.9512
3030,45594.27,162.4526
3031,72663.08,182.4433
3032,27157.3,184.9647
3033,43620.71,275.1336
3034,36149.29,232.6378
3035,17615.71,159.9349
3036,40599.16,172.4441
3037,38418.96,127.4783
3038,69960.26,222.6143
3039,43618.17,252.6378
3040,75452.77,217.4725
3041,43098.2,210.127
3042,35388.48,172.5104
3043,37993.51,212.6415
3046,27675.71,267.6427
3048,32745.98,137.4836
3049,41643.14,172.4885
3051,19508.33,124.9643
3052,40528.85,202.4433
3055,94836.83,257.6375
3056,65435.46,137.4698
3057,28593.48,159.965
3058,34127.24,164.967
3059,42517.98,245.1283
3060,61879.76,212.6228
3062,78712.17,152.4624
3063,33869.92,169.9447
3066,41550.85,202.4433
3067,34940.98,174.9919
3068,129628.7,200.1323
3070,72764.42,147.4783
3071,32017.56,162.4538
3072,11722.42,144.9607
3073,45888.26,162.4526
3074,14090.14,192.4567
3075,64315.91,222.65
3076,48178.83,149.9598
3077,22985.19,162.4676
3078,27187.1,152.4742
3079,13131.39,169.9378
3080,38867.93,172.4567
3081,54741.36,197.4725
3082,62709.94,159.9476
3083,53227.7,232.6228
3085,18946.77,149.9483
3086,27134.99,129.9621
3087,11711.93,140.0049
3088,6196.02,92.45514
3089,24130.48,267.6427
3090,26224.1,107.4958
3091,28588.01,162.4608
3092,28507.21,94.97283
3094,35801.05,204.9496
3095,26435.11,210.127
3097,69658.99,137.4872
3098,27549.98,182.4433
3099,35531.41,152.4624
3100,25114.38,192.4404
3101,29712.43,179.9794
3103,34502.38,187.6094
3105,23852.88,167.4564
3106,65905.06,124.9607
3107,80392.41,149.9378
3108,15539.98,187.6094
3109,37204.88,182.497
3110,75961.5,139.9512
3111,58668.34,162.4689
3112,47909.61,167.4564
3114,19734.93,159.9476
3115,7399.99,222.6143
3116,35061.97,129.9778
3117,14589.73,242.6106
3118,44039.11,172.4579
3119,29538.29,225.1457
3120,160589.2,129.9598
3121,36501.12,184.967
3122,35976.11,162.4689
3123,12234.1,204.961
3124,69885.69,132.466
3125,54010.14,245.147
3126,48487.99,220.1185
3127,44250.65,117.4686
3128,88400.03,222.6143
3129,59983.38,235.1591
3130,120286.2,184.9634
3131,48005.6,172.4555
3132,167566.6,147.4738
3133,22272.17,287.6427
3134,40760.02,245.147
3135,17373.47,255.1417
3137,47516.45,187.4974
3138,88294.82,222.6143
3140,44844.68,127.4783
3141,36899.75,210.1051
3142,39158.11,169.9741
3143,46677.89,139.965
3144,97020.52,120.0049
3146,117185.4,192.4885
3147,7396.95,152.4798
3148,99411.44,159.9794
3149,64204.39,172.4555
3150,9119.54,137.4836
3151,30891.62,127.4958
3152,63754.19,152.4798
3153,52174.46,197.4725
3154,39653.88,172.5104
3155,55755.9,137.4392
3156,11020.25,134.9509
3157,13631.29,287.6427
3158,22294.46,190.127
3159,8615.0,219.9902
3160,78517.82,240.1149
3161,80733.05,139.9568
3163,76990.4,172.5104
3164,9302.37,197.4725
3166,69237.04,129.9621
3167,26026.91,139.9568
3168,70138.08,187.4673
3170,21183.28,204.9797
3172,30511.85,197.4702
3174,13325.5,117.4392
3175,40668.61,204.9797
3176,1817.99,162.4833
3177,22626.98,137.4836
3178,31777.28,194.9663
3182,111779.6,139.9512
3183,14642.58,142.4827
3184,25891.09,204.9797
3185,5919.03,149.9598
3186,57025.5,139.9349
3187,32559.23,172.4885
3188,18088.6,182.4433
3189,7434.02,255.1336
3190,63832.69,149.9621
3191,24740.03,210.1051
3192,32733.34,177.4945
3193,9368.25,157.4836
3195,12565.71,182.447
3196,7657.12,149.9778
3197,40651.57,182.4433
3201,19228.48,232.6378
3202,36779.84,162.5007
3203,37089.25,204.961
3204,28065.13,112.4551
3206,21294.79,174.9919
3207,78317.51,162.497
3208,22667.79,139.9349
3209,66420.62,137.4836
3211,41877.51,144.9889
3214,15662.37,207.6094
3215,32643.06,159.965
3216,18025.26,149.9483
3217,38472.15,182.4433
3218,22517.47,212.6228
3219,14745.2,179.9656
3222,4631.67,232.624
3223,37535.82,192.4404
3225,12457.3,159.9512
3227,29161.81,144.9607
3228,71364.52,257.6513
3230,17625.52,124.9781
3231,98555.98,182.4538
3232,33482.23,139.9512
3233,19275.26,169.9928
3234,61913.12,159.9349
3236,38960.89,152.466
3239,48318.32,169.9447
3240,68325.35,194.9744
3241,43121.79,182.4653
3243,36209.68,147.4738
3245,77235.23,147.4564
3246,1443.24,214.9663
3247,80104.26,137.4872
3248,3174.98,197.4725
3249,9437.06,187.6094
3250,8698.92,222.65
3251,48448.03,277.6375
3252,18955.08,129.9621
3253,38487.58,124.9643
3254,24481.75,134.9509
3255,37715.18,159.965
3256,3514.8,154.9618
3259,4441.06,174.9755
3260,32964.42,184.967
3261,17202.87,174.9618
3262,26319.53,139.965
3263,71453.49,124.9607
3264,38594.93,267.6647
3265,11257.58,157.4698
3266,16749.24,214.9525
3267,53808.11,149.9915
3268,95843.1,164.9715
3269,36171.15,164.967
3270,34784.01,204.961
3271,43134.57,92.45514
3272,35168.77,207.6094
3273,17555.47,184.9715
3274,20179.28,187.4974
3275,29491.37,192.4705
3276,40453.58,129.9621
3278,24847.04,202.6362
3281,14413.03,207.6094
3282,79480.55,159.965
3283,90839.09,147.4421
3284,44641.21,172.4705
3285,10881.57,204.961
3286,6992.92,182.4608
3287,46369.85,159.9512
3288,24173.97,127.4601
3289,41158.63,92.45514
3290,32865.97,242.6281
3291,67295.09,194.9581
3292,80363.72,204.9634
3293,24322.13,147.4738
3295,54417.19,167.4564
3296,34545.05,184.967
3297,23753.54,92.45514
3301,25781.26,142.4713
3302,42546.5,172.4705
3303,23947.08,157.4836
3304,54416.48,147.4738
3305,16577.49,187.4811
3307,24077.35,232.6228
3308,11960.32,252.624
3309,110886.7,194.9768
3311,29217.49,265.147
3312,24005.64,265.147
3313,45094.63,179.9794
3314,16288.42,242.6143
3315,28911.74,230.1051
3316,30663.14,255.1372
3317,5183.35,114.9509
3318,49672.91,129.9598
3319,52314.19,104.9781
3321,14764.79,157.4698
3322,17822.29,240.1149
3323,62238.79,265.147
3324,3834.42,207.4754
3325,51224.64,172.4579
3326,34132.82,235.1417
3327,30533.59,104.9781
3328,44313.68,235.1417
3330,64916.19,149.9483
3331,28284.38,172.4705
3332,81902.07,182.4433
3337,20068.93,137.4686
3338,93936.05,232.6228
3339,13642.29,182.447
3340,72454.65,235.1417
3341,77001.42,174.9768
3342,89567.28,137.4698
3343,95261.66,139.965
3344,74297.66,104.9643
3345,48511.64,194.9663
3346,38577.14,235.1555
3347,58555.84,184.9496
3349,14937.87,104.9643
3350,43426.86,184.9785
3351,20652.62,275.1198
3353,35023.77,162.4526
3354,96431.37,162.4833
3355,71043.31,147.4421
3356,52728.01,147.4564
3357,47341.47,182.447
3358,6034.37,235.1555
3359,27694.81,127.4958
3360,16066.46,117.4392
3361,6508.31,124.9643
3364,37647.9,134.9509
3365,39434.88,275.1198
3366,19383.24,152.4798
3367,28581.48,104.9781
3368,11332.09,207.6094
3369,2260.89,210.127
3370,29224.99,104.9643
3372,37466.03,255.1417
3373,26986.49,127.4783
3374,23856.19,127.4421
3375,16333.38,182.4676
3376,16735.53,187.4847
3377,45571.68,255.1336
3379,29094.86,92.45514
3380,4803.08,164.967
3381,55492.69,134.9509
3382,18585.86,204.9634
3383,25057.85,245.1283
3384,74396.6,194.9663
3385,45840.55,117.4392
3386,25281.46,209.9931
3388,28936.68,120.0049
3389,40574.0,147.4601
3390,20110.67,169.9447
3391,16297.64,167.4564
3393,31020.23,230.1051
3395,53461.96,194.9699
3396,4769.63,242.6143
3397,159113.5,204.9634
3398,24650.49,127.4958
3399,53519.74,252.6378
3400,75680.04,149.9778
3402,42450.26,152.4624
3404,47190.38,237.6549
3405,17558.9,157.4836
3406,27196.91,149.9621
3410,10272.73,187.4974
3411,72962.35,179.9794
3413,44802.98,179.9794
3414,18238.62,139.9349
3416,39060.62,152.5104
3417,71445.14,220.1149
3418,35979.55,147.4564
3419,40493.15,174.9755
3420,23707.83,245.1457
3423,100685.6,137.4392
3424,15869.36,204.9797
3425,24979.03,270.1604
3426,41375.24,242.6281
3427,39999.89,192.4567
3428,31038.27,207.4974
3429,13616.82,247.6647
3430,54482.53,164.9853
3432,11204.06,142.4713
3433,34953.83,192.4705
3435,90696.33,164.9647
3436,57667.86,172.4567
3437,56215.68,124.9607
3438,27127.11,210.1051
3439,18347.88,157.4836
3440,5508.83,192.4705
3441,34538.89,162.4608
3442,28695.86,114.9728
3443,35876.08,127.4738
3444,72718.86,149.9621
3446,47800.15,149.9483
3447,22740.18,192.4404
3448,26939.34,149.9621
3450,33208.17,262.6106
3451,40386.0,212.6415
3452,41141.29,152.4798
3454,59694.68,245.1283
3456,17724.54,147.4564
3457,25209.97,172.4624
3458,58435.78,157.4698
3459,69335.71,207.4974
3461,25560.03,194.9768
3463,31719.35,162.4653
3465,44295.41,124.9607
3466,121055.6,262.6106
3467,60633.22,194.9699
3469,25588.69,149.9598
3470,59610.65,162.4526
3473,42496.34,129.9621
3475,1616.02,214.9663
3476,21225.8,204.961
3477,11673.7,184.9853
3478,80780.17,222.6143
3480,62026.58,147.4601
3482,32386.97,187.4811
3484,43810.04,204.9634
3485,61174.45,162.447
3486,22418.92,240.1149
3487,11047.8,127.4783
3488,26817.82,159.9476
3489,25182.77,127.4601
3490,149959.8,114.9728
3491,91355.72,202.4433
3492,16288.49,174.9882
3493,15953.2,179.9476
3494,22413.89,127.4783
3495,28090.98,172.4742
3498,13308.45,147.4738
3499,13961.97,149.9483
3500,33601.53,127.4738
3501,26071.16,200.1323
3502,37556.53,159.9794
3503,6484.19,169.9928
3504,55038.41,124.9781
3505,5549.06,137.4686
3506,20755.11,114.9728
3508,17165.11,169.9928
3509,13808.1,179.9476
3510,4048.78,242.6143
3511,39335.12,182.4653
3512,97691.33,137.4872
3514,20071.49,147.4601
3515,20297.39,139.9349
3516,142086.1,179.9656
3517,42555.36,114.9509
3518,71843.2,152.4579
3520,27655.18,149.9447
3521,61325.92,240.1149
3522,23360.41,112.4551
3523,10331.03,147.4783
3524,67893.56,192.4705
3525,11731.88,124.9781
3526,39369.75,182.4538
3527,24813.82,232.6228
3529,38862.22,179.9476
3530,51970.63,119.9568
3531,85194.69,127.4421
3532,31746.59,139.9349
3533,37585.88,245.1283
3534,1109.71,174.9744
3535,79280.36,172.4441
3536,28384.6,184.9785
3537,103112.3,184.9496
3538,28758.05,247.6647
3539,98660.88,167.4564
3540,4647.27,194.9699
3541,4247.27,147.4738
3542,36032.27,127.4421
3543,24352.1,220.1323
3544,87583.09,162.497
3545,32719.05,159.9512
3546,45652.37,139.9568
3547,28965.11,120.0049
3548,18071.91,129.9621
3549,57982.69,255.1555
3551,13474.86,207.6094
3552,6574.26,177.4945
3553,49074.95,207.6094
3554,42118.19,232.6415
3555,125660.1,220.1149
3556,64478.9,127.4783
3557,84147.24,127.4958
3558,24395.37,149.9741
3559,86105.44,169.9447
3560,138122.3,192.4404
3561,32710.04,235.1417
3562,33413.26,92.45514
3564,108287.6,172.5104
3565,57341.94,154.9755
3566,22358.24,192.4885
3567,10280.98,214.9525
3568,90112.25,184.961
3569,20471.67,217.484
3572,77348.17,137.4698
3573,25600.39,152.4555
3574,63127.05,187.6094
3575,31393.24,127.4601
3577,44776.03,197.4945
3578,15584.37,220.1185
3579,29334.74,157.4698
3580,27783.12,194.9699
3582,7582.93,172.4555
3584,5391.05,142.4689
3585,32617.88,187.4673
3586,51544.62,175.0062
3588,43656.7,112.4551
3589,38742.66,214.9663
3591,33917.44,149.9598
3592,35820.71,182.4833
3593,48079.33,182.497
3594,14910.59,149.9621
3595,22872.65,124.9781
3598,35764.01,255.1555
3600,25103.37,149.9598
3601,125769.6,172.4567
3602,3492.34,265.1283
3603,23460.04,149.9928
3604,31889.03,119.9568
3605,30213.21,137.4392
3606,5269.25,117.4686
3607,18846.09,220.1323
3608,50538.21,149.9447
3609,18247.04,179.9656
3610,67258.0,192.4885
3611,63089.7,222.65
3612,66315.62,132.466
3613,44238.22,162.4526
3614,46451.52,149.9447
3615,26074.94,232.6415
3616,28367.56,139.9568
3617,64727.28,104.9643
3619,50015.49,200.1323
3620,32185.18,184.9853
3621,16494.19,137.4686
3623,26072.74,152.4624
3626,35924.8,149.9741
3627,35693.42,144.9607
3629,27579.75,212.6415
3630,28020.92,139.9875
3631,43471.21,235.1555
3632,48188.1,159.965
3634,54411.48,152.4742
3635,30261.27,137.4392
3637,15137.08,179.9476
3638,27953.84,204.9797
3640,24008.52,179.9794
3641,24799.72,137.4872
3643,47854.43,162.4713
3644,22879.56,149.9378
3645,12002.38,117.4392
3646,17878.4,147.4738
3648,21061.0,162.4689
3650,7401.68,152.4579
3651,15012.17,147.4783
3652,5875.82,157.4836
3653,12382.36,107.4958
3654,29702.84,120.0049
3656,39983.19,140.0049
3657,12174.49,159.9794
3658,17570.65,169.9928
3661,152972.9,164.9715
3663,30433.22,162.4833
3664,30034.37,182.497
3665,55271.5,147.4601
3668,31991.43,137.4686
3669,10085.48,142.5007
3672,20454.49,117.4392
3673,18911.92,149.9598
3676,21741.59,117.4686
3677,35306.17,169.9378
3678,30933.38,204.9634
3679,14917.11,127.4783
3681,33377.2,172.4441
3682,46339.12,162.4653
3684,19384.87,149.9621
3685,56728.64,182.4608
3686,30113.06,169.9741
3687,24654.14,137.4872
3688,34620.48,172.4624
3689,17176.57,182.497
3691,41250.17,182.447
3692,26175.98,139.9512
3695,48268.53,152.4742
3697,10124.99,127.4421
3698,8058.36,174.9699
3700,31693.07,182.4433
3701,69455.07,162.4676
3702,42568.16,195.0062
3703,85352.98,255.1336
3704,10773.24,104.9781
3705,60834.36,142.5007
3706,25009.73,162.4827
3708,61022.41,147.4601
3709,17116.5,152.4441
3711,45150.63,119.9568
3712,7141.05,164.9889
3713,36983.01,162.4833
3714,84067.95,192.4567
3715,25338.56,149.9447
3717,1987.78,139.965
3718,12050.23,104.9781
3719,20318.27,112.4551
3721,35738.68,194.9699
3722,62575.22,142.4689
3723,19168.31,227.4754
3725,55120.82,172.4705
3726,94629.64,127.4738
3727,40870.51,149.9378
3728,21549.44,112.4551
3729,33565.09,182.4608
3730,13813.36,174.9744
3731,28894.68,162.4713
3732,59919.2,159.983
3733,55714.69,207.4811
3734,59346.15,204.9634
3736,20592.92,182.4538
3737,25857.74,147.4601
3738,8528.16,160.0013
3739,36616.04,207.6094
3740,68426.04,257.6513
3741,77751.56,252.624
3742,74229.42,204.961
3743,32902.71,147.4601
3744,147682.0,162.4676
3745,114160.2,174.9581
3746,15905.44,287.6427
3747,39804.48,257.6549
3748,40512.96,172.4624
3749,9708.23,222.6326
3750,38186.34,117.4392
3751,96898.83,169.9447
3752,16964.77,159.9512
3754,31997.45,119.9568
3755,11529.46,169.9928
3757,9030.67,114.9509
3758,10762.84,192.4885
3759,7382.53,127.4738
3761,73952.76,182.4676
3762,16514.35,174.9882
3763,14759.93,162.4608
3764,14666.27,184.9634
3765,12191.65,169.9378
3766,23838.68,192.4705
3767,26775.75,107.482
3768,5660.44,142.4713
3769,64905.5,242.6106
3770,31192.93,290.1604
3771,28158.14,194.9768
3772,9467.94,162.4653
3773,29614.14,194.9663
3774,20532.13,222.6281
3775,43579.88,252.6378
3777,50525.8,142.4526
3778,40758.81,159.9875
3779,26317.3,245.1283
3780,17942.27,212.6415
3781,59065.06,182.4608
3782,172372.2,124.9607
3783,11989.65,207.4754
3785,13760.2,257.6549
3786,97088.5,169.9928
3787,63208.86,245.1457
3790,40982.78,245.132
3791,29693.06,190.127
3792,105302.4,149.9378
3793,7016.66,157.4836
3794,94926.96,222.65
3795,24989.2,217.4702
3796,34547.55,159.9794
3798,131265.4,287.6427
3799,90486.0,169.9741
3800,46336.84,159.9875
3801,23660.53,139.9512
3802,27942.44,169.9447
3803,57260.25,184.9785
3804,12181.61,192.4404
3806,50653.9,149.9778
3808,80948.63,194.9525
3809,78118.48,174.9919
3810,128906.6,192.4404
3811,12259.5,124.9643
3814,33371.16,255.1417
3815,24940.42,207.4754
3816,53627.3,225.1457
3820,38734.57,162.4526
3821,77124.99,152.4579
3822,38202.86,117.4392
3823,51404.81,207.4811
3824,38178.91,137.4392
3825,33561.56,124.9607
3827,16230.41,149.9447
3828,25532.43,117.4392
3829,9204.72,127.4738
3830,31776.75,169.9447
3831,14908.11,197.484
3832,17397.3,162.4833
3833,8936.02,257.6549
3834,60581.95,162.4827
3835,37494.5,197.484
3837,45904.79,157.4698
3838,7920.44,242.6106
3839,78568.26,112.4551
3840,39163.8,195.0062
3843,70822.64,240.1149
3844,33347.6,192.4404
3845,138723.0,212.6415
3846,26987.5,147.4564
3847,28053.3,107.4958
3850,72791.51,179.9656
3851,36269.92,232.6228
3852,104166.7,142.4713
3853,54288.64,252.624
3854,21405.99,169.9928
3855,57641.23,197.4945
3856,57667.78,192.4404
3857,14746.24,94.97283
3859,48176.26,117.4392
3860,8519.2,192.4705
3861,54406.78,242.6326
3862,16156.43,210.1051
3863,16383.33,220.1185
3864,30772.72,169.9741
3865,13162.55,147.4421
3867,76763.34,139.9875
3868,11414.65,92.45514
3869,128728.3,275.1198
3870,36227.83,124.9607
3871,21909.54,112.4551
3872,23599.71,159.9349
3873,41467.24,182.497
3874,4196.99,147.4421
3875,102089.7,242.6143
3876,28902.72,147.4738
3877,23102.45,129.9483
3878,34945.56,214.9663
3879,22118.1,255.1417
3880,33861.89,242.6143
3881,41481.81,124.9643
3883,30783.19,197.4725
3884,29559.75,267.6647
3885,13233.4,204.961
3886,60135.44,204.9634
3888,13597.74,194.9699
3889,68443.57,187.6094
3890,33013.26,132.466
3891,19184.88,147.4738
3894,28814.47,137.4836
3895,49497.16,169.9447
3896,5986.91,142.4526
3897,17264.79,104.9643
3898,68469.87,184.9797
3900,13900.27,140.0013
3901,44877.7,127.4738
3902,57182.71,160.0013
3904,93343.17,169.9447
3905,13626.49,152.4579
3906,19029.8,157.4836
3907,22021.4,194.9744
3908,20611.13,179.9794
3909,49150.41,214.9663
3910,68622.59,129.9621
3911,32464.51,255.1417
3912,100860.9,154.9755
3914,49527.05,230.1051
3918,16585.68,162.4676
3919,32524.56,207.4811
3920,74249.58,184.9496
3923,101628.9,184.9785
3924,60781.41,154.9755
3925,5831.16,194.9699
3926,16990.72,257.6549
3928,85485.94,202.4433
3929,73794.78,124.9643
3930,15278.16,197.4945
3933,42008.27,120.0049
3934,56427.16,162.4608
3935,48131.25,202.4433
3936,32869.26,157.4698
3937,34638.98,207.6094
3938,11611.46,222.65
3939,6228.97,174.9882
3940,12501.26,252.624
3941,34404.66,200.1323
3942,55521.06,242.6326
3944,87147.55,204.9634
3945,17667.81,252.6378
3947,68509.1,139.983
3948,45530.8,127.4601
3949,7162.12,112.4551
3950,62968.8,187.4673
3952,60325.3,222.6143
3953,166553.1,142.4689
3955,58974.46,207.6094
3957,72367.44,159.9794
3959,26493.5,172.4579
3960,55556.96,245.147
3961,44172.66,147.4421
3962,59861.32,104.9781
3963,20638.11,164.9715
3965,14540.8,200.1323
3966,28665.69,235.1591
3967,24485.6,235.1591
3968,25220.46,154.9618
3969,10204.37,129.9598
3971,65782.7,242.6106
3972,29973.85,222.65
3973,50562.37,152.4742
3974,18070.29,152.4555
3975,26943.66,287.6427
3976,72504.63,220.1185
3977,78193.51,129.9483
3978,16859.67,139.9568
3979,5864.01,127.4421
3980,42998.95,144.9607
3982,15534.13,182.4676
3983,67376.63,179.9794
3987,25832.88,169.9447
3988,16720.22,265.147
3989,116396.5,207.4811
3990,64868.33,117.4872
3991,22227.6,159.9794
3992,77013.22,184.9634
3993,30328.46,147.4421
3994,39124.98,139.965
3996,13424.34,172.4705
3997,23263.37,149.9621
3998,49705.64,169.9378
3999,71323.38,207.6094
4000,42761.9,194.9744
4002,28900.31,147.4783
4003,12261.86,149.9621
4004,21896.48,172.4624
4008,129473.6,232.6228
4009,7019.0,149.9778
4010,41192.07,227.4754
4011,19839.57,129.9483
4012,40129.49,187.6094
4013,43660.04,184.9634
4014,29715.31,194.9663
4015,42046.1,162.4713
4016,12265.71,169.9741
4017,81116.37,159.983
4018,53936.98,194.9663
4019,43187.75,162.447
4020,52230.66,172.4885
4021,56176.47,127.4783
4022,34304.39,182.4676
4023,20770.05,129.9621
4024,21302.51,159.9794
4025,34235.37,92.45514
4026,6908.55,184.9496
4027,56188.74,227.4754
4028,1779.33,184.9785
4029,11607.82,139.9349
4030,89377.1,169.9378
4033,39855.47,169.9447
4034,47053.09,124.9781
4035,55691.37,152.466
4036,8435.92,149.9621
4037,61970.01,117.4686
4038,51518.48,172.4705
4039,54101.82,167.4847
4040,28468.2,182.4538
4042,31936.02,184.967
4044,57786.83,182.4676
4045,76658.88,192.4404
4046,2477.91,147.4738
4049,35337.11,174.9882
4050,30928.21,137.4392
4051,29210.9,182.447
4052,149968.0,275.1336
4053,9399.04,172.4555
4054,16970.75,265.1283
4055,45395.08,270.1604
4057,26699.84,114.9509
4058,49081.51,212.6415
4060,61510.96,149.9378
4061,126678.4,194.9581
4063,24844.03,154.9755
4064,58887.16,265.1283
4065,57265.89,242.6326
4067,3360.57,262.6106
4068,21018.6,187.6094
4069,27147.53,182.4433
4070,55025.02,257.6513
4071,88400.34,152.5104
4072,4464.62,147.4738
4073,13715.57,174.9581
4074,119318.8,174.9581
4075,16905.12,197.484
4076,68836.22,220.1149
4077,85712.06,217.484
4079,27249.39,207.6094
4080,37622.41,194.9768
4081,23406.73,169.9378
4082,20655.49,162.4608
4083,91961.79,147.4564
4084,17423.53,159.9476
4085,34597.28,149.9447
4086,46745.03,277.6513
4088,43184.08,129.9598
4089,49614.23,137.4698
4090,17736.57,159.965
4091,50390.91,169.9928
4092,11247.62,172.4624
4093,14828.39,162.4653
4094,86449.72,112.4551
4095,8705.79,192.4404
4096,20724.48,172.4742
4097,40643.06,137.4392
4099,27967.87,182.4676
4100,39176.98,245.1457
4101,9713.69,222.6281
4103,18073.63,192.4705
4104,27492.15,159.965
4105,17931.97,255.1198
4106,23618.18,245.132
4107,14790.79,92.45514
4108,4289.84,182.447
4109,11555.49,207.4673
4110,20646.5,162.4676
4112,43528.14,182.497
4116,7324.74,139.9349
4117,6650.96,202.4433
4119,55127.57,149.9447
4120,55736.72,147.4738
4123,9693.38,235.1555
4124,19745.98,127.4421
4126,31654.75,142.5007
4127,15719.1,172.4567
4128,102072.0,212.6415
4129,124493.2,172.4404
4130,40877.0,240.1149
4131,17217.29,222.6281
4132,7041.99,129.9598
4133,15666.43,149.9447
4134,48167.78,142.4827
4137,28683.49,144.9607
4138,111143.1,240.1149
4139,42739.62,179.9476
4140,22986.69,162.4608
4142,28963.75,137.4392
4143,12211.88,172.4441
4144,82481.35,137.4392
4147,13836.46,104.9643
4148,91563.15,127.4421
4149,61117.27,127.4958
4150,14656.97,127.4783
4151,81945.11,192.4885
4152,47066.46,127.4958
4153,17786.67,147.4421
4154,22447.98,182.4676
4156,18370.06,140.0013
4159,125288.6,172.4742
4160,47792.78,182.4538
4161,70094.06,92.45514
4162,43447.28,220.1323
4163,21308.46,114.9509
4164,12547.26,184.9496
4166,25502.9,124.9607
4169,938.81,182.4676
4170,51755.55,124.9607
4171,23042.88,124.9643
4174,17275.92,129.9621
4175,44106.66,124.9607
4176,29556.6,169.9741
4179,11109.83,207.6094
4180,86060.95,222.6281
4181,60646.06,152.4798
4183,49626.73,174.9699
4184,62383.84,169.9378
4185,52312.84,240.1149
4186,32125.5,169.9378
4187,50730.53,182.447
4188,24641.27,182.4653
4189,29303.95,174.9581
4190,12711.69,197.484
4191,28799.35,162.4676
4192,100585.1,137.4836
4193,68697.59,200.1185
4195,77706.42,265.147
4196,26393.26,240.1149
4197,26053.32,204.9797
4198,28423.59,132.4798
4199,3168.14,169.9378
4201,2246.27,164.9785
4202,46328.01,137.4836
4203,35207.0,207.6094
4204,47915.97,119.9568
4205,11121.39,267.6427
4206,39149.61,124.9781
4207,12114.71,139.965
4208,107570.9,235.1417
4209,25598.66,184.9496
4210,25223.93,240.1149
4211,31574.68,184.9496
4212,33406.38,164.967
4213,12155.81,149.9915
4214,25939.02,149.9598
4215,18774.29,194.9663
4216,55241.85,174.9919
4218,39034.91,149.9621
4220,31817.36,149.9778
4222,48206.11,204.9634
4223,54715.58,232.6228
4226,10048.03,152.466
4227,37252.55,179.9476
4228,8330.58,287.6427
4229,60909.21,179.9794
4231,55801.79,129.9915
4232,36057.73,179.9476
4233,86274.26,242.6281
4234,33554.09,174.9699
4235,31150.04,179.9476
4237,47991.88,184.961
4238,21152.89,162.4653
4240,16320.7,182.4653
4241,16374.21,149.9621
4243,9479.49,147.4738
4244,86019.75,184.9496
4245,8122.26,169.9447
4246,19211.13,172.4404
4247,29711.39,162.4653
4248,9954.05,162.4608
4249,258900.7,232.6415
4250,105969.1,179.9656
4251,25227.46,200.1323
4252,60866.81,214.9525
4253,70716.07,159.9794
4255,41302.92,235.1591
4256,15610.48,149.9621
4259,122756.3,92.45514
4261,63033.65,222.6326
4262,9683.56,139.9568
4265,31355.16,159.9476
4266,22552.58,172.4441
4267,67600.28,217.4725
4269,90633.74,240.1149
4270,47989.95,182.4653
4271,4308.47,207.6094
4272,13386.4,222.6281
4273,23757.46,182.4433
4274,29311.58,219.9902
4275,70250.39,157.4698
4276,23638.05,242.6143
4277,84681.03,212.6415
4279,32855.22,137.4872
4280,84478.95,144.9607
4282,51814.85,124.9607
4283,76134.13,174.9882
4285,58516.37,265.147
4286,45122.17,182.4538
4288,14725.39,175.0062
4289,37261.82,159.9349
4290,44060.25,220.1185
4291,17995.63,200.1185
4292,72462.36,242.6106
4293,6827.15,142.5007
4295,41973.28,137.4392
4296,17429.01,169.9378
4297,13722.37,184.9853
4299,11222.72,164.9889
4301,49718.59,182.4608
4302,29622.06,174.9755
4303,37251.6,187.6094
4304,61571.39,127.4421
4305,10744.48,187.6094
4306,33654.79,152.4555
4308,13226.92,277.6513
4310,54315.92,137.4698
4311,31063.83,255.1555
4312,13470.92,149.9778
4313,114390.3,257.6513
4315,66409.47,159.965
4316,82955.59,107.4958
4317,41557.24,147.4738
4318,15762.73,235.1417
4319,54883.0,112.4551
4322,46472.71,199.9902
4324,47866.24,230.1051
4325,47862.33,162.4608
4327,2781.14,207.4974
4328,10325.85,252.6378
4329,58142.74,159.965
4330,26965.24,184.9785
4331,22380.45,210.127
4333,12845.65,149.9621
4334,54174.87,139.965
4335,38877.66,162.4833
4336,96925.17,139.9875
4339,65564.74,230.1051
4340,40034.32,149.9621
4344,16314.59,127.4601
4345,18620.8,139.965
4346,44526.16,164.9785
4348,38363.26,164.9715
4349,57119.13,124.9781
4350,45125.98,215.1591
4351,24050.09,232.624
4352,20489.38,107.4958
4353,18014.85,157.4836
4354,36377.21,277.6513
4355,11737.67,222.65
4357,21902.4,127.482
4358,20223.8,182.4538
4359,63155.68,172.4705
4360,26048.51,230.1051
4361,8568.21,184.9853
4362,25590.46,194.9744
4363,4025.77,267.6647
4364,48360.48,265.147
4365,44309.72,187.4673
4366,60010.8,164.9853
4367,89882.52,242.6143
4368,86374.11,194.9699
4369,34260.52,230.1051
4370,27361.04,159.9476
4371,76126.58,255.1555
4372,31680.85,215.1591
4375,134838.8,200.1323
4376,33471.07,197.4702
4377,40869.93,267.6647
4380,16711.49,200.1185
4381,49993.51,147.4783
4382,29539.51,157.4836
4383,45243.63,207.6094
4384,15160.7,187.4673
4386,34590.21,139.965
4387,1193.66,207.4811
4389,38056.65,167.4847
4390,48432.85,194.9663
4391,57992.91,235.1591
4392,74373.82,192.4885
4393,79402.83,235.1591
4394,30421.01,159.9512
4395,66698.79,222.6281
4396,18275.19,164.9715
4398,45874.19,182.4433
4399,6327.17,147.4738
4400,76765.17,159.9512
4401,28326.47,134.9509
4402,42506.46,179.9476
4403,8874.14,179.9794
4404,17844.64,222.6326
4405,34923.5,207.4811
4406,156571.0,124.9781
4407,29101.96,159.9512
4408,57578.24,179.9476
4410,18970.04,169.9447
4411,37947.15,149.9928
4412,88219.46,94.97283
4413,39719.11,157.4698
4415,42529.4,149.9915
4417,14345.87,159.9349
4420,41079.27,117.4392
4421,8995.08,255.1555
4424,5678.51,139.9349
4425,15876.36,119.9568
4426,35665.19,179.9476
4427,2772.21,220.1323
4428,9121.25,235.1591
4429,22041.68,154.9618
4431,35553.18,107.482
4433,28522.56,169.9447
4434,8641.78,184.9496
4435,38737.86,172.4441
4436,38294.57,164.9853
4437,10046.87,194.9744
4438,23693.41,172.4705
4439,61617.28,182.4833
4440,26577.44,192.4404
4444,19623.2,167.4564
4445,23188.83,159.965
4446,15377.23,162.4653
4447,56868.44,222.65
4448,23813.32,222.6281
4449,32383.92,162.4689
4450,5570.57,152.4742
4451,47890.17,147.4564
4452,58187.04,114.9509
4453,14301.62,114.9509
4455,25130.75,197.4876
4456,25947.16,117.4392
4457,71686.32,124.9643
4458,14912.08,225.1457
4459,45856.05,147.4564
4460,8894.87,124.9607
4462,37029.52,215.1591
4463,28823.65,225.1457
4464,98176.66,154.9919
4466,41931.72,214.9525
4467,20057.8,222.6326
4468,110960.3,137.4392
4469,33338.52,149.9621
4470,1405.18,152.4742
4471,67129.6,149.9915
4472,143794.0,184.967
4474,32253.23,197.484
4475,100785.5,159.9476
4476,21395.1,124.9781
4477,22922.41,139.9568
4478,7588.08,182.4538
4479,57737.27,275.1336
4480,35194.3,149.9621
4482,14146.51,92.45514
4483,14821.76,152.4798
4485,39382.66,240.1149
4486,93909.59,202.4433
4487,14738.27,182.4676
4488,83027.06,194.9744
4489,25700.68,270.1604
4490,18148.08,235.1555
4491,8457.83,139.983
4492,29924.06,119.9568
4494,13556.67,232.6415
4495,45091.73,144.9607
4496,55861.93,212.6415
4497,13133.15,139.9875
4498,16966.71,117.4392
4499,54507.76,172.5104
4500,30502.48,192.4404
4501,17739.09,194.9663
4502,348.67,202.6362
4503,70656.34,182.497
4504,30661.99,172.4441
4506,114401.9,167.4847
4507,9447.9,129.9483
4508,25990.9,147.4421
4509,22492.61,139.9349
4510,23346.19,117.4392
4513,30351.92,107.482
4514,22290.4,257.6375
4515,21768.05,174.9755
4516,17072.33,184.9647
4517,61921.5,132.466
4518,15625.86,94.97283
4520,118179.2,182.4676
4522,72453.23,214.9663
4523,23660.82,214.9525
4524,12526.34,129.9483
4525,79125.31,147.4564
4526,15840.4,154.9755
4527,13366.53,204.9634
4528,48364.58,127.4421
4529,94353.42,129.9778
4530,66249.33,149.9447
4531,35831.39,142.4526
4532,93402.26,232.624
4534,10992.6,112.4551
4536,42889.58,144.9607
4537,12204.42,192.4567
4540,22935.18,92.45514
4541,21579.33,257.6549
4542,26811.22,225.1457
4544,3598.04,184.9496
4545,69497.03,149.9778
4546,41207.42,162.4538
4547,14825.22,174.9699
4548,22142.61,184.9715
4549,69833.88,182.447
4550,60288.26,149.9447
4552,12224.95,157.4836
4556,64963.05,127.4601
4557,48170.55,129.9598
4558,23918.86,152.466
4559,33281.77,162.4608
4561,71503.36,237.6549
4562,7257.49,167.4564
4563,21092.07,232.6415
4564,68629.48,179.9794
4565,59242.86,257.6513
4566,48114.78,159.9476
4568,8328.28,169.9447
4569,48219.15,194.9525
4570,10607.43,232.624
4572,66156.08,162.4538
4573,23334.38,169.9447
4574,69183.29,255.1198
4576,37461.63,262.6106
4577,42139.77,172.4441
4578,16197.52,197.4876
4582,50998.43,184.9496
4584,41637.08,172.4624
4585,81068.69,139.9568
4586,40120.86,114.9509
4588,11943.45,232.6415
4589,38916.4,184.967
4590,42780.53,174.9744
4591,48911.65,202.65
4592,79890.24,200.1323
4593,24929.75,144.9607
4594,58884.99,104.9643
4595,48618.33,182.4608
4596,23367.98,114.9509
4597,27558.14,144.9607
4598,46381.14,174.9755
4599,54862.38,159.9349
4601,84113.15,129.9483
4603,69433.42,160.0013
4604,82130.46,149.9378
4605,59532.16,182.4676
4606,23080.06,187.4847
4607,52137.85,92.45514
4608,56315.69,139.9349
4609,15091.63,144.9889
4610,14541.24,184.9715
4612,116628.8,159.9875
4614,54864.24,214.9663
4615,51379.67,240.1149
4617,42452.02,172.4441
4619,15200.71,127.4421
4620,23583.59,194.9882
4621,43148.68,124.9643
4622,7500.54,137.4836
4623,3717.97,222.6143
4625,54929.43,192.4705
4626,25692.2,220.1149
4627,1055.12,124.9781
4628,28643.72,199.9902
4629,18232.01,179.9476
4630,36545.88,117.4686
4631,61034.25,124.9781
4633,27152.87,159.9349
4634,32854.92,187.6094
4635,20545.0,220.1323
4636,33029.84,207.4754
4639,30638.08,194.9581
4641,44087.97,152.466
4643,32005.71,124.9607
4644,42123.52,255.1336
4645,46766.41,159.9349
4646,12363.22,245.1283
4647,9225.43,147.4421
4648,25303.83,207.6094
4651,133161.6,159.9476
4654,24528.06,242.6281
4655,25707.64,179.9476
4656,50135.13,207.6094
4657,62214.19,182.4608
4658,7377.09,192.4705
4659,32032.54,139.9875
4660,23761.42,184.9496
4661,57660.95,117.4392
4662,12975.69,127.4738
4663,24570.19,162.4538
4665,13744.26,172.4624
4667,75524.57,179.9476
4668,22361.08,200.1185
4670,16787.14,159.9656
4672,40437.45,167.4564
4673,34489.63,172.4567
4674,29448.24,235.1372
4675,32910.92,114.9728
4676,8148.12,270.1604
4677,63574.11,235.1591
4678,47347.97,252.6378
4680,40598.75,242.6106
4684,31168.17,267.6647
4686,21336.57,152.4555
4689,2606.74,164.9853
4690,9694.63,134.9509
4691,18927.94,190.127
4692,29360.19,164.9889
4693,44031.24,94.97283
4694,19315.16,124.9643
4695,32498.09,124.9643
4696,41918.85,242.6143
4697,68851.11,159.9349
4698,29749.39,255.1555
4699,67585.42,222.65
4700,52866.31,277.6513
4701,82673.37,149.9598
4702,38159.22,225.1457
4703,42693.35,235.1417
4704,82818.2,217.484
4705,21594.76,184.9853
4706,10949.55,167.4564
4707,64951.03,167.4564
4708,36500.99,104.9781
4709,44969.31,187.4974
4710,68023.12,172.4885
4711,9626.88,204.9797
4712,13773.86,162.4689
4713,20358.54,154.9618
4714,39839.69,182.447
4715,28008.97,114.9728
4716,84637.15,194.9744
4717,59958.03,172.4624
4718,32331.8,182.4608
4719,21580.42,242.6281
4720,21810.7,217.484
4721,18513.69,207.4974
4722,32753.3,124.9781
4723,15037.18,172.4705
4724,38532.04,152.4624
4725,44241.07,132.466
4726,64075.52,197.4945
4728,49425.3,182.447
4729,79152.4,240.1149
4730,40368.33,152.4441
4731,24164.69,159.983
4732,43643.67,242.6106
4733,951.96,182.4833
4734,4524.96,112.4551
4736,48571.22,222.6281
4738,41327.38,179.9794
4740,73225.47,257.6375
4741,52810.57,190.127
4742,12187.37,120.0049
4744,53187.32,179.9656
4746,46775.2,129.9915
4747,19746.8,137.4872
4748,12854.97,134.9509
4749,14277.26,107.482
4751,19271.85,144.9607
4752,22257.83,152.4441
4753,19620.4,207.6094
4754,14377.15,182.4433
4755,4004.2,207.4754
4756,60598.33,114.9509
4757,20637.36,217.4702
4758,7677.29,207.6094
4759,26097.52,207.6094
4760,29174.41,149.9621
4761,14612.3,184.9785
4762,7882.5,192.4705
4763,37680.14,184.9715
4764,31749.22,134.9509
4766,93748.65,220.1185
4767,30255.22,252.6378
4768,32228.53,187.6094
4773,74084.32,204.9496
4774,33652.0,139.983
4775,17528.05,149.9378
4776,58992.27,242.6106
4777,31036.82,194.9882
4778,41971.12,149.9621
4779,36514.93,127.4958
4780,5406.51,200.1185
4781,44202.8,159.9476
4782,36991.79,179.9794
4783,23803.0,204.9634
4784,37577.46,245.147
4785,32555.42,174.9744
4786,38869.47,270.1604
4787,2904.8,245.147
4788,78090.5,152.4742
4789,23935.48,152.5104
4790,56792.26,162.4538
4791,44499.17,194.9663
4792,10979.8,204.961
4793,31096.42,162.4676
4795,50335.96,215.1591
4797,33572.8,164.967
4798,60326.6,129.9621
4799,5540.89,202.4433
4800,29379.05,137.4686
4801,76333.6,172.4705
4802,14676.6,235.1372
4804,42839.99,207.4811
4805,77598.76,214.9525
4806,26278.72,194.9699
4807,20954.8,220.1323
4808,10331.34,139.9875
4809,24090.59,159.9349
4810,29125.57,104.9643
4811,39053.35,230.1051
4812,11423.37,200.1323
4813,33426.12,114.9509
4814,24927.42,147.4783
4815,19536.56,174.9581
4816,43797.53,174.9768
4817,35409.41,154.9919
4818,41444.72,167.4847
4819,20474.19,197.4702
4820,2335.14,194.9768
4821,33004.0,184.9634
4822,71806.84,220.1185
4823,68987.09,149.9778
4824,7410.71,179.9656
4825,29998.04,169.9378
4826,40948.07,230.1051
4827,79645.56,194.9663
4829,28805.26,149.9778
4830,37864.06,159.9875
4831,39557.83,159.9875
4832,51302.78,179.9656
4835,28022.35,207.4673
4837,40203.66,207.4754
4839,120301.3,220.1323
4840,21790.0,179.9656
4842,40633.4,212.6415
4843,22918.99,124.9607
4844,18054.15,152.5104
4846,12993.3,147.4421
4848,13476.42,127.4738
4849,30536.02,119.9568
4850,42800.66,240.1149
4852,17134.4,139.965
4853,19937.92,242.6326
4854,84298.02,162.4676
4855,56733.5,227.4754
4856,68204.46,192.4705
4857,35775.82,207.4811
4858,23303.89,149.9447
4859,55365.37,114.9509
4860,31263.34,117.4392
4861,67495.36,137.4392
4862,114551.7,104.9781
4863,43010.56,149.9598
4864,41799.98,194.9581
4865,21512.56,187.6094
4868,16587.43,142.5007
4869,42033.71,149.9915
4870,41911.7,104.9781
4871,17638.9,172.4705
4872,24084.76,162.4689
4873,3900.77,162.447
4874,107772.3,232.6415
4875,16090.91,162.4526
4877,16409.81,152.4624
4880,16013.09,197.4702
4881,35805.47,184.9797
4882,32153.72,182.4676
4883,16161.27,182.447
4884,20845.79,197.4876
4885,11830.39,144.9607
4886,50391.85,252.6378
4887,48848.88,210.127
4888,40398.47,235.1591
4889,24165.62,152.4624
4890,83334.79,197.4725
4892,59960.0,182.4433
4893,87320.1,104.9643
4894,68793.34,147.4738
4895,33055.59,142.4526
4896,22588.39,182.497
4897,79358.93,114.9509
4898,25142.24,127.4601
4901,68709.62,232.6228
4902,1263.57,169.9447
4903,24074.11,157.4836
4904,162842.8,162.4713
4905,45427.7,164.9785
4907,12531.29,164.9853
4908,39001.57,287.6427
4909,46708.88,230.1051
4910,33533.36,247.6647
4911,13148.1,194.9581
4912,68091.97,255.1198
4913,87277.75,175.0062
4914,49373.8,144.9889
4915,43369.94,147.4421
4916,16717.1,172.4555
4918,60004.46,157.4836
4919,13216.99,144.9889
4920,58621.81,157.4836
4921,29541.88,235.1591
4924,26375.76,174.9744
4925,12416.94,240.1149
4926,61291.33,172.4404
4927,22611.29,290.1604
4929,13500.74,179.9656
4931,21413.24,277.6375
4932,10832.15,179.9794
4933,84674.6,149.9928
4935,63911.85,160.0013
4936,8086.98,139.965
4938,13744.9,147.4783
4939,5436.21,182.4608
4940,8231.55,245.1457
4942,29977.3,172.4555
4943,28827.57,232.6228
4945,29950.17,127.482
4946,73010.37,139.9512
4947,53256.9,204.9634
4949,113511.5,112.4551
4950,36961.91,137.4872
4951,23170.27,214.9525
4952,23142.34,149.9915
4953,10090.93,172.4624
4954,10219.32,114.9728
4955,14624.56,222.6281
4956,16057.58,217.4702
4958,15207.5,255.1336
4961,18634.17,149.9741
4962,20659.21,212.6228
4963,73134.03,184.9634
4964,37461.71,162.4538
4965,25163.01,270.1604
4966,70500.42,184.961
4968,55267.18,172.4579
4970,17228.14,175.0062
4971,38599.07,232.624
4972,69472.61,142.4689
4973,41685.06,192.4404
4974,15629.94,140.0013
4976,2405.39,240.1149
4977,51082.1,287.6427
4978,35497.4,265.1283
4979,54664.15,255.1417
4980,100171.6,164.9647
4982,46256.01,137.4686
4983,54875.71,172.4555
4984,12377.36,127.4783
4985,45217.59,200.1185
4987,60302.79,242.6143
4993,40257.26,245.132
4997,94691.1,149.9915
4998,20940.34,159.9794
4999,15908.91,182.4538
5000,15963.97,169.9741
5001,56915.0,184.9634
5003,14461.21,137.4392
5004,49040.36,179.9656
5005,9409.95,162.4538
5006,55448.47,117.4686
5007,21637.87,139.9568
5008,15960.73,127.4421
5009,47565.61,162.4676
5011,10651.08,169.9447
5012,13172.44,142.5007
5013,14083.69,184.967
5014,27270.24,152.4555
5017,18949.61,202.6362
5018,52798.88,257.6549
5019,68898.0,104.9643
5020,48366.56,127.4421
5021,8893.59,149.9378
5022,26010.99,159.9476
5024,74989.44,240.1149
5025,11672.97,159.9349
5026,14960.01,159.965
5028,39706.57,197.4876
5029,12611.76,194.9525
5030,59664.26,162.447
5032,62212.25,159.9875
5034,14405.88,212.6415
5035,35986.11,167.4564
5036,108409.6,177.4876
5038,26439.2,207.4974
5039,66778.9,212.6228
5040,15756.81,149.9621
5041,8137.37,267.6647
5042,79502.96,184.967
5043,26249.7,255.1555
5045,33403.38,207.6094
5046,13695.83,267.6647
5047,75927.18,242.6281
5049,6494.55,139.9568
5050,48582.37,147.4564
5051,29220.86,137.4872
5052,68105.34,172.4742
5053,6969.6,235.1591
5054,15867.48,184.9634
5055,17092.77,220.1149
5056,33436.51,159.9512
5057,10736.53,127.482
5058,24475.2,207.6094
5059,21607.29,194.9744
5060,20706.43,139.9512
5061,19164.1,172.4705
5062,21531.67,172.4705
5064,44016.3,159.965
5066,27824.15,245.147
5067,75598.51,287.6427
5068,55921.75,190.127
5070,30874.05,162.447
5071,17244.42,265.1283
5072,84232.65,129.9621
5073,23712.94,134.9509
5074,33644.05,127.4601
5075,3503.09,149.9741
5076,36091.7,139.9568
5077,17784.55,242.6106
5078,13154.05,169.9447
5079,66923.76,194.9699
5080,31670.94,147.4421
5081,32076.56,152.4579
5082,22206.84,149.9598
5083,79206.11,159.9794
5084,70285.78,162.4713
5086,27303.52,147.4421
5087,17620.71,242.6143
5089,20971.45,192.4705
5090,29240.82,257.6375
5093,21736.61,184.9785
5094,42429.53,225.1457
5096,49397.39,127.482
5097,22956.29,139.9512
5099,129137.2,162.497
5100,24660.29,240.1149
5102,11387.58,235.1372
5103,26634.93,184.967
5104,48067.5,182.4676
5105,13662.88,147.4783
5106,28850.5,192.4705
5107,38322.59,172.4705
5108,8952.88,152.4579
5109,35786.6,142.4689
5110,120650.1,217.4702
5111,62700.71,149.9483
5112,83651.89,184.9634
5113,40646.53,192.4404
5114,84047.13,230.1051
5115,23308.57,200.1323
5117,50090.84,159.9794
5119,30299.76,127.4738
5120,61084.32,182.4653
5121,11810.84,124.9781
5122,12236.83,235.1372
5123,49842.25,142.5007
5124,62710.74,137.4392
5125,36747.32,127.4421
5126,23332.27,149.9483
5127,21602.16,149.9621
5128,23447.42,137.4872
5130,24026.7,162.4526
5131,73958.51,212.6415
5132,35835.58,162.4526
5133,74776.99,172.4705
5134,24149.71,172.4885
5135,43632.29,252.6378
5138,65986.37,245.1283
5139,22376.88,242.6326
5140,31429.51,262.6106
5141,13722.8,212.6228
5142,64281.28,137.4836
5143,42060.33,174.9581
5144,29189.81,147.4783
5145,30701.55,197.4945
5146,15249.68,104.9781
5147,9508.97,160.0013
5148,17312.0,129.9621
5149,21485.23,159.9349
5150,85066.22,235.1591
5151,19114.71,194.9882
5152,18832.51,147.4738
5153,44089.97,184.9785
5154,54211.72,162.4713
5156,47966.83,230.1051
5157,34919.68,257.6513
5158,20849.37,242.6326
5159,61704.19,104.9643
5160,24971.54,220.1149
5161,83924.66,159.9476
5162,51728.3,194.9663
5163,45551.32,172.4567
5164,56540.16,200.1185
5165,42043.47,172.4441
5166,19173.1,162.4538
5167,28799.3,184.967
5168,14875.78,194.9525
5169,53227.89,157.4698
5170,52233.68,119.9568
5172,26669.32,127.4738
5173,33690.02,240.1149
5174,80110.69,149.9447
5175,33024.18,182.4833
5176,26013.93,162.5007
5177,91633.01,262.6106
5178,22205.18,230.1051
5179,20052.51,124.9781
5182,48983.82,127.4421
5183,12520.32,172.4404
5186,74321.03,182.4608
5187,63461.18,187.4811
5188,25922.49,127.4738
5190,7806.55,137.4872
5191,25167.86,255.1372
5192,38354.6,147.4421
5193,40906.5,222.6326
5197,42863.75,252.624
5198,26804.03,255.1336
5199,31973.61,212.6415
5200,44988.59,139.9512
5201,23388.8,204.9797
5202,60472.35,179.9794
5203,27285.93,204.9797
5205,78119.96,127.4421
5210,12939.7,232.6415
5211,9664.08,149.9378
5212,16416.66,245.132
5213,23084.24,114.9728
5214,45747.52,182.4676
5215,30988.8,134.9509
5216,35216.42,214.9663
5217,31126.75,169.9378
5218,5886.98,265.1283
5219,54187.79,182.497
5221,19269.56,242.6143
5222,23264.27,252.624
5223,18706.57,144.9889
5224,71035.64,139.965
5225,33132.71,152.4579
5226,43155.28,169.9378
5228,12685.22,220.1323
5230,61921.51,149.9621
5232,10098.02,124.9643
5235,47101.05,114.9728
5237,14281.24,219.9902
5238,85041.89,252.6378
5239,70236.87,235.1417
5240,32537.12,94.97283
5241,12746.57,172.4579
5242,29898.21,149.9447
5243,26100.78,162.4676
5244,17127.79,210.1051
5245,55417.55,257.6549
5246,49730.51,235.1372
5247,20111.05,147.4421
5248,59388.85,210.1051
5249,12673.03,192.4705
5250,58388.73,182.4676
5251,47122.74,255.1555
5252,36586.61,179.9656
5253,38413.81,129.9598
5254,46120.24,167.4564
5255,34469.78,147.4601
5256,4600.87,114.9728
5257,58012.2,270.1604
5258,47188.49,114.9509
5260,55419.79,174.9581
5261,39652.64,169.9447
5262,61508.68,222.6143
5265,11541.68,159.965
5267,8937.69,222.6362
5269,68939.17,222.6326
5270,28748.12,152.4579
5271,48231.57,152.4624
5272,59523.54,149.9447
5273,59907.44,187.4673
5274,32205.64,137.4392
5275,33341.83,182.4433
5276,45197.21,255.1417
5277,61262.44,172.4705
5278,5024.61,167.4564
5279,81034.18,149.9598
5280,59317.06,159.965
5281,61544.69,214.9663
5282,15449.69,172.4705
5283,22663.39,142.4713
5284,63404.51,124.9643
5286,24176.28,149.9483
5287,29779.57,169.9378
5288,13257.09,169.9928
5289,57469.38,152.4742
5291,33180.77,217.4702
5294,22097.72,172.4742
5295,25438.16,242.6326
5296,13706.02,159.9476
5297,15364.14,149.9378
5298,24065.76,124.9643
5303,51290.56,194.9699
5305,13585.86,240.1149
5306,83791.29,169.9741
5307,59112.62,162.4608
5308,17199.86,149.9915
5309,95535.14,137.4686
5310,54873.78,210.1051
5312,16603.16,142.4713
5313,10827.73,144.9889
5314,35829.24,235.1417
5315,24603.58,235.1591
5317,99537.72,204.9496
5318,60661.46,159.9512
5319,65509.93,194.9744
5320,70135.92,132.466
5322,46279.7,277.6375
5323,6649.53,149.9915
5324,26043.65,162.4526
5325,28696.57,144.9607
5326,26034.88,169.9378
5327,24044.95,159.9476
5328,27934.32,147.4783
5329,50420.55,152.4624
5330,43767.23,114.9509
5331,151312.2,139.983
5332,135891.8,127.4601
5333,39157.83,149.9621
5334,30009.55,182.4676
5335,25697.08,169.9378
5336,52076.3,149.9447
5337,26166.52,204.9797
5338,24314.0,184.9634
5339,11043.16,127.4738
5340,15392.91,222.6326
5341,102059.0,149.9928
5342,26412.61,172.4555
5344,11825.53,107.482
5345,8288.76,182.4433
5346,21486.26,142.4827
5347,37900.97,147.4564
5348,146518.2,142.4689
5349,66644.71,139.983
5351,7128.29,152.466
5352,16955.06,255.1555
5353,18442.57,222.6362
5355,56361.66,174.9744
5356,13899.94,92.45514
5357,57938.61,139.9512
5358,50217.64,152.4624
5359,32092.18,172.4404
5360,13502.99,134.9509
5362,18822.77,142.4689
5364,39975.25,217.484
5365,8573.56,114.9509
5366,25898.82,222.6281
5367,73761.25,172.4705
5368,18388.61,164.967
5369,35149.7,117.4686
5370,88186.92,159.9512
5371,50620.18,152.466
5372,49109.27,127.4958
5373,92252.71,192.4567
5374,71096.34,172.4624
5375,98665.78,137.4392
5376,14535.4,270.1604
5377,32677.84,159.9656
5378,4174.13,142.4713
5379,16303.01,152.4624
5380,120324.8,147.4564
5381,24818.42,139.9568
5384,29149.52,194.9699
5386,30876.58,182.4608
5388,152813.5,117.4872
5391,94042.03,232.6415
5393,17575.29,164.967
5394,25201.18,200.1185
5395,54342.87,200.1323
5396,53466.67,227.4754
5398,63774.11,187.6094
5400,33806.39,149.9483
5402,49543.37,175.0062
5403,13371.2,159.9656
5405,131834.1,184.9715
5406,19680.77,137.4836
5407,50297.06,252.624
5408,27758.51,159.9794
5409,9073.21,207.4754
5410,8192.25,172.4742
5411,9710.42,204.9634
5412,20562.72,162.5007
5413,53165.55,172.4579
5414,16470.19,217.484
5415,9801.15,222.6362
5416,34084.03,232.624
5417,12587.71,164.9715
5419,34869.71,144.9607
5421,15431.03,194.9699
5423,87107.32,162.4713
5424,32521.54,227.4754
5425,55565.75,152.5104
5426,43915.77,210.127
5427,30844.7,192.4567
5428,60136.7,220.1149
5429,53468.72,112.4551
5431,111892.6,142.4689
5432,84596.35,124.9643
5433,72320.92,132.466
5435,16649.73,127.482
5436,22393.09,275.1336
5438,25656.47,172.4404
5439,113028.1,129.9915
5440,75171.75,177.4945
5441,52391.66,179.9794
5442,31780.88,169.9447
5443,62285.3,104.9643
5444,27052.82,147.4421
5445,23672.57,124.9781
5446,36084.05,142.4713
5447,54073.62,194.9768
5449,9901.11,225.1457
5450,56591.47,162.4538
5451,10521.06,184.967
5452,44828.91,192.4404
5455,25315.11,172.4555
5456,56875.65,162.447
5457,27155.66,139.9568
5458,60256.74,275.1198
5459,18020.93,277.6513
5460,38792.69,162.447
5461,945.47,214.9525
5462,26451.48,119.9568
5463,36374.44,232.6228
5464,124735.8,265.1283
5465,22871.91,207.4673
5466,37989.78,164.9647
5468,29161.86,252.624
5470,44761.66,137.4392
5471,23622.45,137.4836
5473,34352.36,139.9875
5474,57922.83,184.9634
5475,51591.16,124.9781
5476,14253.48,242.6281
5477,14474.74,200.1323
5478,81311.64,152.4798
5480,24925.09,182.4433
5482,28554.11,114.9728
5483,7503.93,232.6228
5484,104931.3,275.1336
5485,15548.43,124.9607
5486,39800.89,192.4404
5487,23513.42,149.9621
5488,60196.97,184.9496
5489,30352.63,192.4705
5490,60511.95,137.4392
5491,21198.04,252.6378
5492,11981.69,162.4676
5493,36965.48,182.4608
5496,43152.51,94.97283
5497,64212.33,174.9699
5498,12958.97,220.1185
5499,25702.76,139.965
5502,30466.06,242.6281
5504,9389.63,265.1283
5505,50676.79,187.4847
5506,13663.98,152.466
5507,51295.85,107.482
5509,67319.03,137.4836
5510,38343.18,174.9768
5511,3308.31,184.967
5513,16836.27,169.9447
5515,3328.23,232.624
5516,47824.43,174.9755
5517,82263.4,129.9778
5518,22610.64,275.1336
5519,30369.33,124.9781
5520,9416.77,232.6378
5521,116303.0,162.4827
5522,29516.52,117.4872
5523,60915.52,172.4555
5524,69785.23,207.6094
5525,8316.09,242.6106
5526,13238.2,207.6094
5527,34209.19,144.9607
5528,46724.11,137.4698
5529,44343.75,147.4601
5530,55008.17,167.4847
5531,44669.47,152.4555
5532,22773.12,197.4876
5533,16185.46,137.4392
5534,77445.52,160.0013
5535,96339.25,140.0049
5537,18033.25,127.4421
5540,54776.36,162.4827
5541,27666.82,232.6228
5542,14788.19,149.9778
5545,94076.08,162.4653
5546,23553.3,124.9781
5550,18273.34,222.6362
5551,41329.2,149.9483
5552,80683.44,172.4579
5553,131647.5,162.447
5554,20541.47,132.466
5556,32332.63,112.4551
5557,31680.79,139.9568
5558,46701.02,242.6326
5559,38226.33,164.967
5560,7780.59,179.9476
5561,38511.78,227.4754
5562,10311.58,112.4551
5563,76301.97,222.6143
5564,32105.64,212.6228
5567,100029.1,187.6094
5571,9395.57,162.4689
5572,36531.81,232.624
5573,13883.75,204.9634
5574,98072.18,162.4676
5575,17018.27,242.6143
5577,95564.57,142.5007
5578,30931.95,162.4653
5580,13039.56,169.9378
5581,17974.25,124.9643
5582,26317.37,252.6378
5583,160862.9,192.4404
5584,47659.53,215.1591
5585,58762.0,220.1185
5587,79363.76,212.6415
5588,22326.55,160.0013
5591,50525.18,187.4974
5592,38259.59,270.1604
5593,48478.65,149.9378
5595,62758.96,194.9882
5596,51179.24,265.1283
5598,42887.04,147.4421
5599,220383.0,182.4676
5600,17824.03,104.9643
5601,46550.44,235.1591
5603,116562.7,119.9568
5604,50308.74,124.9781
5605,130048.4,149.9598
5606,39441.87,257.6375
5607,28253.53,184.9647
5609,41893.09,172.4579
5611,38691.22,152.4742
5612,93517.61,124.9607
5614,19354.83,242.6281
5615,46288.04,129.9915
5616,5884.45,149.9598
5617,32255.86,245.132
5618,47145.15,137.4392
5619,33081.5,182.4433
5620,48011.59,262.6106
5621,54548.92,210.127
5623,11566.91,160.0013
5624,9362.64,194.9663
5626,28251.23,177.4876
5630,23794.39,174.9755
5631,32631.96,184.9647
5632,61763.76,140.0013
5633,58807.77,137.4872
5634,27857.09,152.4579
5635,24721.14,139.9512
5636,51899.15,124.9643
5638,21145.92,129.9915
5639,48863.25,182.4833
5640,14976.0,184.9797
5641,17885.01,147.4564
5642,69163.69,172.4555
5643,72121.31,252.6378
5644,16055.06,169.9378
5648,114405.4,149.9447
5649,44990.6,174.9919
5650,10568.63,129.9483
5651,38381.92,222.6362
5652,48148.86,245.1283
5653,29547.56,140.0013
5655,35075.03,139.9512
5656,43120.73,220.1149
5657,12886.92,174.9699
5658,43202.68,127.4738
5659,43147.9,127.4783
5660,92352.67,187.4847
5661,75181.43,172.4624
5664,25377.95,149.9378
5665,45285.69,232.6228
5666,37522.18,187.4673
5667,60004.11,129.9621
5668,28191.63,235.1555
5669,23399.32,159.9476
5670,15905.01,227.4754
5671,44378.6,192.4404
5672,48375.59,252.624
5673,28345.06,162.497
5675,21981.45,149.9483
5678,135516.9,129.9598
5679,19423.67,172.4404
5680,44607.35,134.9509
5681,39445.97,142.4713
5683,19230.44,169.9447
5684,70395.54,275.1198
5685,25683.78,277.6513
5686,49646.02,179.9794
5687,103625.1,147.4421
5688,34214.34,149.9928
5689,26267.67,169.9447
5690,27464.49,159.9512
5691,20288.57,142.4526
5692,4202.7,214.9525
5693,26005.47,147.4601
5695,38723.05,149.9928
5696,37091.91,114.9509
5697,75795.76,202.4433
5698,23891.75,232.6415
5701,15534.39,265.1283
5702,21216.13,247.6647
5704,13631.9,124.9781
5705,70312.37,197.484
5707,19872.48,255.1372
5709,12602.8,240.1149
5710,26909.8,172.4705
5711,23021.26,149.9741
5714,954.43,172.4404
5715,36171.71,132.466
5716,16643.07,159.983
5718,19218.35,187.4811
5720,12344.99,137.4872
5721,37586.34,167.4564
5722,33934.52,202.4433
5723,67720.61,157.4698
5724,33818.46,117.4686
5725,2526.17,182.4653
5726,28436.06,139.9349
5727,10326.88,172.4579
5728,24964.32,127.4958
5729,32161.46,182.497
5731,33704.46,142.4713
5732,26636.01,139.9349
5733,14352.01,132.466
5734,9043.47,104.9781
5735,9516.26,255.1336
5736,22112.6,172.4579
5737,71367.15,229.9931
5738,32177.35,159.9512
5739,20041.91,162.4653
5740,59338.19,137.4872
5741,29254.96,159.9476
5742,49519.95,172.4567
5743,33028.82,162.4653
5745,33425.04,187.4811
5746,68192.09,255.1198
5747,51058.06,235.1417
5748,31344.35,184.9785
5750,71070.02,149.9447
5751,23670.0,139.983
5752,17845.39,129.9483
5753,26652.94,147.4738
5754,59640.61,144.9889
5755,27059.29,137.4686
5756,79594.91,129.9483
5757,21531.39,114.9509
5758,74885.9,132.4798
5759,26011.14,222.65
5760,62820.43,107.4958
5762,41102.74,112.4551
5763,17280.46,159.9476
5764,16028.17,267.6427
5766,65204.61,114.9509
5767,41237.45,149.9621
5768,43864.93,262.6106
5770,39830.33,232.6378
5771,46515.2,129.9915
5772,17602.49,139.9349
5773,38203.16,114.9728
5774,35600.06,139.983
5775,36435.66,265.1283
5776,30431.48,184.9496
5777,13599.19,169.9447
5778,27140.46,172.4624
5779,161251.0,235.1417
5781,32687.28,247.6647
5783,49336.26,127.4421
5784,18407.87,137.4392
5786,95198.64,182.4608
5788,10178.42,107.4958
5789,30082.5,179.9794
5790,4666.08,192.4404
5792,52493.72,112.4551
5793,17952.0,207.6094
5795,50577.25,137.4836
5798,19922.88,119.9568
5799,3905.36,147.4421
5800,37283.81,112.4551
5802,27844.19,174.9755
5803,8293.64,192.4885
5804,17014.29,149.9598
5805,49525.96,204.9496
5806,21581.2,149.9598
5807,71436.4,104.9643
5808,19435.67,162.4538
5810,48071.63,182.447
5811,58057.2,194.9768
5812,29830.87,169.9378
5813,57580.18,182.4433
5814,12621.78,164.967
5816,48524.09,252.624
5817,32773.01,124.9643
5818,27535.44,252.6378
5819,41514.67,104.9781
5821,17163.24,174.9919
5822,9572.9,159.9512
5823,4874.95,147.4421
5824,30057.73,129.9621
5825,21616.86,139.9349
5826,13101.08,149.9598
5827,32007.27,152.4798
5829,6536.16,139.965
5830,27450.44,154.9919
5832,16604.79,129.9483
5833,32669.61,114.9509
5836,24120.92,245.147
5838,37829.04,177.4876
5839,22328.55,184.9647
5840,75196.45,139.9875
5842,62276.09,214.9525
5843,26999.2,124.9781
5845,15215.24,139.983
5847,51466.52,255.1372
5848,11489.41,187.6094
5849,30848.77,222.6362
5850,67611.32,202.6362
5851,27938.0,159.9349
5857,38179.17,127.4738
5858,27204.24,192.4885
5859,20273.75,172.4441
5860,14730.41,192.4404
5861,36139.18,257.6513
5862,58123.92,169.9928
5863,82296.19,172.4441
5864,11577.65,194.9768
5865,41536.3,152.4441
5866,38613.42,179.9794
5867,20726.52,210.1051
5868,14744.58,152.4441
5869,125041.1,172.4441
5871,59388.62,152.4798
5872,38039.5,129.9778
5873,14078.51,192.4885
5874,26139.47,255.1198
5875,58304.48,129.9915
5876,17400.04,229.9931
5877,35738.78,114.9509
5878,62309.09,192.4404
5879,14744.09,217.4725
5880,37652.91,137.4686
5881,50465.23,149.9447
5882,6015.6,220.1185
5883,13543.51,204.9634
5884,81253.97,159.983
5885,137978.3,172.4567
5886,8068.23,117.4872
5887,54739.98,140.0013
5888,33280.3,144.9607
5889,44042.94,184.967
5890,65174.04,129.9621
5891,15503.73,172.4567
5892,2421.1,167.4564
5893,43838.7,152.4798
5894,25945.22,182.4676
5895,57738.77,127.482
5897,31808.9,174.9768
5898,68169.91,242.6106
5899,54959.67,129.9915
5900,66370.29,174.9618
5901,35827.4,154.9618
5902,21089.21,202.65
5904,92162.79,127.4958
5905,37627.29,159.9794
5906,53611.13,184.9647
5907,108982.2,92.45514
5908,27679.48,159.9349
5909,59827.93,132.466
5910,29957.52,129.9915
5912,46024.12,267.6427
5913,41734.27,92.45514
5914,18537.85,137.4872
5915,36172.9,210.1051
5916,114851.2,209.9931
5917,26310.0,275.1336
5919,22295.46,225.132
5920,19755.18,194.9663
5921,54592.75,257.6513
5922,21136.06,194.9744
5924,103476.1,139.965
5925,41031.65,230.1051
5926,47410.05,184.9647
5927,19863.77,137.4872
5928,24616.46,242.6106
5929,40557.84,92.45514
5931,32002.74,127.4421
5932,18957.86,129.9598
5933,65952.12,194.9581
5934,26354.71,192.4567
5935,59816.0,200.1185
5936,16168.56,192.4404
5937,23515.27,160.0013
5938,21961.36,142.4526
5939,58210.13,169.9741
5940,61316.31,149.9621
5941,6921.31,107.4958
5942,18453.27,114.9728
5943,20073.23,212.6228
5949,1563.64,215.1591
5950,20707.68,124.9607
5953,40954.06,114.9509
5954,46959.04,162.4538
5956,36230.91,149.9928
5959,105022.5,157.4698
5960,95075.46,134.9509
5961,18934.36,212.6228
5962,61815.08,162.4653
5963,23572.65,114.9728
5964,22004.51,194.9699
5965,32064.16,277.6513
5966,26719.24,182.4433
5967,20302.73,172.4555
5968,11251.45,159.9349
5969,102806.5,134.9509
5970,30332.37,132.4798
5972,28434.15,117.4392
5974,26525.07,227.4754
5975,81454.54,222.6143
5976,10522.04,200.1185
5977,45501.77,172.4555
5978,91951.17,134.9509
5979,28922.97,197.4876
5980,68899.06,182.4833
5982,68699.53,149.9621
5983,16917.78,232.6415
5986,27358.17,275.1336
5988,18012.16,172.4579
5990,63482.69,107.482
5991,27920.91,124.9607
5993,43750.13,104.9781
5994,28208.48,192.4404
5995,23361.98,142.4689
5996,13467.7,245.1457
5997,7977.38,124.9607
5998,9039.85,245.147
5999,28627.89,182.447
6000,13970.62,162.4827
6001,30067.59,242.6106
6002,52288.11,172.4579
6003,27034.63,94.97283
6004,42345.21,172.4705
6005,12346.69,114.9728
6006,13077.96,172.4624
6008,12778.1,157.4698
6009,9001.05,220.1149
6010,12145.15,255.1417
6011,4998.9,162.4653
6012,35629.29,127.4783
6013,56074.77,194.9768
6014,13209.19,265.147
6016,31456.21,179.9656
6017,31292.07,277.6375
6018,50822.04,92.45514
6019,10269.12,129.9778
6020,14802.57,194.9581
6021,14611.28,167.4847
6024,2682.63,182.4833
6025,9136.47,222.6281
6027,13090.39,147.4783
6030,46932.29,149.9621
6031,59865.13,154.9919
6032,27289.75,164.967
6033,30938.57,187.6094
6035,29377.52,157.4698
6036,33896.9,149.9447
6037,18543.4,137.4686
6038,18213.56,147.4738
6039,5911.67,124.9643
6040,106634.6,184.9797
6042,17631.83,174.9882
6043,57748.04,242.6326
6044,52047.27,220.1323
6045,70453.29,152.466
6047,40181.23,162.4689
6048,25212.48,140.0013
6049,76525.77,154.9618
6051,57236.92,162.4608
6053,26217.35,127.4421
6054,16280.67,159.9349
6055,44344.5,192.4404
6056,33751.2,149.9621
6057,29438.79,182.4538
6058,40030.35,164.9715
6059,24495.35,112.4551
6060,12101.41,172.4441
6061,53461.53,197.4702
6062,40165.02,184.967
6065,86416.45,142.4827
6066,25042.36,192.4885
6067,1593.63,174.9768
6068,10979.96,172.4579
6069,13313.87,220.1185
6070,44584.01,210.1051
6071,13378.66,207.4974
6072,40248.81,232.6378
6073,55409.09,225.132
6074,23775.65,134.9509
6075,21907.65,144.9607
6077,67205.55,142.4827
6078,6313.21,190.127
6079,23069.81,162.4526
6080,24014.24,152.4798
6081,31612.9,129.9483
6082,40293.84,207.4754
6083,37477.74,142.5007
6084,27376.4,140.0049
6085,2131.46,137.4836
6087,17193.14,152.4441
6088,8197.24,242.6281
6090,16226.95,169.9447
6091,26129.71,162.4676
6092,16403.11,172.4742
6093,15935.25,104.9781
6094,57501.66,162.4526
6095,50556.0,179.9476
6096,30630.9,162.447
6097,29261.45,184.961
6098,30819.18,124.9607
6101,19755.4,92.45514
6102,38556.54,172.4705
6103,61396.06,164.9785
6104,14571.81,152.4441
6105,25993.77,235.1555
6106,27744.81,159.9349
6107,42934.29,214.9663
6108,34424.64,107.4958
6109,121118.5,152.4441
6111,8817.04,222.6326
6112,16327.69,142.4713
6113,44373.59,127.4421
6114,23800.51,159.9476
6115,5625.39,200.1185
6116,28119.92,162.4526
6117,44598.46,159.9875
6118,24767.05,267.6427
6119,36890.17,255.1336
6120,38674.2,204.961
6121,13944.19,197.484
6123,22121.83,149.9598
6124,55044.0,127.4421
6125,29803.1,187.4847
6126,28409.36,139.9512
6127,5666.72,147.4421
6129,16759.04,172.4404
6130,167846.0,184.9797
6131,39291.83,157.4698
6133,21294.02,182.497
6135,22036.29,112.4551
6136,132149.5,257.6549
6137,113595.2,235.1372
6138,41978.12,154.9919
6139,82500.7,152.4579
6140,38645.01,149.9447
6141,52658.25,159.9656
6142,38157.4,267.6647
6143,51826.63,204.961
6144,12490.92,220.1185
6145,14551.81,204.9797
6146,24503.38,142.4526
6149,2131.71,192.4404
6150,28635.7,184.9647
6151,25195.84,127.4601
6152,69959.26,199.9902
6153,54835.61,235.1555
6155,129787.2,112.4551
6156,54797.32,172.4885
6157,39713.66,149.9598
6158,38060.22,149.9928
6160,39021.86,222.6281
6161,25767.04,154.9618
6162,20664.99,242.6106
6165,13080.72,149.9447
6166,26235.49,159.9875
6167,20782.65,184.9785
6168,12457.29,127.4601
6169,11464.09,255.1555
6170,103510.7,127.4601
6171,79197.42,129.9621
6172,105193.1,162.4827
6173,64728.95,157.4836
6174,12883.78,104.9643
6175,17563.99,94.97283
6177,42964.38,182.4538
6178,15095.8,142.4713
6179,53833.45,232.6228
6180,19533.69,222.6281
6181,18474.89,184.967
6184,19293.1,277.6375
6185,7391.15,220.1185
6187,8271.97,139.9512
6188,18556.35,235.1591
6189,50491.3,182.4538
6190,644.32,159.9794
6191,11150.32,129.9621
6192,38682.52,187.4673
6193,33436.08,202.4433
6194,57023.3,204.9496
6195,95657.24,192.4705
6197,36196.63,197.484
6200,51126.59,184.9496
6202,50595.25,214.9663
6203,52745.63,192.4885
6204,18640.62,127.4958
6205,27890.61,277.6375
6206,14235.87,149.9621
6207,20757.95,207.6094
6208,66851.03,159.9476
6210,80501.9,112.4551
6211,28218.54,190.127
6212,26644.15,172.4579
6213,60163.56,164.9889
6214,84378.57,127.4738
6215,22293.87,147.4421
6217,14325.51,92.45514
6220,4007.53,222.6362
6221,19016.55,164.9785
6222,109866.0,200.1323
6223,33920.51,220.1149
6224,17286.64,202.65
6225,15771.28,210.127
6226,12166.43,255.1555
6227,26295.5,225.1457
6228,30011.53,235.1417
6229,41169.83,172.4705
6231,27737.13,212.6415
6232,27392.87,147.4783
6233,13638.46,184.9785
6234,55285.5,149.9378
6235,22788.17,262.6106
6236,17580.86,94.97283
6237,31468.83,194.9699
6238,36394.84,112.4551
6240,34337.25,169.9447
6241,50305.65,139.983
6242,14377.81,252.6378
6243,17781.1,119.9568
6244,50058.12,152.4555
6245,6013.43,149.9621
6246,69697.68,162.497
6248,8103.04,172.4624
6249,72212.97,230.1051
6250,26118.87,212.6228
6251,15279.99,149.9778
6252,54172.57,137.4392
6253,31397.21,162.4713
6254,33016.71,159.983
6256,38323.22,202.4433
6257,98376.58,114.9728
6258,21714.62,104.9643
6259,16085.27,192.4404
6260,66710.72,127.4421
6262,51856.16,202.65
6263,64898.67,207.4673
6264,24939.72,182.497
6265,51471.68,147.4564
6266,120864.5,182.447
6267,22856.17,172.4579
6268,90643.01,139.9512
6269,11160.15,232.6378
6270,28502.49,129.9915
6271,72149.15,127.4738
6272,36311.55,162.4689
6273,26041.24,192.4404
6274,85403.93,152.4441
6275,56932.4,159.9512
6277,49512.78,184.9853
6278,36867.42,139.9349
6280,75507.18,240.1149
6281,14664.53,169.9741
6282,32364.17,169.9447
6283,52982.0,144.9607
6285,38365.83,207.6094
6286,29877.9,174.9755
6287,36514.64,232.6378
6288,21043.89,152.5104
6289,32666.7,112.4551
6290,7234.69,229.9931
6291,25575.05,182.4833
6292,10715.15,152.4624
6293,49081.31,277.6375
6294,27770.71,207.6094
6295,40076.2,159.9794
6296,11182.43,222.6143
6298,50268.03,277.6513
6299,75687.95,164.9853
6301,43527.2,149.9778
6302,15818.64,129.9778
6303,24482.09,127.4421
6308,22686.88,217.4702
6309,50066.53,137.4392
6310,26387.48,204.961
6311,29774.74,187.6094
6312,48976.94,104.9643
6313,7956.61,129.9621
6316,59737.6,174.9699
6317,15037.87,114.9728
6318,34635.21,152.4441
6320,31647.65,149.9483
6321,31517.51,192.4404
6323,70152.92,200.1323
6325,67872.22,129.9915
6326,12456.09,262.6106
6327,42754.88,227.4754
6328,41074.27,187.4847
6329,28216.6,137.4698
6330,31033.83,167.4564
6331,52290.12,172.4624
6332,22711.6,159.9512
6333,17766.54,232.6228
6334,84123.33,200.1185
6335,85844.61,195.0062
6336,99342.82,204.9496
6337,13397.57,192.4567
6338,21939.33,117.4872
6339,28644.87,132.466
6340,38158.54,159.965
6341,97916.45,242.6106
6342,78311.31,117.4392
6343,53937.51,144.9607
6344,7504.8,222.6362
6345,48852.05,172.4579
6346,41417.8,187.6094
6347,14148.82,242.6106
6349,32937.96,202.4433
6350,105425.1,207.4811
6351,25314.39,187.4847
6352,33970.73,167.4564
6353,6464.45,197.4945
6354,45289.33,194.9882
6356,16584.87,124.9781
6357,11327.01,204.9634
6358,48137.72,152.4742
6359,79298.31,152.4579
6360,45572.07,240.1149
6361,51233.97,192.4404
6363,20477.49,187.4974
6364,26141.69,207.6094
6365,16382.76,139.9512
6366,19153.88,207.6094
6367,13463.55,175.0062
6368,26369.97,232.6228
6370,46037.64,147.4421
6371,38143.8,230.1051
6373,21355.46,192.4885
6374,78080.83,217.4725
6375,27400.85,142.4827
6376,52053.5,195.0062
6378,56497.63,182.4608
6379,63252.08,225.1457
6380,5609.56,182.4608
6381,79846.11,240.1149
6382,33211.59,222.65
6383,102544.2,129.9483
6385,16044.85,117.4872
6387,70043.78,152.4742
6388,83330.44,207.4673
6390,39184.05,222.6143
6391,26393.06,114.9728
6392,11786.95,275.1198
6393,24707.03,112.4551
6395,8916.93,255.1555
6396,40057.31,127.4601
6397,29056.86,129.9483
6398,25676.69,127.4421
6400,48844.65,114.9509
6401,65592.66,159.9875
6402,15745.22,190.127
6404,32663.78,202.65
6405,38833.39,157.4698
6406,58813.9,137.4836
6409,31973.73,154.9618
6410,49511.19,222.65
6411,11791.97,149.9928
6414,43388.31,194.9663
6415,45035.77,255.1198
6416,22431.45,142.5007
6417,14242.01,192.4705
6419,21248.31,139.965
6420,121444.9,159.9349
6422,13948.49,210.127
6423,16960.17,182.4676
6426,5911.41,104.9643
6427,27784.38,222.6326
6428,28140.14,119.9568
6429,15778.64,277.6513
6436,9806.64,127.4738
6437,70150.34,107.482
6438,28833.12,139.9512
6439,47512.7,139.9349
6440,73479.87,154.9755
6441,30403.75,162.4526
6443,110391.6,179.9656
6444,40281.89,245.1283
6445,87747.16,129.9915
6446,6193.94,137.4686
6447,40204.1,172.4579
6448,27301.4,174.9768
6449,42433.77,182.4653
6450,17440.08,222.6326
6451,6096.89,172.4404
6453,23446.13,112.4551
6457,21929.84,107.482
6458,38126.15,204.9797
6459,63733.76,255.1198
6460,84100.24,152.466
6461,24771.21,200.1185
6462,30122.01,92.45514
6463,102322.6,210.127
6464,55110.25,137.4392
6465,12071.22,124.9643
6466,16897.14,242.6326
6467,20706.94,159.9349
6470,59138.75,187.4673
6471,11374.3,129.9483
6472,15422.66,222.6326
6473,34567.24,182.4653
6474,56960.58,127.4738
6475,5277.14,134.9509
6476,41795.89,182.447
6477,35669.12,174.9882
6478,81934.59,172.4705
6479,39250.53,192.4885
6480,47986.4,164.9647
6482,23707.75,129.9778
6483,37990.93,242.6106
6484,48459.16,217.4725
6485,112097.3,182.4433
6486,10542.11,184.9634
6488,57760.15,114.9728
6490,35207.1,277.6375
6492,17176.02,172.4404
6493,1943.56,147.4421
6494,25163.87,177.4945
6495,6385.6,232.6228
6497,55493.0,240.1149
6498,33352.93,157.4836
6499,48134.77,230.1051
6501,31461.9,172.4404
6502,23469.83,154.9919
6503,15247.84,127.4421
6504,41944.34,129.9598
6505,29981.69,159.9349
6506,21430.34,152.4742
6507,19662.72,290.1604
6508,24901.05,232.624
6509,58924.78,222.6281
6510,35713.16,222.65
6511,41639.69,147.4783
6512,146317.6,147.4564
6514,47386.49,114.9509
6515,61676.36,147.4783
6517,60981.45,242.6326
6518,6961.83,194.9581
6519,84595.21,154.9919
6520,5960.43,137.4392
6521,38678.23,137.4686
6523,24491.2,162.4689
6524,32499.82,162.497
6526,9970.03,149.9778
6528,9835.23,255.1417
6529,6790.51,127.482
6530,54499.0,182.4676
6531,8705.1,267.6427
6532,26489.38,222.6326
6533,50514.83,225.1457
6534,62567.3,149.9447
6535,53953.4,232.6378
6537,2047.66,192.4404
6538,74459.99,192.4404
6540,46584.48,240.1149
6541,16709.84,192.4404
6542,79331.78,132.466
6543,25035.79,174.9699
6544,32022.13,187.4847
6545,15801.36,139.9512
6547,23662.64,192.4885
6550,2374.07,222.6143
6551,34352.13,127.4783
6552,59646.13,192.4567
6553,8137.98,174.9882
6554,11450.5,149.9447
6555,99108.6,162.4538
6557,11273.45,144.9607
6558,82551.97,132.4798
6559,95454.27,220.1149
6560,27885.38,182.4433
6561,35175.65,132.466
6562,50766.63,262.6106
6563,18056.75,210.127
6566,66543.75,204.9496
6567,21495.16,242.6281
6568,41144.01,204.961
6570,47620.86,179.9476
6571,55588.22,204.9634
6575,32605.98,287.6427
6576,5881.96,172.4555
6577,14890.08,172.4624
6578,47509.48,172.4624
6579,15659.82,172.4441
6580,100224.4,149.9483
6582,85374.14,124.9781
6583,17085.1,184.9634
6584,9355.0,204.9797
6585,12182.47,152.4579
6586,60320.53,149.9598
6587,41735.26,147.4738
6589,12857.68,137.4872
6590,13236.13,142.4689
6591,24984.03,207.6094
6592,65362.29,144.9607
6593,28833.31,182.4676
6594,196746.0,182.4653
6595,22872.44,119.9568
6596,19419.61,129.9483
6597,31430.73,129.9483
6598,9637.35,139.9349
6599,15266.39,240.1149
6600,10630.8,162.4526
6601,39487.91,242.6281
6602,20498.13,194.9768
6603,9237.06,184.9496
6604,11910.62,139.9349
6605,15629.36,139.9568
6606,25006.29,172.4742
6607,16955.9,207.4673
6608,14517.86,157.4836
6610,3867.46,235.1372
6611,21002.95,179.9476
6612,31193.63,159.9476
6613,153026.4,139.9349
6614,98862.21,179.9476
6615,37634.23,167.4564
6617,54980.0,220.1323
6618,23283.91,232.6378
6619,14560.64,275.1198
6620,31833.15,124.9781
6621,23522.42,149.9483
6622,24105.02,172.4624
6623,17715.03,240.1149
6624,92344.97,139.965
6625,25276.81,159.9476
6626,61660.72,124.9643
6627,48089.17,192.4404
6628,53761.21,184.9715
6629,9099.98,152.4624
6630,23083.13,172.4555
6631,1736.32,232.6415
6634,53540.15,255.1555
6635,33028.84,162.4676
6636,103499.7,222.65
6637,94733.63,137.4698
6638,19300.49,159.9656
6639,35619.3,255.1372
6640,28411.98,149.9598
6641,17315.37,169.9378
6642,23927.18,217.484
6643,46453.81,164.9853
6644,14489.85,262.6106
6646,47364.6,252.6378
6647,13887.89,149.9928
6648,22602.97,220.1323
6649,231252.0,139.983
6650,32900.92,222.6281
6652,7947.46,104.9781
6653,31785.21,187.4974
6654,78661.48,159.983
6655,7012.42,182.4653
6656,15059.8,262.6106
6657,12271.73,134.9509
6658,48722.63,149.9483
6659,38810.68,275.1336
6660,9467.17,114.9509
6661,123991.0,262.6106
6662,51474.72,202.65
6663,31557.0,159.9476
6664,19869.05,159.965
6666,77599.57,182.4653
6668,13964.89,149.9741
6669,38727.07,184.961
6670,46780.96,242.6326
6673,25199.87,242.6106
6674,25404.37,117.4872
6675,69086.32,187.4811
6676,56855.18,137.4872
6677,20551.82,152.466
6678,10001.35,159.9476
6679,63144.41,207.6094
6680,77613.57,242.6143
6681,101607.9,147.4421
6682,33590.24,255.1555
6683,20051.84,212.6415
6684,44501.99,194.9882
6685,23319.4,162.4653
6686,55541.84,255.1336
6687,53158.49,232.6228
6689,43796.4,265.1283
6690,71675.09,219.9902
6692,80318.07,149.9621
6694,40071.46,172.4567
6697,6689.37,242.6106
6698,28833.23,220.1149
6699,50038.58,204.9634
6701,18374.83,149.9483
6702,51670.17,134.9509
6703,81315.45,202.65
6704,3728.27,162.447
6705,6791.21,174.9755
6706,24402.91,117.4872
6707,35995.19,245.1283
6709,2884.7,255.1336
6710,74153.66,112.4551
6714,25091.72,235.1372
6715,64699.15,127.4601
6716,20455.07,182.4833
6717,7462.83,147.4421
6718,44529.77,162.4713
6719,25874.25,230.1051
6720,5479.97,235.1555
6721,28365.3,137.4392
6722,47795.03,177.4945
6723,27970.6,140.0013
6724,31712.91,127.4738
6725,46582.29,140.0049
6727,42590.57,159.965
6728,7372.66,149.9598
6729,55474.59,217.4702
6730,33667.36,212.6228
6732,643.2,207.6094
6733,67789.18,137.4686
6734,93024.74,172.4404
6735,34353.22,137.4392
6736,10941.91,204.9797
6737,23340.64,182.4538
6738,16372.68,214.9663
6739,35593.6,112.4551
6740,97310.88,167.4847
6741,46676.54,152.5104
6743,5798.65,222.6362
6744,62517.82,174.9882
6746,24076.33,179.9656
6748,47910.59,149.9378
6749,76436.8,207.6094
6752,39966.91,184.9853
6753,77544.22,200.1185
6754,17204.03,117.4392
6755,28304.56,162.497
6757,20597.04,184.9715
6758,21141.05,114.9509
6759,69249.92,222.65
6761,34370.46,167.4564
6763,27737.11,222.6326
6764,28469.37,242.6106
6765,44939.51,124.9643
6766,146958.0,184.9853
6767,102823.4,222.65
6768,47385.23,149.9598
6769,53431.67,235.1372
6770,61774.69,197.484
6771,31822.26,192.4705
6772,11815.18,164.9647
6773,53866.82,204.9634
6775,67334.21,172.4624
6776,8540.76,192.4885
6779,5440.68,175.0062
6780,25834.35,207.6094
6781,32436.4,217.484
6782,29695.74,94.97283
6783,48257.2,255.1372
6784,20219.9,235.1372
6785,35193.4,222.6143
6786,24653.47,114.9509
6787,115022.1,139.9349
6788,21362.66,149.9447
6789,8156.42,127.4783
6790,53224.48,232.624
6793,42380.25,144.9607
6794,51546.63,262.6106
6795,13133.31,172.4579
6797,19171.71,117.4686
6798,19461.01,129.9621
6799,30717.46,242.6143
6800,4346.53,255.1336
6801,23537.87,172.4705
6803,14489.08,162.4538
6804,17298.74,182.4608
6806,37495.26,194.9768
6808,40257.72,227.4754
6809,50988.01,149.9778
6812,85351.21,174.9699
6813,49227.4,197.4876
6814,35375.83,147.4564
6815,73928.54,184.9853
6816,15700.75,247.6647
6818,52464.43,235.1591
6820,14774.37,204.9634
6822,14146.98,164.9889
6823,14352.3,92.45514
6824,24646.95,149.9778
6825,33347.57,194.9525
6826,19743.2,164.967
6827,20544.61,144.9607
6832,12416.43,124.9607
6833,59102.06,119.9568
6834,52440.69,187.4811
6835,14219.2,182.4608
6840,32992.04,174.9618
6841,65160.83,114.9509
6843,37628.81,149.9378
6844,41429.32,149.9598
6845,52892.85,252.6378
6847,5003.87,139.9568
6848,113002.5,137.4392
6849,40288.03,182.4653
6850,33470.72,182.4676
6851,47972.37,164.9715
6852,38157.06,207.6094
6853,8628.59,204.961
6854,45511.46,159.965
6855,29274.73,190.127
6856,41344.45,172.4441
6857,76770.98,147.4421
6859,32809.47,174.9882
6861,34467.27,147.4421
6862,81345.64,184.9496
6863,39563.99,149.9447
6864,13036.7,139.9568
6865,8351.9,214.9525
6866,15094.07,152.4798
6867,22079.49,192.4885
6868,23678.81,207.4974
6869,21744.9,152.4742
6870,11428.5,262.6106
6871,52554.28,197.4702
6872,44090.16,265.1283
6873,23963.76,159.9656
6874,11581.26,182.4538
6875,66746.67,162.497
6876,19694.03,214.9663
6877,133882.2,92.45514
6878,66377.96,290.1604
6879,52047.29,184.9634
6880,9763.48,157.4836
6881,32917.43,129.9621
6882,21232.67,257.6375
6883,13741.46,182.4608
6884,16422.53,137.4686
6885,70118.45,124.9643
6886,65243.76,182.447
6887,42683.49,137.4836
6888,38449.96,242.6281
6889,8483.31,159.9512
6890,43012.79,192.4567
6891,17706.8,149.9598
6893,50055.6,190.127
6894,22562.87,152.4742
6895,36615.8,132.466
6896,25683.2,149.9598
6898,58718.7,167.4564
6899,65414.02,162.4526
6900,15895.16,200.1185
6901,21071.67,204.9634
6903,48979.76,107.4958
6904,32105.56,182.447
6905,25773.41,162.4526
6906,42171.95,232.624
6907,52473.97,159.965
6908,51204.25,179.9794
6910,81472.37,137.4836
6911,5378.77,124.9607
6914,75523.18,194.9699
6915,81042.06,117.4686
6916,9926.73,152.4624
6918,22827.74,147.4421
6919,79543.27,172.5104
6920,47148.85,149.9621
6921,58425.91,182.4676
6922,50680.38,214.9663
6924,21122.58,182.4433
6925,17383.96,127.4783
6926,26631.34,179.9656
6927,23589.3,182.4433
6928,83931.89,182.4433
6930,124025.1,162.4608
6931,14947.95,117.4392
6932,43769.04,204.9496
6933,18662.94,172.4885
6934,65714.5,152.4555
6935,58015.98,139.9512
6936,31686.42,159.9349
6937,40380.17,184.9496
6938,23896.88,142.4689
6939,16895.16,162.4676
6940,56878.64,144.9607
6943,87724.62,187.6094
6945,12381.51,169.9447
6946,28057.62,162.4833
6947,22554.36,182.4608
6948,102504.9,142.4713
6951,19406.97,220.1185
6954,68142.47,117.4686
6958,81600.16,202.65
6959,115783.2,242.6281
6960,58263.78,137.4686
6962,34918.56,147.4421
6963,89539.21,139.965
6964,79746.71,159.965
6965,32491.4,159.983
6966,7736.99,245.1457
6967,30967.78,179.9476
6968,51589.54,169.9447
6970,10737.28,182.4608
6974,78588.29,147.4783
6975,7611.79,194.9699
6976,71546.23,194.9525
6979,49882.12,184.9647
6980,83480.73,275.1198
6981,6993.43,192.4404
6982,50320.87,104.9781
6983,47529.36,220.1185
6984,10924.25,162.497
6986,23545.0,235.1417
6987,34142.96,159.965
6989,37173.93,172.4579
6990,48630.21,225.1457
6993,22692.45,137.4686
6994,29013.48,159.9794
6995,61090.01,202.4433
6997,48646.01,214.9525
6998,33547.8,144.9889
7000,117468.7,169.9447
7003,31318.14,207.4754
7004,53719.81,242.6143
7005,30140.83,174.9755
7006,78147.45,174.9919
7008,18533.9,187.6094
7009,50030.0,134.9509
7010,31965.59,207.4811
7011,25262.27,225.1457
7012,73130.43,225.1457
7013,20255.71,217.4725
7014,39794.55,159.983
7015,12741.44,149.9778
7017,49761.98,124.9781
7018,14677.91,149.9483
7019,81459.82,204.961
7020,32486.19,114.9509
7021,67676.16,124.9643
7023,39513.49,237.6549
7024,38444.93,257.6513
7025,45617.43,144.9889
7026,19091.9,202.4433
7027,31656.24,220.1149
7028,68597.31,92.45514
7029,16779.7,204.9797
7030,62116.37,129.9598
7031,66830.17,112.4551
7033,17485.75,137.4686
7034,34934.2,220.1185
7036,32397.32,210.1051
7038,45972.59,194.9663
7039,43111.98,172.4579
7040,96442.41,210.1051
7041,3110.21,92.45514
7042,79012.74,232.6378
7043,40272.14,242.6143
7044,32328.76,127.4601
7045,57253.42,159.9476
7046,14512.74,197.4725
7047,28601.03,194.9699
7049,23258.47,169.9928
7050,56747.02,194.9768
7051,17765.33,245.132
7052,47760.0,127.4958
7053,74831.53,132.466
7054,49328.41,137.4686
7055,44678.29,217.484
7057,28571.57,169.9928
7059,46074.13,139.965
7060,11922.83,177.4945
7061,118070.7,157.4836
7062,61779.92,240.1149
7063,23584.17,235.1591
7064,105739.9,192.4404
7065,42859.18,207.4974
7066,26458.72,195.0062
7067,3609.96,197.4725
7068,73510.62,182.447
7069,91660.43,194.9882
7070,95188.95,174.9699
7072,17844.86,149.9447
7074,22736.7,127.4421
7075,26894.62,139.9875
7076,16581.24,204.9496
7078,35090.13,172.4579
7079,81884.76,94.97283
7080,12942.35,139.9568
7081,31641.16,152.4742
7082,30788.59,217.484
7083,11290.41,230.1051
7084,8206.64,159.9875
7085,31003.14,129.9598
7086,31018.0,117.4392
7087,66002.64,197.4725
7088,34786.58,162.4833
7089,11314.53,194.9699
7090,39103.7,159.9512
7091,12804.72,202.6362
7092,9931.18,184.9797
7094,66610.31,144.9607
7096,18825.6,114.9509
7098,21391.79,92.45514
7099,28426.39,172.4567
7101,50896.56,139.965
7102,9231.72,127.4421
7103,59746.04,220.1149
7106,61481.0,139.965
7107,18849.08,169.9447
7108,63533.6,202.4433
7109,38151.92,197.484
7110,22606.89,157.4836
7111,48847.09,140.0013
7113,6421.76,162.4827
7114,52976.87,240.1149
7115,34584.19,217.4702
7117,44804.66,182.4433
7118,33095.5,217.484
7119,6784.27,142.5007
7120,33894.23,220.1185
7121,39874.17,172.4555
7122,35699.32,157.4836
7124,87682.33,139.9512
7128,13188.89,129.9598
7129,71144.84,172.4624
7130,59802.63,184.961
7131,73435.88,265.147
7132,68459.58,127.482
7133,31086.43,127.4601
7134,47993.85,232.6228
7137,21252.51,134.9509
7138,35515.33,159.965
7139,23374.41,194.9581
7140,34832.5,127.4738
7141,9842.67,124.9607
7142,81559.65,252.6378
7144,37123.95,182.4676
7145,48323.96,147.4738
7146,29036.18,200.1323
7147,8781.96,222.65
7148,80790.57,159.9512
7150,35282.1,129.9915
7151,23375.25,207.6094
7152,23823.89,167.4564
7153,8223.75,92.45514
7155,88340.8,242.6143
7156,64541.1,200.1323
7157,49500.0,172.4885
7158,24284.4,162.4676
7160,37633.32,129.9778
7161,5563.7,169.9741
7162,29283.21,179.9794
7163,77898.38,262.6106
7164,73900.03,114.9509
7165,48291.03,144.9607
7166,46680.14,190.127
7168,29061.7,172.4885
7170,10374.35,159.9656
7172,47832.25,242.6106
7173,27497.85,114.9728
7176,26382.57,127.4958
7177,11576.34,220.1323
7178,37276.49,162.4538
7179,25156.74,159.9476
7180,106704.4,157.4836
7181,49282.33,197.4725
7182,41216.81,202.4433
7183,5331.26,117.4392
7184,25118.27,184.9715
7186,33774.23,242.6281
7187,22680.7,202.6362
7188,30281.73,162.4689
7189,14570.01,159.9349
7190,9349.55,152.4624
7191,103076.7,164.9889
7192,76518.34,207.6094
7193,7125.29,154.9755
7194,18552.63,187.4847
7195,32123.33,162.447
7196,12859.78,144.9889
7197,11898.85,214.9663
7198,12366.54,179.9476
7199,64333.45,255.1372
7200,25024.22,162.4833
7201,65841.25,252.6378
7202,10878.07,164.9889
7203,80011.9,137.4686
7205,7908.67,172.4567
7206,16442.14,172.4885
7207,40683.97,179.9794
7209,14096.28,174.9581
7210,12567.22,179.9476
7211,5979.39,117.4392
7212,21353.34,139.965
7213,36414.44,192.4705
7214,13960.75,159.965
7215,15157.92,202.65
7216,9483.24,149.9378
7217,18584.57,137.4872
7218,13756.92,172.4404
7219,30553.58,202.4433
7220,12119.43,137.4686
7222,48415.61,235.1591
7223,42619.82,127.4958
7225,121964.1,262.6106
7227,9771.32,162.4713
7229,23948.23,174.9755
7230,101429.4,149.9483
7232,77919.02,237.6549
7233,20421.97,184.9785
7235,14142.98,192.4404
7236,22046.5,159.965
7237,17020.84,174.9744
7238,42913.99,159.965
7239,9929.57,159.9349
7240,34742.99,194.9581
7241,57067.4,202.6362
7242,43194.01,127.4783
7244,18345.28,192.4567
7245,44832.24,169.9447
7246,22064.33,182.4608
7247,20991.61,172.4742
7248,47274.12,139.9512
7249,12645.73,197.4725
7250,12035.92,174.9581
7251,94035.57,202.65
7252,15816.63,157.4836
7253,78882.46,184.961
7255,8882.07,139.9349
7256,28371.99,139.9568
7257,24619.98,240.1149
7258,67432.19,204.9496
7259,10037.48,194.9768
7260,44577.1,119.9568
7261,46229.7,169.9447
7262,27168.77,192.4404
7264,17870.91,207.4673
7266,8897.04,202.4433
7268,73170.66,114.9728
7270,89172.4,149.9741
7275,17228.39,212.6228
7276,37334.04,182.447
7277,54508.92,204.9634
7279,32695.17,162.4653
7280,40929.13,242.6106
7281,23381.3,127.4958
7282,93688.1,124.9643
7284,44270.5,162.4689
7285,61840.28,230.1051
7286,41998.76,192.4705
7287,38329.67,194.9744
7289,22690.69,164.9889
7290,13227.96,232.624
7292,53431.85,184.967
7293,58086.96,142.4827
7294,97539.36,265.147
7296,43271.39,222.6143
7297,34544.45,257.6375
7298,100711.6,162.4538
7300,47461.38,179.9656
7301,36537.4,182.4608
7303,80551.29,114.9509
7304,25130.62,104.9781
7305,20307.18,92.45514
7306,29921.91,162.4827
7307,26624.15,275.1198
7308,39070.38,172.4705
7309,12515.49,207.6094
7310,42914.32,202.6362
7311,112803.7,172.4624
7312,27669.81,190.127
7313,22011.62,275.1336
7315,93786.55,255.1555
7316,83992.54,152.4555
7318,48830.79,167.4564
7319,22892.91,220.1149
7321,9566.65,202.65
7322,45822.57,169.9378
7323,74964.31,149.9378
7324,40675.75,104.9781
7325,45020.53,114.9509
7326,13219.33,265.147
7327,24283.07,144.9607
7331,54773.38,220.1323
7332,23372.7,230.1051
7334,50865.2,104.9643
7335,82148.12,242.6106
7336,38613.68,194.9768
7337,142974.0,142.4827
7338,62262.35,157.4836
7339,41111.2,159.9656
7340,15907.11,195.0062
7341,36116.64,172.4555
7342,12691.05,200.1185
7344,41361.07,149.9621
7345,40059.29,174.9919
7346,62613.43,134.9509
7348,49188.96,159.9349
7350,13218.2,139.9349
7351,16076.21,159.9476
7352,16657.89,162.5007
7353,17355.79,114.9509
7355,77580.3,174.9581
7357,33203.62,184.9647
7358,87230.5,112.4551
7359,24395.72,104.9781
7364,66987.12,255.1336
7365,92667.03,200.1185
7366,21304.2,147.4738
7367,15849.62,159.9794
7369,33140.57,182.4608
7371,4547.32,207.4974
7372,8651.06,107.482
7373,93783.49,149.9778
7374,30483.16,179.9476
7375,55327.65,147.4564
7376,8792.33,147.4421
7377,112687.7,124.9781
7378,52716.21,174.9699
7380,14074.23,220.1323
7381,118983.0,159.9476
7382,61852.29,169.9447
7383,62184.87,230.1051
7384,18216.49,129.9778
7385,56905.46,129.9621
7386,110491.4,104.9643
7387,62662.78,169.9928
7388,51063.25,174.9699
7389,3945.76,222.6326
7390,36461.2,144.9889
7391,21391.25,147.4738
7392,46593.83,127.4958
7393,34865.54,137.4836
7394,47631.91,235.1591
7395,15481.45,194.9525
7397,59234.25,137.4392
7399,34267.42,255.1336
7400,20519.11,152.466
7401,24629.69,215.1591
7402,17036.62,139.9349
7403,41522.19,172.4579
7404,45907.32,182.4676
7405,34004.09,194.9581
7406,77874.21,172.5104
7407,23180.99,184.9785
7408,12958.74,172.4624
7409,6362.72,217.484
7410,43104.69,124.9607
7411,18759.85,187.6094
7412,25971.15,127.4738
7413,34568.72,262.6106
7416,59954.4,117.4392
7417,68388.05,240.1149
7418,33535.84,179.9794
7419,40964.54,149.9598
7420,46403.85,187.4811
7421,113865.7,129.9598
7422,16210.49,245.132
7423,37904.65,149.9378
7424,25214.35,137.4392
7425,82784.14,147.4601
7428,50956.85,192.4885
7429,51463.12,202.4433
7430,32152.08,275.1336
7434,20009.09,160.0013
7435,17201.71,104.9781
7436,48510.35,174.9882
7437,26029.85,255.1417
7438,8460.1,242.6106
7440,14356.43,124.9643
7441,9726.8,114.9728
7443,31525.05,267.6427
7444,23177.92,235.1591
7445,22715.5,207.4974
7446,71117.01,137.4872
7447,11422.46,94.97283
7448,41691.46,162.4827
7449,38947.81,172.4567
7450,10843.0,187.4974
7451,25605.4,204.9797
7452,19777.62,164.967
7453,2855.7,182.4433
7454,51221.88,162.4676
7456,46946.66,142.4526
7457,8054.38,184.967
7459,63428.97,174.9882
7460,24372.54,124.9781
7461,63807.18,257.6513
7462,20826.26,222.6362
7463,81149.0,162.4827
7464,81282.63,162.4538
7465,51475.44,162.4676
7466,52458.7,137.4392
7467,43665.61,152.4579
7468,25195.32,147.4601
7469,89413.31,159.9512
7470,41192.11,194.9699
7474,13774.14,149.9621
7475,46014.14,220.1185
7477,48838.86,117.4392
7478,31308.75,152.4624
7479,14606.55,255.1336
7480,28399.99,159.9349
7481,26524.51,187.4811
7483,15332.39,252.624
7484,78971.09,94.97283
7485,60744.3,219.9902
7486,96579.4,104.9781
7487,9273.52,184.9647
7489,64782.28,159.9656
7490,16257.6,174.9744
7491,15898.57,184.9634
7492,18024.55,144.9607
7493,26823.13,167.4564
7494,42343.23,174.9755
7495,9898.75,182.4433
7496,23324.66,164.9889
7497,18542.59,149.9778
7498,28254.82,162.4676
7501,90795.38,252.6378
7502,137977.7,129.9483
7504,14401.6,252.624
7505,7490.58,137.4872
7506,52062.66,245.147
7507,18517.01,127.4738
7509,41372.75,232.6378
7510,55227.66,242.6281
7511,9906.53,159.9512
7512,70458.03,212.6415
7513,14553.16,182.4433
7514,16604.0,179.9656
7516,10647.22,212.6415
7517,2475.81,232.6378
7518,29155.86,112.4551
7519,36614.77,182.447
7521,31359.19,164.9785
7523,82645.48,222.6281
7524,7451.22,149.9378
7526,5537.66,169.9378
7527,41620.84,220.1185
7528,18694.86,222.6143
7529,37333.83,270.1604
7530,38986.79,147.4564
7531,15824.18,172.4624
7532,25660.71,152.5104
7535,18056.25,147.4601
7536,52639.57,255.1198
7537,9019.07,212.6415
7539,19198.61,162.4713
7540,67871.48,195.0062
7541,10547.83,127.4601
7542,71530.36,149.9621
7543,2353.03,169.9447
7545,44909.71,129.9621
7547,23882.77,194.9882
7548,61449.42,242.6143
7549,80803.99,219.9902
7550,44220.48,192.4705
7551,38126.77,197.484
7552,16493.86,112.4551
7553,24620.49,179.9476
7554,50973.42,184.9785
7556,82714.05,182.4433
7558,76110.3,92.45514
7559,42072.37,129.9621
7560,32833.84,169.9741
7561,52119.38,149.9447
7562,58937.05,190.127
7563,75907.67,287.6427
7564,66342.21,139.965
7565,27757.33,235.1591
7566,81140.88,149.9378
7567,72581.13,144.9889
7568,19590.84,124.9643
7569,8977.52,147.4421
7570,68520.49,179.9476
7571,4222.75,172.4567
7572,6416.11,167.4564
7573,45924.54,255.1336
7574,50835.25,210.1051
7577,38479.29,129.9621
7578,78103.68,179.9476
7580,10667.51,179.9476
7581,57201.39,159.9512
7583,3167.88,157.4836
7584,31739.83,124.9607
7585,109653.3,162.4538
7586,34252.86,164.9889
7587,37475.23,202.4433
7588,32889.88,229.9931
7589,54808.33,187.4673
7592,68626.5,197.484
7593,62132.48,162.4653
7594,35848.61,207.6094
7595,35666.27,92.45514
7596,84314.93,210.1051
7597,40364.46,172.4579
7599,96190.74,187.6094
7600,107720.5,92.45514
7601,77478.63,194.9581
7602,73082.67,182.4433
7603,18621.61,194.9882
7604,65707.03,160.0013
7606,9669.27,194.9581
7608,80905.43,129.9598
7611,52397.9,199.9902
7612,11807.8,162.447
7613,29552.09,92.45514
7614,23239.53,169.9447
7615,65242.66,152.4798
7617,36319.34,192.4705
7619,26974.35,174.9755
7620,26110.4,149.9447
7621,35176.64,164.9715
7622,27568.88,114.9728
7623,46457.36,194.9581
7624,2584.6,222.6326
7627,71013.32,154.9755
7629,100608.2,192.4567
7630,13471.14,139.9875
7631,35274.36,169.9447
7633,57318.2,137.4698
7634,29701.43,252.6378
7636,6998.45,142.4526
7637,26545.33,117.4392
7638,22189.51,187.6094
7642,26759.89,262.6106
7644,21749.65,127.4601
7645,69131.11,182.4538
7646,40818.2,137.4392
7647,22300.51,157.4836
7648,4003.56,139.983
7650,46153.23,127.482
7651,135166.6,144.9607
7653,30286.85,127.4958
7654,23083.74,182.4433
7655,5896.69,255.1198
7656,80782.53,192.4705
7657,27476.28,147.4783
7658,24214.43,139.9875
7659,59939.02,157.4836
7660,50315.17,127.4958
7661,44435.09,179.9476
7662,51383.17,197.4876
7663,8935.81,194.9581
7664,49954.4,129.9621
7666,27251.15,174.9618
7667,35072.27,197.484
7668,41697.74,179.9476
7669,6551.34,182.4538
7670,32935.41,210.127
7671,48000.45,149.9741
7672,43154.85,222.6362
7673,4959.61,270.1604
7674,13473.99,210.1051
7675,49102.56,217.484
7678,6210.83,182.447
7680,72298.05,212.6415
7681,23353.6,184.9853
7682,28679.37,167.4564
7685,63599.94,229.9931
7686,31551.04,242.6326
7687,52730.55,225.1457
7688,20514.4,164.9785
7689,12938.03,139.983
7690,36283.34,144.9607
7691,14128.58,210.1051
7692,7297.34,232.624
7696,6511.56,270.1604
7697,55582.52,142.4827
7699,45433.92,169.9447
7701,46463.47,220.1323
7702,70140.91,169.9928
7703,8589.52,167.4564
7705,30577.74,172.4579
7707,38931.97,255.1336
7709,38821.95,134.9509
7710,18037.76,149.9378
7711,65783.84,139.9349
7713,50599.12,159.9794
7714,46164.49,104.9643
7715,13317.33,242.6143
7716,90857.99,140.0049
7718,41695.97,149.9928
7719,13069.94,159.9349
7720,113095.0,245.1283
7722,102928.6,187.6094
7723,45278.46,200.1323
7724,66644.71,169.9928
7725,40098.08,192.4705
7726,15931.18,262.6106
7727,51865.58,174.9618
7728,32893.0,179.9656
7729,14780.0,184.9853
7731,20108.49,147.4783
7732,20014.25,149.9447
7733,19288.37,192.4567
7734,22409.74,127.4601
7736,35215.76,255.1417
7737,17571.8,200.1323
7738,19256.41,157.4698
7739,68825.55,162.5007
7740,8774.81,172.4579
7741,26532.74,197.484
7742,42849.02,192.4705
7743,30712.74,132.4798
7744,27636.12,235.1555
7746,11287.26,230.1051
7747,13554.79,184.9496
7748,55164.8,204.961
7749,22588.94,149.9915
7751,72032.69,154.9618
7752,85921.6,235.1591
7753,57725.74,149.9378
7754,23785.52,179.9476
7756,13893.6,252.624
7757,34261.92,184.9797
7758,93970.75,149.9915
7759,12421.16,212.6228
7762,11096.39,172.4404
7763,14493.87,192.4567
7766,31304.23,192.4885
7767,18078.02,212.6415
7768,13642.51,152.4624
7769,36271.6,245.1457
7770,27715.71,127.4738
7771,45203.76,162.4713
7773,28883.86,159.9349
7774,26157.03,159.9794
7776,19360.56,202.65
7777,43560.75,139.9349
7779,73585.2,210.1051
7780,13419.4,232.624
7781,131421.6,182.4433
7782,58634.05,179.9794
7783,25377.86,214.9663
7784,73871.69,182.4538
7785,42176.36,192.4567
7787,12826.8,207.4811
7788,34128.52,139.965
7789,5841.81,137.4872
7791,53710.01,114.9728
7792,27210.96,117.4686
7793,4850.34,152.466
7796,21397.92,287.6427
7797,28885.46,117.4392
7798,47100.05,149.9621
7799,72477.17,152.4579
7800,18685.16,287.6427
7802,23960.61,149.9598
7803,12435.87,127.4421
7804,149891.1,265.147
7805,11319.52,172.4404
7806,40647.66,152.4798
7807,18620.96,159.965
7808,27601.96,182.4538
7809,33350.91,220.1149
7810,20069.25,152.4579
7811,38524.15,179.9656
7812,86463.61,147.4421
7814,37419.19,184.961
7815,37394.14,162.4608
7817,52128.79,242.6143
7818,12018.73,182.4608
7820,14472.75,169.9378
7821,38040.43,194.9699
7822,44455.34,184.9496
7823,20507.78,149.9483
7824,22427.56,149.9621
7825,19839.22,172.5104
7826,66681.76,142.4526
7827,126992.3,194.9882
7828,19153.42,114.9728
7830,9005.1,144.9607
7831,2842.64,184.967
7832,29952.37,112.4551
7834,26270.48,232.6378
7835,34995.55,240.1149
7836,6057.28,210.127
7837,53254.75,242.6326
7838,13880.01,222.65
7839,16592.28,252.6378
7840,39381.88,204.9496
7841,41287.82,152.4579
7842,15263.96,147.4783
7844,19773.15,172.4885
7846,11050.03,149.9741
7847,64328.0,159.965
7848,49486.67,235.1417
7849,74086.17,252.624
7850,27898.0,222.6281
7851,6556.37,227.4754
7853,8091.47,94.97283
7858,28282.29,242.6143
7859,39933.37,287.6427
7860,12246.0,222.6281
7861,43915.04,179.9476
7862,24650.65,222.6143
7865,41756.12,257.6513
7866,6034.69,124.9643
7867,6249.7,245.1283
7868,61425.51,232.6378
7869,28379.08,182.4653
7870,31722.2,92.45514
7871,6757.33,174.9744
7872,22635.96,149.9378
7873,4035.91,139.9568
7874,25263.19,262.6106
7876,18911.43,222.6143
7877,48688.3,172.4579
7878,80149.29,257.6549
7880,28516.89,169.9447
7881,112837.8,137.4686
7882,25405.05,182.447
7884,55580.57,124.9781
7885,13801.14,142.5007
7887,62939.99,179.9476
7888,28238.85,147.4564
7889,31450.16,262.6106
7891,16210.46,174.9919
7892,35965.27,160.0013
7893,9789.41,124.9643
7895,90706.26,117.4392
7896,29228.14,147.4783
7897,43736.4,190.127
7898,7071.85,117.4392
7899,72549.36,229.9931
7901,65558.44,182.4676
7902,19533.16,222.65
7903,52985.04,159.9656
7904,36262.17,230.1051
7905,29599.71,242.6281
7906,28276.68,204.9634
7907,16263.98,129.9621
7908,41055.8,174.9882
7909,138155.7,117.4392
7910,43750.86,152.466
7911,14578.27,242.6143
7913,38806.49,162.5007
7915,24417.9,182.4608
7916,21887.88,149.9378
7917,15231.77,182.4538
7918,44808.02,179.9656
7919,89310.12,134.9509
7920,34629.11,147.4738
7921,18998.58,159.9512
7922,12154.87,184.9634
7924,11397.14,139.965
7925,63363.51,139.9349
7926,64756.4,144.9607
7927,17666.42,159.9794
7928,12116.02,139.9349
7929,17974.85,129.9598
7931,27246.52,207.4811
7932,50998.03,162.4827
7933,44682.25,257.6549
7934,47522.52,190.127
7935,35866.89,255.1198
7936,23498.57,194.9882
7937,42924.08,124.9607
7939,5512.35,107.4958
7940,4241.63,210.1051
7941,11320.55,174.9768
7942,8985.14,235.1372
7943,39270.14,179.9794
7944,6527.16,144.9607
7945,22445.76,162.4653
7946,123006.6,265.147
7947,43854.96,222.6326
7948,33554.51,194.9744
7949,34511.01,257.6513
7951,39372.66,200.1185
7954,57201.64,179.9476
7955,32213.28,255.1336
7956,28039.99,217.484
7958,6814.71,209.9931
7959,12097.74,157.4836
7960,21066.44,200.1323
7961,23274.77,159.9875
7962,25666.63,187.6094
7963,159532.5,157.4836
7964,23595.65,152.4555
7965,14731.91,124.9607
7966,30885.95,164.9785
7967,47333.98,164.9647
7969,51151.76,174.9699
7970,33446.77,172.5104
7971,17235.3,230.1051
7972,48168.63,149.9447
7974,63841.07,192.4404
7975,45913.33,275.1336
7979,16276.54,229.9931
7981,31570.14,107.482
7982,58783.8,119.9568
7983,42369.14,162.4827
7984,18386.57,217.484
7986,63881.41,117.4686
7987,52153.53,204.961
7988,33067.37,172.4579
7989,15763.55,134.9509
7990,47832.37,94.97283
7991,43374.14,162.4608
7992,90756.87,242.6281
7993,7172.86,172.4885
7995,72214.56,142.4526
7996,26077.57,119.9568
7997,25371.48,212.6228
7998,107804.6,117.4686
7999,22875.95,245.132
8000,37808.3,149.9778
8001,42630.35,162.497
8002,22192.77,139.983
8003,21874.98,209.9931
8004,14636.41,127.4601
8005,63870.16,207.4811
8006,67694.49,169.9447
8007,64140.04,182.4608
8008,65966.95,137.4686
8009,9880.38,252.6378
8010,37513.71,127.4421
8012,61583.24,139.9349
8014,11609.18,162.4653
8015,37588.44,212.6228
8016,72753.32,229.9931
8018,12226.89,187.4847
8019,83831.61,172.4624
8020,49768.03,232.624
8021,56969.75,187.4847
8023,35214.65,225.1457
8024,70752.94,152.4555
8025,33733.53,172.5104
8026,28028.85,179.9476
8027,83600.69,182.4653
8028,19345.8,220.1323
8029,54364.66,162.4689
8030,8930.13,190.127
8031,83444.23,245.1457
8032,29611.97,255.1336
8034,59563.85,232.624
8035,33883.79,194.9525
8036,60703.43,164.9853
8037,43826.83,225.132
8038,10937.24,149.9598
8039,11991.16,222.6362
8040,101307.0,154.9618
8041,14808.26,267.6647
8045,11391.52,210.1051
8047,16834.95,179.9794
8050,18809.09,255.1198
8051,46337.92,167.4847
8053,15872.42,194.9581
8054,65755.81,114.9509
8055,50217.94,157.4698
8057,75249.62,107.4958
8058,20901.9,149.9483
8059,24023.55,139.965
8060,19367.71,129.9483
8061,59084.69,179.9476
8062,47909.98,127.4601
8063,41983.7,275.1336
8066,94246.4,190.127
8067,16648.35,240.1149
8068,24024.91,114.9509
8069,23375.97,129.9483
8070,16647.06,182.4676
8071,42411.01,232.624
8072,15635.34,187.6094
8073,105745.6,214.9525
8075,13933.32,159.983
8077,48074.79,147.4783
8078,13269.12,149.9378
8079,42215.28,172.4567
8081,22585.74,210.127
8082,36841.04,232.6228
8083,20522.76,164.967
8084,28900.26,112.4551
8085,30820.29,152.4798
8086,35671.63,169.9741
8088,24225.45,179.9794
8090,66230.63,137.4392
8091,15231.39,240.1149
8093,25888.53,149.9741
8094,41753.09,265.1283
8096,43293.26,127.4958
8097,8214.65,172.4624
8098,28019.03,129.9483
8099,34919.71,187.4811
8100,19056.07,204.9634
8101,16602.2,247.6647
8102,22549.82,117.4392
8103,17078.58,129.9621
8104,59261.2,159.9476
8106,13824.18,194.9882
8107,46769.27,147.4783
8108,34534.92,182.4538
8112,7878.24,159.9349
8113,83910.59,124.9643
8114,20327.16,112.4551
8115,14181.4,265.1283
8116,84009.73,242.6326
8117,68395.96,162.4538
8118,33780.14,240.1149
8119,16804.27,137.4392
8120,66183.72,245.1457
8121,7564.31,149.9483
8123,50930.19,230.1051
8124,42635.51,187.6094
8125,12734.05,204.961
8127,28613.3,242.6143
8128,42953.62,240.1149
8129,85647.87,149.9621
8130,58120.56,172.5104
8131,24835.35,207.4811
8132,113254.1,149.9621
8134,26412.67,149.9483
8135,61257.0,159.983
8136,44622.42,152.4798
8137,65548.03,129.9483
8139,23994.35,242.6106
8140,23441.22,200.1185
8141,61649.66,152.4555
8142,11404.4,169.9447
8143,25213.39,212.6415
8145,43778.76,162.4713
8146,6550.77,92.45514
8148,68319.38,134.9509
8149,1785.94,230.1051
8150,30153.27,242.6143
8151,15393.51,172.4555
8152,28749.22,137.4392
8153,35557.53,162.4608
8154,21963.27,202.6362
8155,22049.22,204.9496
8156,31881.36,267.6427
8158,31896.6,212.6415
8159,10588.62,257.6549
8160,6636.93,182.4608
8162,45926.27,162.4538
8163,55361.14,210.127
8164,73186.39,127.4738
8165,51574.81,187.6094
8166,33653.85,147.4601
8167,9255.14,182.4653
8168,12430.83,162.447
8169,31757.09,182.4538
8170,18234.2,167.4564
8171,85549.31,152.4441
8172,92095.69,219.9902
8174,46502.45,242.6281
8177,29935.05,92.45514
8178,71002.71,159.9794
8179,146536.7,172.4705
8180,78356.31,204.9634
8181,12001.77,162.4653
8182,61256.1,149.9915
8184,25777.72,202.65
8185,25046.32,137.4872
8187,1469.25,172.4567
8188,32735.23,140.0013
8189,29434.53,149.9483
8191,36752.22,127.4958
8192,9183.89,164.9715
8193,11602.24,107.482
8194,24779.5,152.5104
8195,11185.44,194.9699
8196,12908.92,245.132
8197,26774.77,144.9607
8198,38674.95,169.9378
8199,60460.44,252.6378
8200,68057.33,169.9741
8201,27361.32,134.9509
8202,64687.11,149.9447
8203,12197.3,177.4945
8204,26921.3,222.6326
8205,53517.26,184.967
8207,56876.26,144.9607
8208,64936.87,94.97283
8209,19106.09,245.1457
8210,51568.29,152.4798
8211,52729.62,210.127
8212,18438.94,124.9607
8213,31547.84,92.45514
8215,95360.44,220.1323
8217,23778.28,235.1372
8218,5425.34,152.4579
8219,19903.1,217.484
8220,22058.82,142.4827
8221,4640.91,235.1555
8222,20164.01,194.9744
8223,33488.35,255.1417
8224,25750.6,184.9715
8225,33298.78,129.9598
8226,21599.58,147.4738
8228,63352.12,137.4872
8229,31234.72,149.9741
8230,69232.25,220.1185
8231,71166.06,225.132
8232,19546.62,169.9378
8233,24367.72,129.9598
8234,43492.61,162.447
8235,111442.1,149.9621
8236,53458.43,225.132
8237,16769.53,175.0062
8238,12944.52,127.4421
8239,18336.35,195.0062
8240,23456.98,192.4567
8241,20316.98,159.9349
8242,68803.52,159.9349
8243,43850.44,287.6427
8244,12616.3,275.1336
8245,43468.48,232.6378
8246,20782.03,182.4676
8247,18436.32,137.4872
8249,42104.22,157.4836
8250,26353.03,169.9378
8251,35415.95,204.9496
8252,18498.45,194.9525
8253,43096.85,139.9349
8254,146590.9,167.4564
8255,12881.49,210.127
8256,12473.92,182.447
8257,14876.79,242.6281
8258,5156.97,245.1283
8259,4986.92,112.4551
8261,38373.52,140.0013
8262,92399.2,119.9568
8263,9310.14,229.9931
8264,45249.29,217.4725
8265,39594.01,230.1051
8266,48702.23,265.1283
8267,20921.95,245.1457
8268,52758.91,182.4833
8269,17899.79,139.9568
8270,45512.2,167.4847
8271,72870.66,174.9699
8275,47088.97,139.965
8276,38131.01,179.9476
8277,63467.94,222.6143
8278,59226.92,174.9755
8279,15651.78,167.4564
8280,87907.66,267.6647
8281,51460.33,107.4958
8282,10471.59,240.1149
8283,43588.1,252.6378
8285,25350.75,220.1149
8287,23120.09,149.9621
8288,10064.84,114.9728
8289,29993.81,147.4783
8291,43750.46,204.961
8294,13549.81,184.961
8295,31716.91,174.9768
8296,13978.55,114.9728
8297,51669.46,192.4705
8298,23095.6,137.4392
8299,12378.01,92.45514
8300,70962.7,245.1283
8301,26661.36,182.4608
8302,26480.5,114.9509
8304,23519.01,157.4698
8305,82535.24,252.624
8306,25050.64,134.9509
8307,42034.08,167.4564
8308,17413.73,187.6094
8310,23191.81,220.1149
8311,19364.23,265.1283
8312,9950.46,210.127
8313,52360.6,117.4392
8314,65012.85,149.9483
8315,105005.6,162.5007
8317,54859.16,262.6106
8319,37004.73,169.9378
8320,23239.84,245.1457
8322,29753.9,210.127
8323,9802.05,192.4705
8324,45166.7,204.961
8325,14761.9,127.4783
8326,113593.3,172.4404
8327,20618.01,204.9634
8328,52756.23,139.9568
8331,29732.11,124.9643
8332,23283.85,117.4872
8334,4498.71,164.9715
8335,51371.19,242.6326
8336,16151.73,222.6281
8337,30686.01,124.9607
8338,20240.87,157.4836
8339,3157.81,184.9647
8340,62064.97,182.4538
8341,47777.77,157.4698
8342,28658.87,169.9378
8345,11267.89,117.4686
8347,30049.79,134.9509
8348,13547.69,207.4974
8349,46826.7,127.482
8351,113912.9,129.9483
8352,35989.93,169.9447
8353,23449.18,182.4433
8354,33692.36,162.4538
8355,74519.58,194.9882
8356,25647.81,240.1149
8357,44165.04,217.4725
8359,21253.32,179.9794
8360,49737.57,162.4676
8361,70354.12,162.4526
8362,48628.18,204.961
8363,33056.02,124.9607
8365,35305.34,167.4564
8366,78242.35,182.4833
8367,37955.41,192.4885
8368,7203.02,164.9785
8369,22243.66,104.9643
8371,20138.55,210.1051
8372,28226.03,169.9378
8374,20769.65,162.447
8375,17847.64,144.9607
8376,27211.31,202.65
8377,79248.45,240.1149
8378,11388.33,192.4705
8379,103098.0,157.4836
8380,43672.55,114.9509
8381,24088.27,140.0049
8382,10475.58,137.4686
8383,32596.51,124.9607
8384,12824.19,194.9581
8385,18785.9,220.1185
8386,25684.14,117.4392
8387,64277.43,94.97283
8388,85614.86,104.9781
8390,25324.77,237.6549
8391,70618.67,152.4555
8392,22295.17,169.9378
8394,119599.4,184.9785
8395,52543.98,207.4673
8396,34471.13,235.1372
8399,52905.61,149.9447
8401,24040.95,147.4783
8402,72654.19,159.965
8404,10892.54,127.4421
8406,57497.76,220.1323
8410,74305.5,222.65
8411,31962.04,220.1185
8412,146600.8,137.4836
8413,9275.55,137.4698
8414,19683.44,242.6326
8415,18679.11,162.4689
8416,5043.14,154.9919
8417,17740.18,192.4705
8418,46656.47,164.9853
8420,42679.8,242.6326
8421,14009.63,182.4433
8422,52171.43,220.1185
8423,32076.79,172.4742
8424,27479.16,132.4798
8425,37542.28,172.4705
8427,23024.38,220.1149
8429,61395.66,117.4392
8430,53563.03,262.6106
8433,6695.49,157.4698
8434,34411.1,137.4686
8435,25568.0,197.484
8436,73309.86,235.1417
8437,25190.07,182.4608
8439,24526.83,242.6281
8440,52337.71,182.4653
8442,89970.37,235.1555
8443,36574.47,192.4885
8444,31894.71,184.9496
8446,39651.69,159.965
8447,4489.66,147.4564
8448,42789.24,164.9785
8449,23279.78,287.6427
8450,29353.41,139.9349
8452,32502.96,117.4392
8453,26887.33,287.6427
8454,53640.47,217.484
8456,30836.33,137.4872
8457,164529.0,245.1457
8458,43088.83,242.6326
8459,14038.55,104.9781
8460,13285.84,184.9785
8461,6759.91,240.1149
8462,40074.01,235.1372
8463,6820.51,149.9447
8466,52797.42,267.6427
8468,62292.07,152.4441
8470,100257.6,147.4421
8471,23355.34,127.4783
8474,43216.69,195.0062
8475,24029.52,219.9902
8479,27058.36,222.6326
8480,49125.36,184.9496
8481,65640.28,222.6281
8482,33567.58,182.4433
8483,20832.66,129.9621
8484,20631.55,172.4555
8485,55933.65,217.484
8486,32929.09,119.9568
8487,16465.85,149.9483
8488,22821.11,140.0049
8489,35950.39,127.4421
8490,107341.5,152.4798
8491,10770.7,182.4653
8492,25747.86,192.4705
8494,30407.3,184.9496
8495,99132.61,202.4433
8496,5435.86,184.961
8497,20406.36,194.9699
8498,108956.8,200.1323
8499,67999.95,149.9778
8500,17175.88,242.6326
8501,27192.54,152.4624
8502,54381.23,184.9797
8503,57498.9,265.1283
8504,15358.09,159.965
8505,58722.42,212.6228
8506,28990.97,194.9744
8507,66115.1,277.6513
8509,46704.87,210.1051
8511,36398.01,124.9643
8512,47833.67,149.9447
8514,12619.97,172.5104
8516,48552.54,139.9512
8517,55153.17,159.9349
8518,43174.81,147.4783
8520,7369.88,217.4725
8521,10992.89,184.9797
8522,31421.54,164.9647
8523,76587.52,207.6094
8525,112961.8,184.9785
8526,112839.8,182.447
8527,24879.0,245.147
8528,37720.52,147.4738
8531,26920.29,147.4601
8532,105294.0,149.9447
8533,17495.04,207.6094
8534,60011.51,179.9476
8535,29453.49,207.4754
8536,13973.69,152.4441
8538,37390.82,235.1591
8539,68500.11,220.1185
8540,38962.14,172.4567
8541,30450.75,169.9447
8542,63719.51,277.6513
8543,16949.89,137.4836
8544,91629.36,164.9785
8547,17965.81,222.6326
8548,28702.52,174.9768
8549,4954.67,219.9902
8550,20312.0,112.4551
8551,26492.19,147.4564
8552,47909.78,124.9607
8553,23995.11,235.1555
8554,97871.03,94.97283
8555,65978.69,162.4676
8556,73093.52,169.9378
8558,26865.42,214.9663
8560,37885.62,162.4608
8563,36205.76,152.4624
8564,35791.81,172.4441
8565,28757.7,252.6378
8566,4263.18,162.4713
8568,15721.08,212.6415
8570,34759.58,117.4872
8571,19948.12,112.4551
8572,18305.22,162.4653
8574,7569.75,214.9525
8575,47027.73,214.9525
8576,71899.67,172.4742
8577,48733.51,152.466
8580,31545.14,92.45514
8581,3971.37,147.4601
8582,45795.23,184.9785
8584,33674.02,242.6326
8585,18852.52,174.9744
8587,58131.94,207.6094
8588,41709.72,252.6378
8589,36727.38,184.9785
8590,36079.26,114.9509
8591,40217.33,167.4564
8593,8855.67,275.1336
8594,12705.84,252.6378
8596,66525.58,252.624
8597,14008.49,144.9607
8599,60311.48,202.4433
8600,27165.73,162.4608
8601,28333.29,182.4608
8602,116972.1,104.9643
8603,32595.47,192.4404
8604,82843.95,159.965
8605,9317.9,159.9512
8609,64949.07,159.965
8610,34326.31,162.4538
8612,75193.8,172.4555
8613,124590.0,159.9349
8614,51630.71,255.1417
8615,33975.64,220.1149
8617,37709.27,207.4754
8618,86921.8,182.4608
8619,46561.38,127.4601
8620,17781.91,137.4698
8621,48357.93,179.9476
8622,37056.67,127.4601
8623,22977.79,174.9919
8624,128842.9,245.147
8625,16997.45,230.1051
8626,88831.62,169.9741
8627,7163.05,197.484
8628,57437.15,169.9741
8629,26722.64,114.9728
8630,35795.48,162.4608
8631,58809.85,182.4608
8633,69369.55,207.4811
8634,43141.58,139.9568
8635,4145.29,182.447
8636,51024.09,172.4705
8637,30935.61,169.9741
8638,58528.77,144.9607
8639,10589.06,237.6549
8640,18732.06,127.4738
8641,34685.97,162.4713
8642,47735.26,220.1323
8644,10759.62,242.6326
8645,54540.21,137.4686
8646,25293.87,230.1051
8647,82302.01,214.9663
8648,73803.96,214.9663
8649,22730.72,172.4579
8650,68058.4,252.6378
8651,14817.47,235.1591
8653,43140.04,207.4673
8654,73725.59,245.1283
8655,27144.01,92.45514
8656,93242.18,187.4673
8657,34962.75,177.4876
8658,62420.93,144.9889
8659,75451.72,252.624
8661,38284.67,182.4608
8664,56884.01,187.6094
8665,52838.06,157.4836
8667,44054.39,172.4555
8668,58054.58,240.1149
8669,50637.64,245.147
8670,121986.8,164.967
8671,84647.54,104.9781
8672,69911.65,220.1323
8673,36844.26,194.9882
8674,25875.88,210.1051
8675,90621.46,172.4555
8676,26826.69,204.9634
8678,11920.23,164.9715
8679,27208.28,230.1051
8680,51338.06,255.1336
8681,17702.11,159.9656
8682,43343.9,172.4742
8683,38645.12,127.482
8684,49975.22,235.1417
8685,75040.63,204.9634
8686,44282.56,219.9902
8688,55474.57,194.9699
8689,28147.43,232.6378
8690,37631.87,152.4555
8691,30834.89,159.9794
8692,14549.37,182.4608
8693,82749.1,182.4676
8694,9043.82,144.9889
8696,23962.0,127.4421
8697,7729.12,124.9643
8698,55132.91,117.4872
8699,33550.48,134.9509
8700,10655.22,169.9447
8702,37064.13,139.9512
8703,16959.6,112.4551
8704,53102.99,245.1457
8705,22871.51,192.4705
8706,8934.54,217.484
8707,22328.75,177.4945
8708,46018.62,172.4567
8709,6063.08,222.65
8712,57316.09,222.6143
8714,47589.97,222.6281
8715,18435.57,152.4624
8716,20746.61,214.9663
8717,38884.17,219.9902
8718,62884.22,172.4624
8719,23178.69,210.127
8720,46509.62,182.4653
8722,29321.25,124.9781
8723,5523.47,172.4567
8725,41617.07,172.5104
8726,25206.38,162.4676
8727,36474.65,137.4836
8728,13487.36,177.4876
8729,23171.12,179.9794
8730,46348.16,245.1283
8731,38395.52,222.6143
8732,65486.61,132.4798
8733,29267.03,174.9618
8736,24592.08,230.1051
8737,8483.28,147.4738
8739,49830.03,267.6427
8740,9743.36,159.9349
8741,39116.35,257.6549
8742,23908.68,159.965
8743,74269.41,139.9512
8744,143641.2,257.6549
8745,40818.88,162.4689
8747,35713.37,184.9496
8748,50967.01,174.9768
8749,87775.72,147.4564
8750,42200.42,147.4564
8751,8517.87,242.6281
8752,17271.98,129.9483
8753,55223.1,257.6513
8754,37327.76,124.9643
8755,26449.68,267.6427
8756,14865.17,152.4624
8758,83829.32,137.4836
8759,53684.77,142.4713
8760,9539.84,275.1198
8762,24548.06,172.4624
8763,35021.59,204.9634
8764,12558.05,220.1323
8765,41466.61,149.9928
8766,12835.28,147.4783
8767,30006.94,117.4392
8768,37078.58,149.9621
8769,17583.94,197.4945
8770,51228.78,144.9607
8771,41164.66,257.6513
8773,26005.03,139.9568
8774,33971.73,225.1457
8775,28857.38,127.4601
8776,71822.03,142.4689
8777,18813.32,222.65
8778,15426.3,134.9509
8779,29567.14,172.4567
8780,19869.24,192.4885
8781,18001.12,137.4836
8782,7742.36,142.4689
8783,28768.29,134.9509
8784,11311.31,112.4551
8785,13102.29,144.9607
8787,10889.01,242.6106
8788,97230.0,207.4974
8789,102431.3,127.4601
8791,33129.89,147.4738
8794,12537.81,139.9349
8795,29161.56,204.9797
8796,32720.92,149.9447
8797,41311.65,134.9509
8799,11575.14,197.4876
8800,37039.36,275.1198
8801,46051.44,200.1185
8802,42539.6,159.9512
8803,9374.34,157.4698
8804,20114.83,192.4404
8805,8361.24,179.9476
8806,12555.95,255.1336
8807,13837.86,139.9512
8809,22802.9,139.9349
8810,33364.77,127.4958
8811,14382.5,207.4811
8812,82983.69,217.4725
8813,57552.49,137.4686
8814,111778.1,222.65
8815,9316.7,207.4754
8817,11955.52,162.4653
8818,19329.4,275.1336
8819,34710.68,159.9512
8820,30964.02,242.6281
8821,50637.25,227.4754
8824,29670.11,204.9496
8826,40885.91,149.9598
8827,7974.41,160.0013
8828,11288.95,139.9568
8830,186156.6,255.1372
8832,18961.05,147.4601
8833,56565.69,159.9875
8835,75515.78,162.4538
8836,37399.88,129.9483
8839,58545.72,164.967
8845,6025.06,217.4702
8846,30256.32,147.4601
8847,24326.72,262.6106
8849,72425.99,154.9755
8850,21499.0,220.1149
8851,21326.64,164.9647
8852,8208.47,207.4673
8853,102702.5,162.4538
8854,3196.26,172.4404
8855,25652.0,200.1185
8856,65768.17,242.6106
8857,11624.31,139.983
8858,19603.48,104.9643
8859,51095.47,139.9512
8861,19418.81,139.9512
8862,87653.56,214.9663
8863,12262.31,117.4686
8864,11681.78,242.6326
8865,35917.89,242.6143
8867,28435.25,232.6228
8868,44290.52,144.9607
8869,3686.27,174.9882
8870,22289.83,139.9875
8871,42242.38,222.6326
8872,13265.39,137.4392
8873,118281.7,207.6094
8874,59814.41,232.6378
8875,27045.06,207.4811
8876,41066.46,159.983
8877,23288.67,137.4872
8878,49062.06,127.4783
8879,9682.42,114.9728
8880,57339.59,194.9882
8881,53330.75,147.4421
8882,56175.87,149.9598
8883,59221.64,242.6281
8884,75008.28,159.9349
8885,47386.97,164.9715
8886,43627.54,182.4676
8887,41971.87,222.6281
8888,56783.12,187.4673
8889,22810.25,112.4551
8890,73067.65,252.6378
8891,11718.07,225.1457
8892,24366.76,164.9853
8893,42760.04,225.1457
8894,90780.38,194.9663
8895,40412.56,245.1283
8897,4551.4,174.9755
8898,25392.45,172.4624
8899,100050.0,147.4421
8903,33392.44,204.9634
8904,39855.68,94.97283
8907,28928.83,174.9768
8908,16499.16,217.4702
8909,81087.13,142.4713
8910,22019.29,149.9598
8911,36932.56,92.45514
8912,140110.0,169.9928
8914,17354.74,152.4798
8915,63080.18,192.4404
8917,12723.64,124.9781
8918,67649.91,114.9728
8919,53901.68,137.4392
8920,21224.38,255.1417
8921,14634.81,240.1149
8923,67040.96,159.965
8926,67637.17,235.1555
8927,41190.38,162.5007
8929,52772.29,242.6106
8932,23101.59,255.1372
8935,15125.59,222.6281
8937,10317.99,184.9797
8939,41526.48,137.4392
8940,63887.79,182.4433
8941,76930.11,174.9699
8942,21299.93,159.983
8943,49613.0,162.447
8944,68056.48,179.9794
8947,57567.11,275.1198
8948,28877.8,257.6513
8949,60053.46,267.6647
8951,10155.82,144.9607
8952,41081.57,245.147
8954,30174.37,147.4738
8955,18978.48,182.4653
8957,12717.4,159.9476
8958,12269.77,255.1555
8959,25861.04,124.9781
8960,84770.13,172.4624
8961,55089.98,137.4872
8963,29048.41,159.9512
8964,34090.55,182.4538
8965,54102.22,104.9643
8967,24588.75,152.466
8968,137687.4,275.1336
8971,49320.63,129.9598
8972,15843.72,147.4783
8973,48781.9,275.1336
8975,15551.28,172.4441
8976,34580.07,232.624
8978,23005.6,162.447
8979,43301.18,129.9621
8981,46923.98,179.9476
8983,94513.15,159.9476
8984,40248.27,147.4601
8985,19268.4,190.127
8986,38488.68,179.9476
8987,12785.8,139.9568
8988,140030.5,194.9882
8989,86197.3,190.127
8990,38670.96,184.967
8992,10040.11,204.9634
8994,78242.15,162.4676
8995,33144.92,220.1323
8996,13596.02,184.9797
8997,33855.49,187.4847
8998,9800.21,137.4698
9000,27917.73,157.4836
9001,31172.22,242.6326
9002,19761.06,277.6513
9005,25113.66,127.4738
9006,17231.33,192.4404
9008,38482.34,117.4872
9009,41556.64,167.4564
9010,92083.74,169.9378
9011,20750.19,220.1185
9012,84440.47,154.9618
9013,16316.98,255.1198
9014,6528.84,159.9349
9015,59570.42,275.1336
9016,26364.52,164.9647
9018,95509.68,117.4392
9021,32495.96,144.9889
9022,79243.91,147.4738
9023,9384.69,210.1051
9024,45316.27,184.961
9025,41097.52,232.6415
9026,12458.49,202.65
9028,4660.45,174.9919
9029,11628.95,149.9447
9030,9193.97,112.4551
9032,160216.1,162.4689
9033,25972.02,194.9581
9036,11738.87,187.6094
9037,27422.23,147.4783
9038,31959.4,179.9476
9039,11659.0,104.9643
9040,67034.95,277.6375
9041,16271.47,112.4551
9042,95064.28,257.6375
9043,16283.13,184.9634
9045,81288.92,147.4421
9046,119017.8,139.9512
9047,15679.34,200.1185
9048,39403.71,207.4974
9049,9724.88,142.4713
9051,53714.51,214.9525
9053,6047.31,204.961
9055,18143.49,179.9476
9056,34414.35,114.9509
9057,82450.93,179.9794
9059,46184.74,147.4783
9060,48836.24,252.624
9061,19200.57,149.9447
9063,62886.29,222.6362
9065,34315.35,184.9634
9066,80447.93,169.9928
9067,17871.59,212.6415
9068,21409.9,252.6378
9069,42921.65,252.6378
9070,40909.6,117.4686
9071,53755.23,107.4958
9072,71134.21,124.9781
9073,12829.0,147.4421
9074,38819.31,149.9621
9075,22428.29,222.6143
9076,15189.38,159.9349
9077,142119.3,149.9483
9078,32306.62,179.9656
9080,71507.95,172.4441
9081,31935.71,159.9349
9083,27756.42,124.9643
9086,24495.84,230.1051
9088,79611.89,184.9797
9089,65916.74,117.4872
9090,33253.04,177.4945
9091,66840.39,187.4811
9093,36496.0,112.4551
9094,36648.54,214.9663
9095,46876.55,142.4713
9096,28372.0,179.9794
9097,51223.48,232.624
9099,47939.14,204.9797
9100,42809.29,245.147
9101,13891.84,157.4698
9102,25648.63,134.9509
9103,11989.27,142.4713
9104,7215.61,139.965
9106,58670.53,117.4686
9107,86234.35,207.4974
9108,16226.86,242.6326
9110,17059.86,207.4811
9111,51059.78,137.4392
9112,20516.44,159.9476
9113,62916.19,144.9889
9114,52994.02,192.4885
9115,27202.17,137.4686
9116,9875.52,207.6094
9117,21294.13,164.9889
9118,25331.57,245.132
9119,26896.04,157.4698
9121,42275.48,179.9476
9122,38830.69,210.127
9123,22649.13,187.4811
9124,97729.46,149.9928
9125,10260.04,267.6647
9126,4492.36,232.6415
9127,43741.92,179.9794
9128,3966.98,232.6228
9129,61023.12,232.6228
9131,21051.88,137.4872
9132,19379.79,252.624
9133,14644.85,235.1417
9134,21808.42,140.0013
9135,63248.45,162.497
9137,92291.31,164.9853
9138,30272.58,252.6378
9139,49823.86,174.9755
9140,33985.54,265.147
9141,72397.73,114.9509
9142,7014.13,277.6375
9143,16897.23,152.4579
9144,56159.24,182.4433
9145,50395.77,92.45514
9146,45021.58,127.4738
9147,48804.01,162.4653
9149,4115.32,169.9378
9150,59248.25,154.9755
9151,83543.98,129.9621
9152,28836.94,262.6106
9153,7228.19,192.4885
9154,52251.85,210.1051
9155,22324.49,184.9785
9156,35299.63,200.1323
9158,15535.84,169.9378
9159,66034.48,162.497
9161,49372.8,159.9476
9162,13031.07,174.9755
9163,83813.21,194.9768
9165,79942.93,107.482
9168,23206.42,142.4827
9169,50335.34,139.965
9170,69555.01,127.4783
9171,39798.55,184.9785
9172,11345.68,162.4538
9173,19224.86,94.97283
9174,14174.86,164.9647
9175,72757.38,242.6143
9176,25866.34,275.1336
9178,65841.5,129.9483
9179,128998.6,162.4689
9180,256998.4,174.9755
9183,41646.4,149.9741
9184,67156.12,204.9797
9185,125034.1,169.9378
9186,23826.48,192.4567
9187,56537.74,159.9512
9188,24311.42,245.1457
9189,33217.6,127.4958
9190,32703.9,172.4441
9191,30154.63,149.9378
9192,34134.21,214.9663
9194,83675.85,287.6427
9196,13233.7,232.624
9197,55820.82,159.9349
9198,62475.24,119.9568
9199,27065.58,207.6094
9200,31023.93,149.9378
9201,57145.52,152.4579
9202,22280.3,225.132
9203,26417.57,159.9349
9205,22720.66,182.4833
9207,90748.01,129.9621
9209,71957.41,162.4526
9210,32340.98,134.9509
9211,11793.4,164.9853
9212,78411.45,129.9621
9214,61042.75,159.9476
9215,33653.9,159.9512
9216,85694.68,162.497
9217,30439.25,129.9621
9218,5663.69,207.4811
9219,30136.17,179.9476
9220,98836.2,220.1323
9222,35476.64,162.4713
9224,36068.74,139.9349
9225,87407.6,192.4705
9226,31185.66,167.4847
9228,13633.24,137.4698
9229,25484.55,149.9598
9231,29843.26,164.9715
9233,163082.1,182.447
9234,33241.87,232.624
9235,50542.54,144.9607
9236,31205.95,149.9621
9237,45157.11,242.6143
9238,32525.69,275.1336
9239,48299.76,202.4433
9241,63536.48,137.4836
9244,41512.12,179.9656
9245,16490.9,197.4702
9247,13391.68,275.1336
9249,173978.0,222.6281
9250,14944.48,169.9378
9252,20825.08,220.1149
9253,49241.33,172.4705
9254,18517.07,149.9378
9255,35183.0,217.4725
9256,53087.64,140.0013
9257,18544.26,187.4974
9258,16886.52,214.9525
9259,95706.49,142.4827
9260,34842.53,204.9496
9261,23936.18,162.447
9262,9922.11,159.9349
9263,40374.09,149.9598
9264,73916.66,204.9634
9265,9397.93,139.983
9266,45417.79,179.9476
9267,12534.97,197.4876
9269,20539.22,220.1323
9270,47565.54,147.4564
9271,12778.82,207.4673
9272,17235.21,169.9741
9273,50946.72,247.6647
9275,51864.36,207.6094
9278,26287.15,252.6378
9280,58610.33,147.4421
9281,37065.62,172.4404
9283,28619.23,127.4958
9284,84731.3,147.4564
9285,68281.26,162.5007
9286,15959.11,162.447
9287,14980.76,187.6094
9290,20977.35,179.9476
9291,57304.51,144.9607
9293,19119.85,220.1323
9294,146719.5,255.1198
9295,58175.44,174.9618
9297,24188.94,132.4798
9298,14510.63,200.1323
9299,74771.86,124.9643
9300,28725.65,277.6513
9301,36315.32,172.4742
9302,17236.85,245.1457
9303,32410.95,220.1323
9304,21406.95,194.9525
9305,25515.76,162.447
9306,17152.68,200.1323
9307,20693.63,202.4433
9308,23011.03,184.9634
9309,25276.46,137.4686
9311,43211.84,204.9797
9312,63433.58,144.9607
9313,1050.46,212.6228
9314,3048.28,147.4421
9315,41036.59,149.9378
9316,14652.88,222.65
9317,13363.47,152.4555
9318,62602.89,219.9902
9319,65893.07,220.1185
9320,19429.91,114.9509
9321,13957.71,257.6549
9322,4242.16,132.466
9323,26248.17,157.4698
9324,35021.69,124.9781
9325,43230.88,152.466
9326,10297.22,147.4421
9327,43716.35,142.4713
9329,7828.87,124.9607
9330,40174.74,240.1149
9331,29511.28,159.9794
9332,82056.21,174.9919
9333,27474.27,129.9621
9334,20037.47,169.9447
9335,52626.1,152.466
9336,123006.3,159.9512
9337,27817.76,159.9476
9338,23288.63,137.4698
9339,76573.56,174.9768
9340,13085.77,245.1283
9342,51630.69,232.6415
9345,117683.5,192.4567
9346,24200.77,169.9447
9347,21430.63,127.4958
9350,12110.3,129.9598
9351,53535.21,275.1336
9352,15836.26,174.9755
9353,29515.26,149.9741
9354,33081.89,129.9915
9357,15029.89,124.9607
9359,56311.65,179.9476
9360,36779.58,139.9349
9361,68398.85,137.4392
9363,5070.36,204.9797
9364,40554.25,179.9656
9365,122765.4,252.6378
9366,74732.97,225.1457
9370,34943.9,137.4698
9371,15954.73,92.45514
9372,32456.55,184.967
9373,8936.79,162.497
9374,42113.2,172.4567
9378,72830.82,245.1283
9379,37630.22,140.0049
9380,56378.17,200.1185
9382,35212.48,114.9509
9384,37111.95,182.447
9385,16125.03,127.4601
9386,37261.09,217.484
9387,50927.0,267.6427
9388,80295.4,152.4624
9389,45373.95,162.4538
9390,33599.19,187.4847
9391,34754.46,255.1417
9392,62554.29,235.1372
9393,3710.56,172.4555
9394,46489.09,197.4876
9395,54955.31,117.4686
9396,10626.38,172.4705
9397,93425.87,162.447
9398,20823.33,275.1336
9399,73912.54,169.9447
9401,38326.22,222.6362
9402,53715.35,207.6094
9403,45967.1,275.1336
9404,94903.52,179.9476
9406,54271.05,214.9663
9407,61079.4,245.1457
9408,28614.43,159.983
9409,22316.64,222.6326
9411,49987.27,235.1417
9412,2635.94,204.9496
9414,123272.3,137.4836
9415,14339.8,179.9476
9416,22506.18,152.4579
9417,10514.57,220.1185
9418,16658.68,157.4698
9419,22319.36,172.5104
9420,44276.29,164.967
9421,75686.61,142.4689
9424,85566.49,142.4827
9425,37363.3,140.0049
9428,134967.2,172.4567
9429,120895.0,217.484
9430,40700.25,152.4798
9431,36517.36,119.9568
9434,39223.71,192.4404
9435,66665.33,194.9663
9436,18531.6,184.9647
9437,36206.69,124.9781
9438,13422.08,149.9378
9439,17612.86,194.9663
9440,73198.38,265.1283
9442,42197.7,175.0062
9443,58578.06,207.6094
9444,115029.8,235.1591
9445,47168.82,192.4705
9446,22751.38,255.1417
9447,74781.03,127.482
9450,18050.48,137.4392
9452,105644.8,179.9794
9453,88325.38,204.961
9454,49513.67,149.9447
9455,54592.6,252.6378
9456,78187.08,222.6281
9458,29281.6,194.9882
9459,14692.76,160.0013
9462,97997.05,112.4551
9463,51931.3,232.624
9464,52999.25,184.9715
9465,38197.58,164.9715
9466,15208.9,184.9853
9467,3789.83,164.9785
9468,39445.92,265.147
9470,74220.0,242.6281
9471,16465.53,129.9483
9472,76807.33,204.961
9473,36886.47,275.1198
9474,55843.59,129.9483
9475,16545.07,210.1051
9477,47077.88,257.6375
9479,29711.23,149.9483
9480,44457.68,127.4601
9483,13872.89,220.1323
9484,75454.23,182.4608
9485,57901.36,184.9496
9486,82584.2,169.9447
9487,58733.26,182.4433
9489,28492.27,114.9509
9490,15885.02,235.1555
9491,34642.75,212.6228
9492,25125.45,235.1417
9493,42723.32,147.4738
9495,45244.55,192.4404
9496,20845.55,167.4564
9497,74742.53,194.9581
9498,5951.1,217.4702
9499,46323.88,169.9447
9500,72185.15,172.4441
9501,37460.94,204.9634
9502,10570.54,255.1372
9503,50455.61,142.4526
9506,56271.7,139.9568
9507,58485.86,204.9634
9508,31975.58,212.6415
9509,20943.07,142.5007
9510,52859.9,169.9447
9511,9373.48,127.4738
9512,41508.2,169.9378
9515,11730.68,184.967
9516,30926.53,169.9741
9517,26701.99,230.1051
9519,64695.35,162.4713
9520,18846.68,147.4783
9521,29495.88,159.983
9522,20168.84,275.1198
9523,13088.68,202.6362
9524,24408.14,242.6281
9525,5062.75,149.9915
9526,81187.28,149.9621
9527,35159.56,197.4945
9528,11700.78,277.6513
9530,60088.68,207.6094
9531,26983.6,214.9663
9532,35405.96,142.4713
9537,27817.23,117.4872
9538,26501.33,159.965
9539,11472.98,139.9568
9540,21569.07,164.9853
9541,20117.04,104.9643
9543,102633.9,127.4958
9544,33126.69,237.6549
9545,5307.89,184.9496
9546,84285.17,117.4686
9548,48000.03,172.4441
9549,9901.54,172.4624
9550,17580.02,92.45514
9551,7266.18,164.9889
9552,85299.46,162.4526
9553,20396.58,159.9349
9554,95374.34,235.1555
9555,13561.91,147.4421
9556,29258.96,159.965
9557,99071.31,104.9643
9558,59794.64,144.9889
9559,40426.46,172.4404
9560,11872.63,197.4725
9561,47875.88,225.132
9562,32418.66,265.1283
9563,6148.24,147.4783
9564,30689.2,117.4392
9565,11319.45,184.967
9566,18840.87,172.4742
9567,40907.98,169.9928
9568,15201.62,147.4601
9569,55779.85,149.9378
9570,42608.15,117.4686
9571,44717.94,159.9656
9572,51302.57,172.4885
9574,79842.59,174.9768
9575,32800.57,172.4404
9576,18435.93,149.9778
9577,38631.12,169.9378
9578,48667.37,159.9656
9579,49464.15,172.4705
9580,25727.59,162.4713
9581,15148.5,159.965
9582,18378.44,137.4392
9583,28781.12,147.4564
9584,30622.68,179.9794
9586,26774.2,92.45514
9587,33333.79,159.9875
9588,30939.83,147.4601
9589,9187.18,187.6094
9590,10408.71,204.9634
9591,32835.55,174.9699
9592,27069.07,112.4551
9593,17391.03,202.4433
9594,6798.07,152.4624
9595,62785.86,275.1336
9596,16462.33,169.9378
9597,71846.74,92.45514
9598,33603.17,162.4713
9599,15978.58,129.9483
9601,12891.9,172.4742
9602,28122.28,197.4725
9603,91852.43,129.9621
9604,67650.26,154.9755
9605,27006.97,207.4754
9608,60081.33,172.4441
9611,69043.68,160.0013
9612,47563.06,202.4433
9614,73691.96,252.624
9615,130319.3,222.6362
9617,13135.95,240.1149
9618,40880.45,147.4564
9621,47075.22,220.1149
9622,33502.78,222.6326
9623,42222.25,172.4567
9624,60405.56,142.5007
9625,13111.46,245.1457
9626,32250.13,214.9663
9628,18366.04,222.6326
9630,42180.72,124.9643
9631,19826.85,204.9496
9632,37615.99,94.97283
9633,12142.88,182.4433
9634,70308.97,169.9378
9635,54831.62,222.6326
9636,30566.35,149.9483
9637,12111.3,169.9741
9638,10326.69,267.6427
9640,13665.54,149.9378
9642,15411.74,137.4392
9644,81108.99,162.4653
9645,64620.61,167.4564
9646,42900.48,172.4404
9648,34957.26,169.9378
9649,71285.56,214.9525
9651,32662.01,157.4836
9652,24437.16,177.4876
9653,32917.33,147.4564
9654,70968.23,184.9496
9655,45028.35,159.9476
9656,136818.5,202.6362
9657,71970.6,197.4702
9658,29603.81,207.6094
9659,76026.12,139.9568
9661,11678.22,204.9797
9662,53324.82,207.6094
9663,10551.43,179.9656
9664,22991.24,179.9476
9665,27274.46,204.9496
9666,111497.4,245.147
9668,2627.52,152.4624
9669,61082.05,172.4404
9671,55302.32,172.4705
9675,48050.5,127.4783
9677,43041.47,117.4392
9678,13511.2,222.6143
9679,88504.85,124.9607
9680,51564.85,147.4564
9682,28810.43,184.9496
9683,13001.78,124.9781
9685,118340.8,177.4876
9686,102173.5,242.6281
9687,66489.98,182.4676
9688,13623.33,149.9915
9691,29987.1,184.9785
9693,66341.45,137.4392
9694,8771.55,182.4538
9695,25653.34,230.1051
9696,98120.0,152.4555
9697,25846.05,179.9794
9699,16096.75,137.4392
9700,45179.37,162.4713
9701,33362.41,162.4713
9703,28348.26,169.9928
9704,26254.4,140.0013
9705,66188.42,232.624
9706,21357.71,182.4608
9707,32807.29,144.9607
9708,44188.48,127.4421
9709,91278.45,164.9785
9710,31952.26,159.965
9711,31486.36,117.4686
9712,9085.42,184.9797
9713,19126.13,159.983
9714,34372.77,277.6513
9716,45249.35,169.9378
9717,9245.78,124.9643
9719,29780.97,147.4783
9721,52883.54,172.4441
9722,31713.03,169.9378
9723,28011.86,184.9634
9724,49862.25,202.6362
9725,63586.05,162.4538
9726,112773.2,147.4564
9728,24614.25,137.4392
9733,39573.48,220.1185
9734,6651.76,270.1604
9735,28155.15,172.4567
9736,25126.76,192.4705
9737,13289.12,172.5104
9738,109574.2,174.9882
9739,46835.84,200.1323
9740,7669.04,159.983
9741,33781.57,172.4579
9744,2566.07,119.9568
9746,17170.93,182.4653
9747,21294.1,245.1457
9748,16570.26,182.4833
9750,105986.5,127.482
9751,39539.32,172.4579
9752,24924.4,275.1198
9753,13223.66,149.9621
9754,34425.39,162.4676
9755,83912.29,197.4876
9756,42400.24,137.4392
9757,6081.68,265.1283
9758,113392.5,134.9509
9759,5134.89,169.9378
9760,14192.54,164.9647
9761,53298.45,172.4705
9762,40287.93,117.4686
9763,58246.13,172.4624
9764,13467.6,137.4836
9766,9539.0,204.9797
9767,52074.5,182.4608
9768,17983.82,245.1283
9769,14368.79,275.1198
9770,13538.2,172.4885
9771,45636.98,140.0049
9773,17324.98,172.4404
9774,14328.73,162.4689
9775,9568.37,149.9483
9776,43778.88,182.4653
9777,60493.62,182.497
9778,54152.37,139.9512
9779,10121.38,162.4713
9782,30243.0,159.9349
9783,31930.06,179.9476
9784,14519.05,137.4836
9786,19910.19,147.4738
9789,10530.09,152.4441
9790,23693.22,242.6281
9791,54388.32,184.967
9792,14688.94,139.965
9793,25399.52,114.9728
9794,40952.09,172.4404
9795,12929.43,172.4555
9796,12944.18,147.4738
9797,38224.65,182.4538
9798,9802.53,174.9755
9799,50072.5,152.4742
9801,33035.79,232.6378
9802,41699.57,124.9607
9803,18125.43,152.4579
9804,11084.4,182.4676
9805,13219.0,207.6094
9806,23150.47,182.4653
9807,73397.27,144.9607
9808,7415.62,124.9781
9809,26765.68,184.9634
9810,32708.23,182.4538
9811,31867.08,142.4689
9812,42972.71,129.9915
9813,4937.73,129.9778
9815,37471.73,132.4798
9816,13033.38,129.9483
9817,91572.91,129.9621
9819,45261.26,129.9598
9820,46437.64,159.9512
9821,28966.67,207.6094
9823,38385.14,172.4404
9824,32765.97,240.1149
9825,30331.59,129.9598
9826,38941.53,137.4686
9827,19805.69,127.4421
9828,65565.99,159.9794
9829,29203.34,204.9634
9830,27714.04,132.4798
9831,20721.26,119.9568
9832,20602.34,124.9781
9833,19408.35,149.9915
9834,17492.86,242.6326
9836,1772.89,174.9768
9837,9278.76,134.9509
9838,41512.21,207.4673
9841,15481.94,117.4392
9842,56408.34,152.4579
9843,52263.69,184.9647
9845,4282.41,139.9349
9847,35520.25,127.4783
9848,16984.19,139.983
9849,134443.3,144.9607
9851,33331.31,142.5007
9852,35456.28,194.9525
9853,22080.88,149.9915
9854,23705.78,162.4653
9855,81847.44,174.9919
9856,11008.1,104.9643
9857,26912.8,129.9621
9858,17681.56,139.9512
9859,35612.65,157.4698
9860,12353.8,159.965
9861,25737.47,149.9915
9862,18634.63,190.127
9864,108806.6,149.9447
9865,22946.95,232.6378
9866,62731.56,230.1051
9870,33999.88,114.9728
9871,19351.19,142.4827
9873,37184.53,112.4551
9874,5629.62,127.4958
9875,24961.35,210.1051
9876,128468.0,147.4421
9877,26314.99,124.9643
9878,24516.61,169.9928
9879,19023.99,127.4421
9880,53473.62,159.9476
9881,39632.68,149.9483
9883,25746.6,129.9621
9885,23795.41,252.6378
9886,45544.64,152.4624
9889,78741.23,149.9598
9890,53015.75,149.9928
9892,73006.74,245.147
9893,90742.25,192.4705
9894,48656.13,177.4876
9896,64176.43,287.6427
9898,46803.94,242.6281
9899,32321.93,242.6143
9900,80884.8,132.4798
9901,77625.49,222.6143
9902,43308.59,164.9889
9904,25062.7,200.1323
9905,21246.03,140.0013
9906,25196.43,182.4433
9907,57595.26,159.965
9909,30026.56,139.9512
9910,40363.21,139.9349
9911,75384.42,232.624
9913,21655.06,134.9509
9914,27758.83,149.9778
9915,65626.75,232.624
9916,50854.38,162.4538
9918,24142.89,194.9768
9919,42691.56,187.4811
9920,34382.04,184.9797
9921,109058.0,107.482
9922,89514.55,217.4725
9923,20753.51,129.9483
9925,19947.99,197.4702
9926,30000.18,214.9525
9927,58302.74,215.1591
9928,59034.02,197.4876
9932,62904.47,255.1336
9933,10242.19,159.965
9934,57886.92,204.9496
9935,57149.88,225.1457
9936,27078.33,114.9509
9940,5265.74,210.1051
9942,18974.4,257.6513
9943,29261.65,235.1372
9944,46731.01,172.4742
9946,22023.11,202.65
9948,80021.51,207.4811
9949,68457.74,277.6375
9950,48311.82,192.4404
9951,19807.12,255.1198
9952,10776.83,194.9525
9953,19708.53,172.4441
9954,43991.91,214.9663
9955,42487.68,94.97283
9956,64901.11,182.447
9957,87968.71,187.6094
9958,20693.32,137.4872
9959,27068.65,162.4526
9960,26990.25,174.9755
9961,17845.3,147.4738
9962,13865.91,204.9797
9964,34966.43,172.4567
9965,51608.52,204.961
9966,35053.42,184.961
9967,16074.96,210.1051
9969,54935.66,194.9663
9970,28711.17,192.4404
9971,40327.0,137.4836
9972,35415.05,144.9889
9973,59751.46,192.4404
9975,13910.41,144.9607
9976,58173.04,265.1283
9977,117089.4,245.1283
9979,12977.79,220.1149
9980,31178.25,172.4705
9981,61722.44,230.1051
9985,72449.84,242.6143
9986,33813.25,204.961
9988,58232.67,194.9581
9990,37186.43,192.4404
9991,30724.26,162.4526
9992,35876.21,137.4392
9994,56384.35,142.4827
9995,55723.74,159.9794
9996,34129.34,207.4811
9997,45983.43,169.9741
9998,16667.58,252.624
9999,9020.92,217.484
