,Income,MonthlyCharge
0,-0.3990985515535053,-0.13040764047769368
1,-0.6420712326367506,1.5390147492081092
2,-1.0706418738350887,-0.42795552643721146
3,-0.7405589996878477,-1.3792844297511064
4,0.008814582218859555,-0.66582536819166
5,-1.0048096220821927,0.5276598677550378
6,-0.4629614306430471,-1.4983692552971244
7,0.6664645791801614,-1.4384767081326781
8,0.36871619628776053,-0.36764846068929596
9,-0.6110343021399536,-0.07087399385091177
10,-0.7612204047567315,-0.6654976308875304
11,1.553588302500741,-0.9634024191315701
12,2.6677291741534246,0.16733200641733886
13,0.8656801949624068,-0.42752737691266224
14,-0.2893512027961451,0.4050948702624694
15,-0.720379130684005,-0.6659121494709997
16,-0.007129611934724473,0.16749714776634525
17,0.20866728545139493,-1.199942970560298
18,-0.43878222568179526,-1.2601632550288737
19,1.4128670941954997,-0.66582536819166
20,-0.9661403981041697,-2.033514863752766
21,-1.1006657715063137,1.0636547100075961
22,-1.0397105340280504,0.5279876050591674
23,-0.22615659230017773,1.8962905881238075
24,0.12607516918308664,1.2410029830547522
25,0.429983953861216,1.2410029830547522
26,-0.4919294214166837,-0.07087399385091177
27,-1.013877311148026,2.134496588392058
28,-1.1176361087388962,-0.3676348297482154
29,-1.0527396456157085,1.238339026150808
30,-0.12742504540158386,-0.9024527008997277
31,-0.5112284231227396,0.1671694104622163
32,0.37244021692321466,-0.7246899092691022
33,-0.0571909374779696,-0.1303520224318892
34,0.4628215953826923,-1.6760452656484102
35,-0.9858234948025028,1.8365918001480193
36,-0.5575331295625514,0.34539608228668106
37,-0.8747548450984622,1.5390147492081092
38,3.270154531708508,0.1671694104622163
39,-0.08742389054167027,0.4060445162798061
40,-1.2459365920817003,0.16752631274673746
41,-0.050806598390470706,-0.6654976308875304
42,0.15279386566615577,-0.19013759168701727
43,-0.9021545660973586,-0.42667814311574515
44,0.7984671146256513,-1.141272188671513
45,1.5168717976209092,-1.4983692552971244
46,-0.3762275372855073,-1.259835517724744
47,0.5489938738299377,-0.3086051473217662
48,1.4884058941203877,0.40534424749693165
49,2.1348887898117583,-0.6061821982616762
50,0.20582306912020631,0.16713824722868104
51,-1.0226243305016722,2.0746040412276128
52,-0.6186673042835268,0.7058573745991104
53,0.45393993018304474,-0.6060196023065536
54,-0.7362042695632299,0.5279876050591674
55,1.3525337079270583,1.8360703036552326
56,0.2721928412635863,-1.0225946975131417
57,-1.1374276307763775,1.8364848222387011
58,-1.3576518961777204,0.8808694280464519
59,1.4633624754265124,2.1938676390637175
60,1.2390754487876698,-0.6660747454261223
61,-0.7365355692106277,1.4791222020436632
62,1.3940219907229376,-1.199942970560298
63,-0.08493896602060062,0.23008281681512782
64,0.18860895204012693,-0.1889936393402813
65,1.2412237586937365,0.34539608228668106
66,0.19482675547599285,-1.3781404774043704
67,1.1257355362602934,0.4060445162798061
68,-1.0429905777028743,-0.903509871967124
69,-0.8580615948437033,0.23008281681512782
70,-0.709009351982725,-1.0225946975131417
71,0.6610925642558872,0.34572381959081
72,0.06488182115610547,1.0631332135148093
73,2.681756790988533,-0.36797619799342557
74,-0.8498361509777248,-0.42719963960853263
75,1.4634581448434079,0.16752631274673746
76,-0.551145955825663,1.598800318463238
77,0.5187729680261426,-1.259835517724744
78,0.8855238036824201,0.22711757567246693
79,2.249501105583846,-0.36722031116474674
80,0.013663604330771052,0.10776719655702166
81,0.12900938563239162,0.10776719655702166
82,0.33069965033166965,-0.19030018764213982
83,-1.2762861201015439,0.6429128050126636
84,0.45321957490693826,0.6429128050126636
85,-0.3286422779839894,1.5983857998797686
86,-0.32513829700739494,-0.13037847549730147
87,-0.29792495420585813,0.40534424749693165
88,0.568197206119098,-0.9634024191315701
89,-1.090672569414809,0.34572381959081
90,-0.5117875577148182,-0.4278687451578717
91,0.8942924372376613,-1.5577403059687838
92,-0.9672501633401586,-0.070787212571572
93,-0.15329653604836666,-0.368364263511482
94,-0.4798715315761027,-0.9623452480641739
95,0.4043576603866248,2.3121725987433446
96,0.8644542091014485,-1.2012203538817643
97,-0.6609315723497815,-0.7251044278525716
98,1.2350006402902651,-1.2602500363082134
99,-0.19645265567879258,-0.1296225886686226
100,-0.12701402124010658,-1.3781404774043704
101,3.046874514265286,-0.9033155656377246
102,-0.9506614407816374,-0.4278687451578717
103,1.3360413634477795,0.16681050992455143
104,1.6841207179066022,1.7770269902877027
105,1.3018987202136132,-1.5577403059687838
106,-0.3246347924095852,0.04857491817544992
107,2.9456176490918224,0.5829646398024123
108,-0.29141978818813197,0.46471529816859103
109,1.233545756491105,1.836919537452149
110,-0.2541661172489901,-0.07043031028705085
111,0.8441981588952632,-0.1889936393402813
112,-0.39695095030978633,0.34500801676862397
113,0.3694741106682778,0.10760460060189911
114,-0.7095344707821296,-0.9033155656377246
115,-0.12341755982717986,0.9404898559525736
116,-0.588914115628999,-1.7359378128128562
117,-0.1602605609360181,2.014267810499305
118,0.728952653315796,-0.07048592833285534
119,-1.1235679669175962,1.0034344255390204
120,-0.21142102178004132,-0.368364263511482
121,-0.34990037674936253,0.16708262918287586
122,0.3400256468231212,0.940761975210898
123,-1.0192114126367156,1.0034344255390204
124,-0.6803552986289754,-0.070787212571572
125,0.2853211655798766,1.7770269902877027
126,2.384166085468423,-0.36764846068929596
127,-1.0425072699819649,0.10776719655702166
128,-0.6169906091696381,-0.9040313684599107
129,-0.4182122380557227,-0.4278687451578717
130,-0.15402858425320462,-0.66582536819166
131,-1.0512975177388009,-0.6655532489333356
132,1.6905787578782279,-0.9626729853683035
133,-0.25412324317697393,-0.30811481406251406
134,-0.15958945769305416,-0.4275410078537421
135,0.33491583696737576,-0.13024504452257113
136,-0.08956086185017866,0.642585067708534
137,-0.882159303635007,-0.7246899092691022
138,-0.5358459357458427,-0.36792057994762045
139,1.6905241908774802,-1.3792844297511064
140,0.8270602230175266,0.7058573745991104
141,-0.44286553812736834,-0.07045947526744308
142,-0.9583309390361003,1.4791222020436632
143,-0.5068889292385904,1.4791222020436632
144,0.24965418963650676,-0.9028874161131754
145,1.3308075376812438,1.4791222020436632
146,0.26822433211828783,0.7625644683668255
147,1.8124860438541912,-0.7251044278525716
148,3.3981169831116147,-1.6757175283442804
149,0.06043496492632908,-0.8434230184732785
150,-0.22395938469214233,-1.4391769769155525
151,-0.19942195091429252,1.00376216284315
152,-1.0029996984469975,-0.6061821982616762
153,-0.3104030808184324,-0.070787212571572
154,-0.2738361036938966,0.5829646398024123
155,-0.5811223731196138,0.7657499217635565
156,-0.15185653415850123,-0.9033155656377246
157,-0.4204523197357743,-0.9634024191315701
158,-0.7663061200926661,1.7770269902877027
159,-0.8286166743102835,1.5384932527153226
160,-0.3245979419675217,1.4791222020436632
161,-0.27961630813025845,-0.07045947526744308
162,-0.46591088333282066,-0.19013759168701727
163,-0.3078660696148308,-1.3792844297511064
164,0.02960142052322844,-0.9634024191315701
165,-1.0353143471561113,0.7024776148729801
166,1.8645716633927125,-0.6652118806881254
167,-0.9233882160117475,1.3012524325037202
168,0.09558426302494162,-0.9626729853683035
169,0.4364749466319946,1.00376216284315
170,-0.7344393459870933,-1.2602500363082134
171,-1.0106950628771396,0.5246078453330372
172,-0.7799333427015084,-0.42795552643721146
173,-0.6127226901825739,1.598800318463238
174,-0.7033836359380906,1.836919537452149
175,0.18855970000698438,-1.0225946975131417
176,-1.0451112497773933,-0.42795552643721146
177,-0.869675507723654,-0.9027804382038573
178,-1.0136516021903872,0.04781903134677105
179,-0.7904924116773918,-1.200464467053085
180,-0.6823987265076304,1.3012524325037202
181,-0.1309871366906629,0.4060445162798061
182,0.43598384362526393,2.133975091899272
183,-0.49040721469452275,-0.6655532489333356
184,-1.0245710259699106,1.0033476442596807
185,0.046974277969119904,-0.4865706902801913
186,0.05622090427766527,1.8363980409593614
187,2.103652016533002,0.4050948702624694
188,-0.7588527638541526,0.048247180871320315
189,-0.8466733909213915,-0.07043031028705085
190,-0.5036510509734353,0.23008281681512782
191,-1.0770449924747931,-0.19030018764213982
192,2.770750608571851,-0.6060196023065536
193,0.43112773488987877,0.7058573745991104
194,-0.07506765385284453,0.5276598677550378
195,-0.520132765517503,-0.7254457960977817
196,0.6752463229888288,0.4652367946613778
197,1.08607453932712,-0.42752737691266224
198,-0.1688204934299572,0.5878801522236136
199,0.9294144518359,-1.0225946975131417
200,1.8251718085345459,-0.8429948689487292
201,1.247836641388264,1.3009246951995905
202,1.813313761475925,1.538907771298792
203,0.16302269798816255,0.5829646398024123
204,-0.9136859198138402,-0.07043031028705085
205,-0.9698817809671347,1.1230257606792555
206,-0.8465433513806481,2.3121725987433446
207,0.30079091029189325,2.6097496496832546
208,-1.0319652089024185,1.0033476442596807
209,-0.9330175199878753,0.4052886294511272
210,-1.3980817917577957,-0.7245829313597848
211,0.5785900937745219,-0.4865706902801913
212,0.7908730889111835,1.8365918001480193
213,-1.1801879624857945,-0.9634024191315701
214,-0.73471962194548,1.3612317609475062
215,-0.9436226520163379,-0.7250176465732318
216,0.8552823466705513,1.3012524325037202
217,-0.19054276603286102,-0.9634024191315701
218,-0.124374962658483,-1.1415999259756426
219,-1.2336519302899596,1.5390147492081092
220,-0.907892250792878,0.23008281681512782
221,-1.012491167596561,-0.42795552643721146
222,0.9257230296684253,-0.9622584667848341
223,-0.8692868064261189,1.5984725811591083
224,0.07276817008886508,-1.4391769769155525
225,-0.8059210539732606,0.7625644683668255
226,1.002644075501867,-0.1894373229041429
227,-0.012636627036173392,0.46465968012278586
228,1.5759239223652977,0.7026719212023793
229,0.0936988668497512,-0.42667814311574515
230,1.2626012670646423,-0.7245829313597848
231,0.10381360453383061,1.00376216284315
232,1.3127554273753936,0.8805416907423222
233,0.8245356134050041,2.1938676390637175
234,1.4990492939156084,0.5829646398024123
235,-0.4012124913357241,-0.12996395691383278
236,-0.9298384606975523,-0.07059290624217342
237,0.5518157672971838,-0.7838025905671568
238,0.5794450948966294,-1.259835517724744
239,-0.6651530739530929,-0.07007140974938597
240,1.2130902178341334,-0.9033155656377246
241,-0.16733265683164403,0.34572381959081
242,-0.47601995171812117,1.0034344255390204
243,-0.34876580833121557,1.3008955302191985
244,-0.07942167531511475,-1.4978477588043375
245,-0.3958075236122972,-0.6651250994087856
246,2.839722943185964,0.16765974372146847
247,-1.0004304431065905,-1.081379641507067
248,1.0753485803684295,0.28997536397957396
249,-0.8020074661598836,1.0033476442596807
250,-0.5348038477640281,-1.6757175283442804
251,1.6916739955360955,0.5279876050591674
252,1.045360470145747,2.014267810499305
253,-0.9522265215758144,0.587552414919484
254,-1.0150171945337783,-1.2003574891437674
255,0.26442554760518544,-0.4271128583291928
256,2.642351266831588,-1.2602500363082134
257,2.3322540882050085,1.7766992529835732
258,0.09075898110166712,-1.7356100755087267
259,-0.03404602521271122,0.6428571869668585
260,-0.5176850457696706,1.598800318463238
261,0.19135005799977237,-0.19030018764213982
262,-0.3489904542953334,0.7026719212023793
263,-0.8803330807658224,1.3012524325037202
264,-0.5601215187863375,1.1226980233751258
265,-0.48262220447743776,0.8255646559990775
266,0.24083453239225477,-1.0225946975131417
267,-0.19155721618312785,0.5279876050591674
268,-1.1096749959284884,0.46465968012278586
269,0.8714692576781111,0.34539608228668106
270,2.9210490341706876,-0.36792057994762045
271,-0.6795219117084627,-1.4983692552971244
272,-0.5622708916859251,0.1072768632977695
273,0.36586064135901397,-0.13037847549730147
274,0.03201512447838684,1.0034344255390204
275,0.8986546083169265,-0.4275410078537421
276,-0.4896733948338162,0.10771157851121718
277,-1.041792938335811,-1.140899657192768
278,0.9741926995794669,-0.36792057994762045
279,1.1169467058281524,-0.5465617703555545
280,-0.021027189229090228,0.40534424749693165
281,-0.4144332960883471,0.34615196911535995
282,1.037463136946603,-0.368364263511482
283,0.9001364212852869,-0.8434230184732785
284,-1.3520864164326132,-0.9027804382038573
285,0.3696721817943689,-1.5577403059687838
286,0.5154783967731973,0.8251209724352159
287,-0.22098158550847397,0.10760460060189911
288,-0.5738879935464389,-0.42795552643721146
289,1.819866407870925,1.598800318463238
290,-0.695221971683376,-0.6651250994087856
291,-0.075174661867298,0.1672250285080208
292,-0.37942147848512514,-2.033514863752766
293,0.4502237048334118,-0.6659121494709997
294,-0.49899407635766224,-0.249329870068589
295,-0.6737254080381112,-0.36764846068929596
296,-0.18960378842258951,2.014267810499305
297,-0.9981347314322703,0.8255646559990775
298,-0.07271702084660243,-1.7359378128128562
299,0.012670414050925418,1.3012524325037202
300,-1.0450591630948611,2.3717374086036607
301,-0.09668185544777362,-1.5577403059687838
302,-0.4897152059123114,1.0034344255390204
303,1.3275558405003147,-0.9036433029418542
304,-0.544365120154808,0.16749714776634525
305,-0.3892311370286597,-0.8437507557774081
306,-0.5146994513001809,-0.42667814311574515
307,-0.07774108255831558,-1.2002707078644275
308,-0.5956566835330958,-0.368364263511482
309,-0.3020582273469212,-0.1303520224318892
310,0.5674587799531333,1.836919537452149
311,-1.0663945060560982,0.16752631274673746
312,-0.13938513983822712,-0.06973004150417647
313,-0.6740627313154615,-1.5577403059687838
314,2.5725781437649404,0.4049005639330708
315,-0.23413435867574875,-0.13067975973601814
316,-0.8661456605713804,-1.2007922043572146
317,2.140412104147197,-0.7245829313597848
318,0.6404733245966724,0.7031934176951661
319,0.7317447829644524,-0.19030018764213982
320,-0.4588692599181317,-0.6061265802158717
321,-0.5449044122011601,-0.36816995718208345
322,-0.8861186001697896,0.5279876050591674
323,-1.1924970731285198,0.10760460060189911
324,-0.219864024986664,-1.259835517724744
325,1.6521632350205653,1.2410029830547522
326,-0.2961685345778899,-0.7246899092691022
327,1.3166495269742176,-0.8434230184732785
328,0.13327730461945603,-0.6056050837230843
329,1.1122613847184841,0.16749714776634525
330,-0.7693271476795245,-1.0225946975131417
331,0.3198588880727049,0.34572381959081
332,-1.1781888260038504,-0.6654976308875304
333,-0.2828364698367293,-0.19013759168701727
334,-0.28008260795483103,0.7031934176951661
335,0.5363325580005671,1.598800318463238
336,2.8395875886776154,-1.2003574891437674
337,-0.6352453969068373,0.10776719655702166
338,1.1446167815125718,2.133975091899272
339,0.6846513353320125,-0.3082774100176373
340,0.9239166493449668,1.4791222020436632
341,1.0468337791659392,-1.2602500363082134
342,-0.5826155246855323,-1.2012203538817643
343,-0.49391013267759604,-0.1889936393402813
344,2.1151387245215987,-0.1889936393402813
345,1.8855473602126567,0.04857491817544992
346,-0.0699114266133459,-1.0225946975131417
347,0.5280256179646405,0.34500801676862397
348,0.28768278285250287,-0.1307665410153586
349,-0.29878810494496055,-0.4275410078537421
350,-0.6954646885373519,0.048247180871320315
351,2.1138276991789553,1.7766992529835732
352,0.38413456297959236,1.4791222020436632
353,-1.1293297461329266,0.10743945925289274
354,2.1676165886693917,-0.6659121494709997
355,-1.0255550036392402,-0.7844754785242309
356,1.0392826275234877,0.23008281681512782
357,-0.7179335369232148,-1.141272188671513
358,4.142671661056174,0.34500801676862397
359,-0.5903016765051586,-0.13067975973601814
360,-1.2219979779873822,-0.4275410078537421
361,1.1574382550324491,-0.2486569821115156
362,-0.9690668192676538,-1.141272188671513
363,-0.24588716937578492,-1.259835517724744
364,1.4540549041560926,1.8364848222387011
365,0.3534338927666245,1.2410029830547522
366,-1.1645658553690925,0.10760460060189911
367,-0.7331701317229452,1.836919537452149
368,-0.5815397752422176,-0.1303520224318892
369,-0.987436055973954,-0.9623452480641739
370,-0.30383945015704766,-0.249329870068589
371,-1.0749526668941691,-1.199942970560298
372,-0.9316058645919048,2.6097496496832546
373,0.2376731896606161,-0.249329870068589
374,0.2877430191520299,-0.3080280327831743
375,-0.9011245253754494,1.5390147492081092
376,-1.012545380266135,1.895962850819678
377,-0.749080310083855,-1.140899657192768
378,1.256142872761843,1.3008955302191985
379,1.3572409975694946,0.10776719655702166
380,2.0528444695379706,1.00376216284315
381,-0.674489346048581,1.7770269902877027
382,-0.20504128899780052,-0.8441388212954646
383,-0.8423686214922637,-1.97362231658832
384,-0.5513174521137276,0.7652284252707697
385,-0.39375275713608415,-2.033514863752766
386,-0.7390856906676556,0.40518165154180913
387,0.9816751109742229,-1.140899657192768
388,-0.03396275738689474,1.538907771298792
389,0.15905808648577469,0.46507419870625527
390,-0.45694098967092517,1.5384932527153226
391,0.3833341288582325,-0.9040313684599107
392,-1.2409330815780613,-1.5577403059687838
393,-0.6913257460975097,-1.6757175283442804
394,3.7796250034896244,-2.033514863752766
395,-0.38682416536580144,1.1230257606792555
396,4.233905914650717,1.3009246951995905
397,-0.0008019658350155012,1.538907771298792
398,0.36744981667300197,0.1671694104622163
399,0.4649259682232215,0.10719008201842974
400,-0.6388535512484956,-0.6660747454261223
401,-1.227164480830918,-0.4868984275843209
402,0.7466642513637325,-0.6048756499598177
403,-0.5575079720492195,-0.9036433029418542
404,0.049052784633970094,-1.4391769769155525
405,-0.4652355281157726,1.3607102644547187
406,-0.9085052437233573,-0.6651250994087856
407,0.577764856471004,-0.13037847549730147
408,0.38036554228507985,-0.9634024191315701
409,-0.5535823369759373,0.4652367946613778
410,-1.3520020856132753,0.6428571869668585
411,-0.10104083754647543,-0.36764846068929596
412,-0.1983022644054405,-0.1894373229041429
413,-0.3070447299542235,-1.141327806717318
414,-0.13124757010332305,0.04781903134677105
415,1.2865983458026187,-0.249329870068589
416,-0.6685465036034965,1.4791222020436632
417,-0.22201268922390413,0.40534424749693165
418,-0.34309828120808633,1.5988294834436303
419,-0.6435268250982584,-0.9027804382038573
420,-0.9531984519852389,0.46498741742691546
421,-0.31248583945736663,0.46465968012278586
422,-0.3984515428303523,-0.6652118806881254
423,-0.5711281080345881,0.6433008705307199
424,1.339284911011714,1.1226980233751258
425,1.6506821307145518,0.587552414919484
426,0.23129487420306982,-1.2007922043572146
427,0.7984635713139142,-0.36764846068929596
428,0.40314797375965616,-0.19030018764213982
429,-1.0278205971637973,-0.42825681067592813
430,-0.23596766816840709,0.9404342379067684
431,-0.4962713956190486,1.5988294834436303
432,-0.6384772515420397,-0.010700359077727284
433,-0.4160901486565091,-0.3680629792727653
434,1.0572380054189212,-0.7251044278525716
435,0.5261391587959291,-1.0225946975131417
436,-0.8191925280837207,-1.2012203538817643
437,-0.27795910123092266,0.16749714776634525
438,0.6123553743087117,0.10719008201842974
439,0.8988094510398279,-0.36722031116474674
440,-0.13739840494736208,-0.9634024191315701
441,-0.5953632973212826,1.0033476442596807
442,-1.2869564490659653,2.3121725987433446
443,-0.6980328808842379,0.4049005639330708
444,-0.49671147493676837,-1.259835517724744
445,-0.6386604407588361,-2.033514863752766
446,-0.8612697092902686,1.238339026150808
447,-1.0461799125972342,-0.7245829313597848
448,-0.31466285018850176,0.04781903134677105
449,1.4556228195996592,-0.06973004150417647
450,-0.019278210555769386,0.6429128050126636
451,-0.8960721171698415,0.7657499217635565
452,0.11405519277809015,0.1672250285080208
453,-0.7246821284572643,0.5276598677550378
454,0.2954546828161616,-0.9623452480641739
455,-0.5135719695055078,-0.9623452480641739
456,-1.3270128795889742,-1.4978477588043375
457,1.7394020503006093,0.7058573745991104
458,-0.6610733048192564,-1.0225946975131417
459,1.2118652949666966,1.4791222020436632
460,-0.6647491364150891,-0.6655532489333356
461,0.10043753711093746,-1.0225946975131417
462,-0.8706446034836889,0.6429128050126636
463,-0.37105607380554023,-0.6651250994087856
464,-0.1678127755719905,-0.9040313684599107
465,0.5405749651431258,-0.6056050837230843
466,-0.8235961559103072,-0.903509871967124
467,-0.3707786324965429,1.238339026150808
468,-0.48404909611387675,-0.843695137731603
469,0.7230629605467646,-0.42795552643721146
470,-0.6956818935468223,1.4791222020436632
471,0.15912966138285967,-0.1307665410153586
472,0.6554625962371688,-0.6654976308875304
473,0.29453165010870597,-1.0225946975131417
474,-0.7152384940161487,-0.4275410078537421
475,-0.44523991132224744,1.3012524325037202
476,1.667910421041579,-0.6654976308875304
477,-0.4353838353949598,0.16713824722868104
478,-0.3544149102333132,-0.4278687451578717
479,-0.39101838346873885,-0.7254457960977817
480,0.8468520993861816,1.5390147492081092
481,-0.08052045628471932,-0.1303520224318892
482,4.367514987637705,-0.9024527008997277
483,-0.8576112399219465,-0.7838025905671568
484,-0.9033348432369112,2.3121725987433446
485,-0.0696130797651012,0.46507419870625527
486,0.3575356304332295,0.16749714776634525
487,-1.005229858854186,0.7058573745991104
488,0.9635726856417092,1.00376216284315
489,0.7657364811186285,1.5390147492081092
490,1.5547923198289306,-0.5458459675333686
491,0.6506266843786835,-0.9027804382038573
492,-0.11074915737433565,1.598800318463238
493,-0.45648992608682115,0.23008281681512782
494,-0.8570049792837675,-0.4275410078537421
495,0.33403284368254665,0.34500801676862397
496,-1.1100353507321286,-0.1307665410153586
497,0.5934681054264805,0.6428571869668585
498,0.6545377918738449,1.0636547100075961
499,-0.5274344680136784,-0.4278687451578717
500,-0.7588095354509626,-0.4275410078537421
501,1.6269695799090462,-0.6048756499598177
502,-0.6852805019432296,0.16749714776634525
503,-0.5548536772271275,-1.2002707078644275
504,0.7295642289215805,1.0034344255390204
505,0.029836342091383326,-0.36764846068929596
506,-0.35253305736985974,1.5988294834436303
507,-0.6035926388301716,-0.3680629792727653
508,1.938000066847118,-0.7245829313597848
509,4.7146840653113244,0.16713824722868104
510,0.19401923473115934,-0.12996395691383278
511,-0.9266384958679816,0.5279876050591674
512,-0.21591996469234978,-2.033514863752766
513,0.28038037169398017,0.8808694280464519
514,1.1955412577949198,0.7652284252707697
515,0.3818147567854612,-0.8429948689487292
516,-0.9707676089013532,-1.0225946975131417
517,-0.24904496879568652,-0.36764846068929596
518,0.16030958419123845,-2.033514863752766
519,-0.08678963774076984,1.836919537452149
520,0.7261087913157814,-0.4271128583291928
521,1.1555060871423322,-0.19013759168701727
522,-0.08537869100714676,-1.5577403059687838
523,2.6498152530053125,-2.033514863752766
524,1.7799626940837754,-1.2012203538817643
525,-0.501545615139385,-1.141272188671513
526,-0.026137707747182905,0.8255646559990775
527,-0.8231762734694877,-0.6660747454261223
528,-0.7617604054654309,1.30133921378306
529,4.5450653781360115,0.34572381959081
530,-1.203835316355342,0.4050948702624694
531,0.9403824189862189,0.34615196911535995
532,0.48676020947701043,-0.6056050837230843
533,-0.38577924273459746,-0.5465617703555545
534,0.819451315393764,-1.259835517724744
535,0.2108970915274095,-0.6064543175200007
536,-1.1844739523627168,1.30133921378306
537,-0.46204477589671794,0.10771157851121718
538,-0.5851316303498864,1.5384932527153226
539,0.8939979880323271,0.5829646398024123
540,0.8183815895804021,-1.4380330245688169
541,2.8562691460036427,0.16752631274673746
542,-0.9807693149410261,1.4791222020436632
543,0.2227391936832148,0.1672250285080208
544,-0.7416832925019576,0.16765974372146847
545,-1.000703986772677,2.3717374086036607
546,-0.8140182299543642,-0.1303520224318892
547,1.0047034482833384,0.4050948702624694
548,-0.46970647886535977,-0.07045947526744308
549,-0.5595049825441215,-0.6660747454261223
550,-0.7211012576159799,-1.5577403059687838
551,-0.5687048371377401,-0.6655532489333356
552,0.46241624051999386,2.3717374086036607
553,1.0212468164516275,-1.4391769769155525
554,1.5945319782826632,2.3121725987433446
555,0.08788322929602063,-0.7251044278525716
556,-0.7626426900879125,0.642585067708534
557,-0.40729919223732575,-1.141272188671513
558,-0.9979508335531264,1.5384932527153226
559,1.5024069361174701,-1.2012203538817643
560,-1.097037420287755,-1.7359378128128562
561,1.9912468296418124,0.10719008201842974
562,0.4617281293806931,-0.42795552643721146
563,-0.0727535169574922,-0.4865706902801913
564,0.47160263052901247,-1.1415999259756426
565,-0.05362742886419581,-0.9040313684599107
566,-0.5217616259229438,1.0636547100075961
567,-1.0893991031765766,-0.36764846068929596
568,-0.5423553537376532,0.642585067708534
569,0.6417946255433523,-0.9033155656377246
570,-0.530064313984786,0.10771157851121718
571,0.29767917392457083,1.0034344255390204
572,-1.2093611110089961,-0.5458459675333686
573,-0.858272776223221,-0.8441388212954646
574,0.25380659666094907,-0.7254457960977817
575,1.7305887710174837,-1.259835517724744
576,0.9111692310403904,1.0034344255390204
577,2.5897699379810777,-1.4391769769155525
578,-0.43359127398727537,-0.36764846068929596
579,-1.284871210108815,-0.42795552643721146
580,2.3789588345399135,-1.7356100755087267
581,-0.041409735664281966,-0.19030018764213982
582,-0.5676170404345201,-0.7246899092691022
583,-0.5782090622095564,0.4060445162798061
584,-1.0570174858756358,1.598800318463238
585,-0.28510985864710736,1.00376216284315
586,-0.7400948258503172,-0.7254457960977817
587,-0.36730902164379636,2.311844861439215
588,-0.790342529590922,-0.3683350985310898
589,-0.8578192323209012,-1.2601632550288737
590,0.1654041578065153,0.34615196911535995
591,-1.198611411861669,-1.7356100755087267
592,0.30938981921493813,-0.9622584667848341
593,-0.9237099487174557,-1.259835517724744
594,-0.9729655251717358,-0.13067975973601814
595,-1.013130381033893,-1.4978477588043375
596,-0.8796446152953479,0.5829646398024123
597,-0.33749488802739425,-0.4271128583291928
598,-0.9739052114443546,0.22670305708899757
599,-1.081704093077608,-0.4868984275843209
600,-0.4338283215424722,0.8255646559990775
601,0.20295156928864416,-0.13005073819317253
602,-1.0068941523769954,-1.0225946975131417
603,-1.007511042950385,0.22711757567246693
604,-0.33232661352799053,0.10813972803576713
605,1.2509827478794338,0.7652284252707697
606,-1.0359113951837746,0.4052886294511272
607,-1.1323408524469216,-0.9028874161131754
608,-0.23015911723815013,2.014267810499305
609,-0.42616874456087256,1.8360703036552326
610,2.566053843863836,0.34572381959081
611,0.19848983114957272,-1.4983692552971244
612,0.6912255959286079,-1.1405719198886386
613,0.351339086867785,-1.1405719198886386
614,-0.8603736057520134,-1.4978477588043375
615,-0.3078122112764303,-0.42719963960853263
616,-1.1640694373947564,-0.3086051473217662
617,0.5189614722105442,-0.42752737691266224
618,-1.360625089056131,-0.42667814311574515
619,-0.3669033124499243,-0.6655532489333356
620,-1.2286594040527046,1.0631332135148093
621,0.6283789386452016,0.6429128050126636
622,-0.8858532061206978,-0.13067975973601814
623,1.2244142878140083,1.0033476442596807
624,-1.2588728689018525,2.1938676390637175
625,-0.11149750481316319,-0.6064543175200007
626,-0.6871021185071564,1.3009246951995905
627,-0.8056138488456736,1.0632401914241267
628,-0.4379038387022242,2.014267810499305
629,-0.37474926762888355,0.04857491817544992
630,-1.048598931519998,1.538907771298792
631,0.4291689921617351,0.10771157851121718
632,-1.1661401487737855,-2.033514863752766
633,-0.14231971061870585,0.048247180871320315
634,0.12415504855287475,1.8360703036552326
635,-0.5098872796303329,0.10760460060189911
636,2.0674538981602746,0.7058573745991104
637,-1.1634482948472824,-1.4384767081326781
638,-0.6452042288744944,0.9404342379067684
639,-0.3574887331650511,1.5988294834436303
640,-1.0330512339497702,-0.010700359077727284
641,-0.849804261172093,-0.13067975973601814
642,-0.35141797716626555,-0.7254457960977817
643,-0.968844299290578,1.5385800339946623
644,0.264850036351263,0.8255646559990775
645,0.09265536154324203,-0.5462340330514256
646,-0.16305587956523768,-0.5462340330514256
647,1.6921229331331575,0.7028053521771097
648,-0.5391950739995357,-1.199942970560298
649,-0.2768755565017868,-1.2012203538817643
650,1.3860995000104617,0.40534424749693165
651,-0.8897281718361428,0.16733200641733886
652,-1.2906287373500611,0.1072768632977695
653,0.18979702446550087,-0.19013759168701727
654,0.4281736758948471,1.00376216284315
655,-0.6999902062876869,-0.8441388212954646
656,-0.09588531896932431,-0.4865706902801913
657,-0.41701353569513844,0.5276598677550378
658,-1.192548805479878,-0.6655532489333356
659,-0.9072948484340411,0.10760460060189911
660,0.30825879410852813,0.8255646559990775
661,0.07975239185341669,-0.6651250994087856
662,-0.9690579609883117,-0.6059328210272139
663,1.1063727549429736,-0.8434230184732785
664,1.4534330529462711,-1.081379641507067
665,0.648458177595717,1.4791222020436632
666,0.26196896957801113,1.2410029830547522
667,1.042208694355798,-1.4384767081326781
668,-0.987015464870787,1.6587220306080763
669,-0.44009147936856996,-0.36800736122696087
670,-0.798846123428245,2.37206514590779
671,-0.08839015165231559,-0.13040764047769368
672,-0.26347794049349393,-0.6655532489333356
673,-0.4640736761972517,-0.13037847549730147
674,0.9664282405704555,-0.1889936393402813
675,-0.46282395014765637,-0.1307665410153586
676,-0.5555205284960072,0.40561636675525614
677,-0.7501833430275437,1.3608172423640368
678,-0.06742614776110276,1.5385800339946623
679,-1.3056176546593838,0.04781903134677105
680,-1.0765797556437415,-0.9040313684599107
681,-0.6754967095753742,0.22703079439312718
682,-0.6498066364895195,1.1230257606792555
683,-0.12725992707464542,-0.4275410078537421
684,-0.6273271581684458,1.8365918001480193
685,-0.11520097424054364,0.10771157851121718
686,0.038844857851210744,-1.1415999259756426
687,-0.25084603415153944,-0.6057385146978154
688,1.208069699434157,0.7031934176951661
689,0.8669437399277761,-0.5458459675333686
690,1.187222979161435,-0.9627021503486957
691,0.3804105423441383,0.7028053521771097
692,-0.01230816203816532,-0.9634024191315701
693,0.022497434821970592,1.7766992529835732
694,1.1370904330522789,-0.9634024191315701
695,-0.04014973401064979,2.134496588392058
696,-1.096403876149202,-0.4868984275843209
697,-0.12191838463130845,-0.5462340330514256
698,-0.6278047965905763,-1.4391769769155525
699,0.18406288308171823,-0.368364263511482
700,-0.22259308368640393,-0.7844754785242309
701,0.01002604050169647,-1.141272188671513
702,-1.1835112345638084,-0.7245829313597848
703,0.2445971751256407,1.00376216284315
704,-0.672653556237707,0.1672250285080208
705,-1.132550262170571,-1.2601632550288737
706,-0.9859379437716038,0.10776719655702166
707,-0.3547742020434323,-0.36722031116474674
708,0.3502488098463488,-0.13005073819317253
709,1.0739167280955588,1.895962850819678
710,1.3716952291377233,1.0631332135148093
711,0.10956014750869225,-0.6056050837230843
712,-1.1879042324551843,-1.5577403059687838
713,-0.2631232549886329,-0.36792057994762045
714,2.04686831996256,0.4049005639330708
715,-0.39405889927015003,-0.6659121494709997
716,0.14776307166214275,0.10760460060189911
717,-0.46652458492564713,0.642585067708534
718,-0.8929929792704983,-0.30811481406251406
719,-1.1418978728636173,2.37206514590779
720,-0.5687618844567038,2.3121725987433446
721,-0.354845776940517,-0.6048756499598177
722,0.2784389911933471,0.16733200641733886
723,1.331256120947132,1.1784464789863618
724,-0.0019347625972940387,0.1672250285080208
725,1.5636123314043564,-1.140899657192768
726,1.3096153445141765,2.311844861439215
727,-0.06962229237561715,0.4049005639330708
728,0.21382776466497763,0.34500801676862397
729,-0.543028937298833,-0.9033155656377246
730,-1.2519205369429327,0.10719008201842974
731,-1.0909918218023014,-0.9040313684599107
732,-0.781382202870716,0.7652284252707697
733,0.2745374506398755,-0.13067975973601814
734,0.6848593277309671,-0.7844754785242309
735,1.1377370874442583,0.7657499217635565
736,-0.27199783356480656,0.34572381959081
737,-0.783453977243266,-0.19030018764213982
738,-0.6625044484297798,1.0636547100075961
739,-0.8050575489029845,0.5276598677550378
740,3.2709925249342797,1.8364848222387011
741,-1.1647469185988468,0.28997536397957396
742,3.248332692045799,1.00376216284315
743,0.5681426391183501,-0.8437507557774081
744,-0.12752284080552165,-0.843695137731603
745,0.16634348974796057,2.3121725987433446
746,0.13865428018016177,-0.36764846068929596
747,0.5667993696389011,0.642585067708534
748,1.727671208133342,-0.7250176465732318
749,-1.1499578440714837,0.28997536397957396
750,-0.6890959400214952,1.0632401914241267
751,0.259688848475333,0.5279876050591674
752,0.3391671023892766,-0.13067975973601814
753,-0.032286416604179656,0.04781903134677105
754,5.180662511509359,1.3608172423640368
755,-0.08805920633609171,-0.1307665410153586
756,-0.6208638032292146,1.4791222020436632
757,-1.1556264341881342,-0.6056050837230843
758,0.22789506659153969,-0.5462340330514256
759,1.9324707288817267,-1.2012203538817643
760,-0.8476470929866843,-0.36849769448621306
761,-1.0005799708618865,1.2410029830547522
762,-0.3615401558049924,2.014267810499305
763,-0.3533512080499037,-0.664797362104656
764,-0.3270888901185439,0.23008281681512782
765,-0.7277254789080652,-1.7356100755087267
766,0.3224511749394015,1.0633269727034664
767,-0.9284416872108766,1.836919537452149
768,-1.2682683143033464,-1.141272188671513
769,-0.5904341963641176,1.238339026150808
770,-0.5042665242221304,-0.66582536819166
771,0.1922815946553965,1.00376216284315
772,-0.7593516621467042,-0.6654976308875304
773,-1.0438593977407558,0.048247180871320315
774,2.4640433162839384,1.1226980233751258
775,0.2797138747562741,1.2410029830547522
776,0.7145260595791152,-0.66582536819166
777,0.3104797419052003,2.0746040412276128
778,4.071032275697716,1.5385800339946623
779,-1.187343680538411,-0.249329870068589
780,-0.06685283992207659,-1.081379641507067
781,-0.8724630310670524,-0.903509871967124
782,-0.6004245638062329,0.7058573745991104
783,-0.23037703090996792,-0.13037847549730147
784,-1.0503684614013926,-1.2601632550288737
785,-0.1468374330832197,0.04857491817544992
786,0.13041537172958306,-0.9634024191315701
787,-0.4375806886718214,0.7652284252707697
788,0.7043223847704402,1.0633269727034664
789,-0.7661356867981225,-0.12910109217583515
790,2.74143147560509,1.0033476442596807
791,-1.2752171029505293,2.6097496496832546
792,-0.15587252368107368,-0.9024527008997277
793,3.0618024866127342,0.7024776148729801
794,-0.3907696429848103,-1.2602500363082134
795,0.13204919277145552,-0.36816995718208345
796,-0.8970670791055555,-0.4865706902801913
797,-0.5142455530666874,-1.140899657192768
798,0.03410284375375272,-0.12996395691383278
799,1.3267444221125708,-0.66582536819166
800,-0.15830748750665327,0.1072768632977695
801,-1.0910424911601386,0.10760460060189911
802,0.39364268569431893,-1.0817073788111964
803,-0.6699953637727043,2.6097496496832546
804,0.2582616025077201,-0.3673070924440865
805,-0.8951434151636067,-0.9027804382038573
806,1.2141599436474957,0.048247180871320315
807,0.5598296754524709,-0.12996395691383278
808,-0.19101934146147043,-1.2602500363082134
809,-0.8956614473395377,-1.2602500363082134
810,0.9712092310970194,-1.1405719198886386
811,0.3108223801501562,1.0636547100075961
812,-0.21267854311545795,1.8365918001480193
813,0.65761232346793,-0.13040764047769368
814,-0.6807106927961838,1.30133921378306
815,-0.6228391995225216,0.10760460060189911
816,-0.11831129328317126,0.16713824722868104
817,-1.2655190587267062,0.22711757567246693
818,-0.7810434622686709,-0.7250176465732318
819,1.761095976409618,-2.033514863752766
820,-1.2202390780411982,0.04781903134677105
821,-1.026958509418216,2.1938676390637175
822,-0.3415739484988833,2.133975091899272
823,-0.5099276733841331,1.30133921378306
824,-0.3981255581505599,1.3008955302191985
825,1.8222064109419567,-0.13037847549730147
826,-0.5394523184316327,0.10760460060189911
827,0.7297318275667347,1.5385800339946623
828,-0.21833437730985544,0.16749714776634525
829,1.376081494736799,-0.4868984275843209
830,-0.2922258916082707,-0.36800736122696087
831,-0.07363296693058448,0.7657499217635565
832,0.5862996314516116,0.5246078453330372
833,-0.6892830268812021,-0.7844754785242309
834,-0.8485237083103869,-0.30811481406251406
835,1.094385022674783,1.5988294834436303
836,-1.128875847899433,-1.6760452656484102
837,1.4854500634694878,-0.8437507557774081
838,-0.732721548457057,0.23008281681512782
839,0.7593627719663403,1.538907771298792
840,0.4146956267101274,-0.1303520224318892
841,0.6863475186604541,0.940761975210898
842,-0.39323649661602167,-0.9028874161131754
843,-0.8051943207360277,-1.141327806717318
844,1.4551494331516128,-1.4380330245688169
845,-0.9371550451030225,0.8805416907423222
846,-0.6727081232384546,0.5829646398024123
847,1.3947823854216705,1.8360703036552326
848,-1.0088231312865494,0.28997536397957396
849,0.8597316832185434,0.5878801522236136
850,-0.49664627800080985,-0.6659121494709997
851,0.025635391696146044,0.10776719655702166
852,2.020825687358886,0.1072768632977695
853,-0.4269776826304007,0.34572381959081
854,-1.06234627239672,-0.9036433029418542
855,-0.011381231687799058,-0.7838025905671568
856,4.341787001116267,-0.4865706902801913
857,0.13650313562470556,0.16765974372146847
858,-0.06636386290238819,0.7652284252707697
859,-0.2785547319338912,0.22670305708899757
860,1.0855154047350408,-0.8429948689487292
861,-0.4094676990202924,-0.6655532489333356
862,1.005002858125104,-1.259835517724744
863,-0.5142055136440609,0.8805416907423222
864,-0.32804097798224185,-0.6061821982616762
865,-0.7004692620345121,-1.2007922043572146
866,-0.48877162199678187,-0.4275410078537421
867,-0.9917709435528451,-0.6056050837230843
868,-0.8939727049657438,-1.3792844297511064
869,0.23273310443706693,-0.42752737691266224
870,-0.7223353930939329,-0.9036433029418542
871,-0.8400541302657378,0.7657499217635565
872,3.277894541866535,1.4791222020436632
873,1.0989077057757286,-1.4380330245688169
874,0.4615902945541287,1.538907771298792
875,-0.9920090541015629,1.1230257606792555
876,0.9326505584451867,-1.081379641507067
877,0.28107415213205983,0.16708262918287586
878,-0.6365110678592486,0.5829646398024123
879,0.057452559437402614,-0.4275410078537421
880,-0.6304633433867527,-0.249329870068589
881,0.45723485576716344,-1.4978477588043375
882,-0.31175839755778656,-0.42700588041987475
883,-0.9402976082824558,0.40561636675525614
884,-0.08173404055459854,-0.1303520224318892
885,-1.0380249806348196,-0.7251044278525716
886,-0.599759129862048,1.7770269902877027
887,-0.3192865176739482,0.22703079439312718
888,0.4943581328343885,-0.9623452480641739
889,1.6827285507251841,1.5384932527153226
890,-0.34121075904585374,-0.2486569821115156
891,-0.8109989740233742,2.134496588392058
892,1.6867140677668195,-0.1894373229041429
893,-0.7087942729602967,-0.42795552643721146
894,0.620723613637686,-0.1303520224318892
895,-0.852077649982471,0.22711757567246693
896,0.3644121355209801,0.587552414919484
897,0.821349821822381,2.3717374086036607
898,-0.008490597972857497,-1.7356100755087267
899,-0.5859646629392252,-0.6064543175200007
900,-0.4391946671679673,-0.5462340330514256
901,0.5259779381119012,0.9404342379067684
902,0.49738801870058924,0.34572381959081
903,0.5470570996345625,0.7031934176951661
904,-0.8927626640076014,-0.36792057994762045
905,0.7187323249419579,1.0628054762106798
906,-0.7685111229865226,-2.033514863752766
907,2.1002865790453193,1.0628054762106798
908,-0.3840054608791185,0.7031934176951661
909,0.30580292474370085,-0.9040313684599107
910,1.7989651205974548,-0.42700588041987475
911,1.5033030396557252,-0.368364263511482
912,0.0490775878161281,-0.6064543175200007
913,-1.103963531739822,1.7770269902877027
914,-1.2852843602573347,1.5384932527153226
915,-0.7453981005268959,0.34500801676862397
916,1.02446520650223,2.014267810499305
917,-0.6432472578022189,-1.97362231658832
918,-0.2165361466033921,-1.259835517724744
919,0.01089982117600963,2.311844861439215
920,-0.34342320289435757,0.5829646398024123
921,-1.2406085142229637,-0.12996395691383278
922,-0.9837474684558686,-0.7844754785242309
923,-1.1938453032444003,-0.13067975973601814
924,1.361112419973203,1.0628054762106798
925,-0.8779190224794905,1.0033476442596807
926,2.1949408371282924,-1.2012203538817643
927,-0.9505466374813627,-0.9040313684599107
928,0.6793303440967494,-0.1303520224318892
929,-0.7243125610431084,-0.4865706902801913
930,0.610773994280545,0.22703079439312718
931,-1.1296142740653976,-1.0225946975131417
932,0.21414701705247002,0.40561636675525614
933,-1.2969305172740908,-0.1889936393402813
934,-0.9713472947015057,-0.6048756499598177
935,-0.1523965348672007,-0.6061265802158717
936,0.29511169024003225,-0.9036433029418542
937,1.6058868750746482,-1.1415999259756426
938,0.3495801869216007,-0.42700588041987475
939,0.32885216759206376,-2.033514863752766
940,-0.5827228870311597,0.6428571869668585
941,-1.0105189602838172,1.3012524325037202
942,-0.9557801089167249,-0.19030018764213982
943,-0.5718339357325734,-0.9626729853683035
944,1.9620017518903523,-0.13024504452257113
945,-0.37124209767172606,-0.8429948689487292
946,-1.2329655908065271,0.34500801676862397
947,-0.19195654741587365,2.37206514590779
948,-1.2029788979085394,-0.4868984275843209
949,1.0279539512383553,-0.5465617703555545
950,-0.16724797168113278,-0.36797619799342557
951,-0.8795500088719734,0.10776719655702166
952,0.43098104178397223,0.4060445162798061
953,-0.6707143017241158,-0.9027804382038573
954,0.04368466735260656,-0.13037847549730147
955,-0.6218977415940343,0.28997536397957396
956,-0.6870177876878188,1.836919537452149
957,-0.6990926854247368,-0.7254457960977817
958,2.464311899313594,0.2274188599111836
959,0.2061029907474194,0.16681050992455143
960,-0.9220867576107937,0.5829646398024123
961,0.964136426539046,-0.36722031116474674
962,-1.0838151982104374,-0.42719963960853263
963,2.0934284991786005,-0.3680629792727653
964,0.024959682147924,0.10719008201842974
965,0.33751591911989354,0.40476713295833977
966,0.4737870822147951,-0.6654976308875304
967,-1.0173462133384252,-0.12910109217583515
968,-0.2898685263097286,1.1784464789863618
969,-0.4788110183732564,-0.42825681067592813
970,1.3657874654788336,0.16681050992455143
971,-1.1953958564604563,0.940761975210898
972,-1.1815422162316276,-0.12910109217583515
973,0.03136563543701785,-0.2486569821115156
974,1.1983819308143715,-0.1307665410153586
975,-1.270969735171539,0.16749714776634525
976,0.48502823870002665,1.3012524325037202
977,0.07715585301263574,-0.13005073819317253
978,2.1250901155346082,0.10743945925289274
979,1.5271201181574687,-0.4865706902801913
980,-0.9921529125580801,-0.249329870068589
981,1.1975914179658749,-1.7356100755087267
982,0.4174292917151254,-0.6056050837230843
983,-0.22097201856678425,-1.4384767081326781
984,-0.4946102910768023,0.04781903134677105
985,-1.190907897814532,-1.7359378128128562
986,1.1269997898880102,1.5983857998797686
987,-0.34494859859708166,1.1230257606792555
988,-1.2760692694232474,-1.7359378128128562
989,-0.16636710438334598,-0.9033155656377246
990,-0.08433447703829007,0.8808694280464519
991,-0.4299211116902216,-0.7254457960977817
992,-0.6126011545899991,0.16733200641733886
993,-0.1450927063839832,0.8805416907423222
994,-0.10361292753627212,0.40534424749693165
995,-0.43104894781606856,-1.5577403059687838
996,0.12794887242954534,1.5385800339946623
997,0.5847168340987502,-0.6057385146978154
998,-0.8171739033872237,0.940761975210898
999,0.24906210224527522,-0.42719963960853263
1000,-0.5473425650073028,0.8854572031635236
1001,-0.058910152332700826,0.7058573745991104
1002,-0.1237201586495089,0.34500801676862397
1003,-0.9402823720419873,-0.6061265802158717
1004,-0.50950743661214,0.7058573745991104
1005,-0.4852775622930508,-0.36797619799342557
1006,1.2883143716767869,-0.13005073819317253
1007,1.4873974676000734,-1.1415999259756426
1008,0.6384876526993284,0.46465968012278586
1009,-0.10817990203392851,0.048247180871320315
1010,-0.6013635414165044,-0.7246899092691022
1011,-0.004370789416394652,-0.07045947526744308
1012,-0.43508655154023596,-0.36849769448621306
1013,-0.4427532151453095,-0.7250176465732318
1014,0.595500903369925,0.10743945925289274
1015,3.3784019966076504,-0.7844754785242309
1016,-1.1411675963146475,-0.8441388212954646
1017,0.9054028455198023,-0.7254457960977817
1018,-0.5779486287968961,-1.7359378128128562
1019,-0.1512694074037013,0.10760460060189911
1020,0.08862378144902726,-0.3080280327831743
1021,-1.250846559155486,-1.200464467053085
1022,-0.38027293629549586,-0.9627021503486957
1023,0.9089422596137654,-0.3082774100176373
1024,-0.7667564750144228,-0.5462340330514256
1025,-0.198699469651144,-0.42667814311574515
1026,0.5743260724303683,0.10760460060189911
1027,1.4519905707381902,-0.4275410078537421
1028,0.02009223481498087,-0.13040764047769368
1029,-0.46968769931315424,-1.97362231658832
1030,0.9813650711972464,-0.19030018764213982
1031,0.8013407404442557,0.22711757567246693
1032,-0.7320373349606666,-0.13024504452257113
1033,-0.21186145542893473,2.311844861439215
1034,-0.529110100134046,0.40534424749693165
1035,1.3210035484364882,-1.5577403059687838
1036,-0.2667813700257812,1.5984725811591083
1037,-0.4537420878348756,-0.36849769448621306
1038,-0.9734282816845714,-0.19030018764213982
1039,0.08075833805551509,-0.7844754785242309
1040,0.5609394406884597,0.16749714776634525
1041,0.32088680280757204,0.46498741742691546
1042,-0.35444148507133977,-0.7254457960977817
1043,1.1496213550097323,-0.30811481406251406
1044,-0.43072615211683934,-0.7251044278525716
1045,0.07803175967399094,-1.7356100755087267
1046,1.0342489988700851,1.0033476442596807
1047,0.8504708836630506,0.1072768632977695
1048,-0.8263974981694795,-0.42667814311574515
1049,0.18978745752381115,1.4791222020436632
1050,0.19201726359982574,1.836919537452149
1051,-0.43822592573910607,1.0033476442596807
1052,-1.151545247729603,-0.843695137731603
1053,0.7372323098513488,0.04781903134677105
1054,0.5627816084604602,-0.9023659196203879
1055,-0.1130328217887506,0.22711757567246693
1056,-1.2913278327557463,-0.36792057994762045
1057,0.6313911079527179,-0.9623452480641739
1058,0.07591569390472998,-0.6659121494709997
1059,-0.41934751513621704,-0.12996395691383278
1060,-0.372296232913446,0.16752631274673746
1061,-0.23066829113473897,0.5246078453330372
1062,-0.9910211787893227,0.1072768632977695
1063,0.8133965042977945,-0.0701581910287264
1064,-1.212644697995557,-0.30854952927596174
1065,0.06029819309328573,0.7026719212023793
1066,-1.0178840880600826,1.8360703036552326
1067,0.38426672850737764,-0.8441388212954646
1068,-0.343944069719678,-1.4380330245688169
1069,-0.9609866511828872,2.311844861439215
1070,0.5223435632633899,-0.12996395691383278
1071,0.5111229579862323,-0.42795552643721146
1072,1.198363151262166,-0.4865706902801913
1073,0.0763309700402916,-0.13037847549730147
1074,0.00821186489241728,0.04781903134677105
1075,2.6821136024804364,-0.664797362104656
1076,-0.740974630154583,0.6433008705307199
1077,0.6378275337227487,-0.9634024191315701
1078,-0.1277489040943341,1.3612317609475062
1079,0.2623587338690672,-1.4384767081326781
1080,0.9059375312608965,-0.42700588041987475
1081,1.1301657389249065,-0.19013759168701727
1082,0.2093851604092856,0.5276598677550378
1083,-0.23586207747864837,-1.1415999259756426
1084,-0.28503792941884887,-0.4278687451578717
1085,0.2633047981028124,0.34572381959081
1086,2.9416374470177917,-1.2601632550288737
1087,0.45572611362960286,1.598800318463238
1088,-0.6380878415821574,-0.4278687451578717
1089,-0.6117163896493016,1.0033476442596807
1090,-0.9173723813448835,-0.36797619799342557
1091,0.6185288863478667,1.538907771298792
1092,1.8752292364348808,-1.259835517724744
1093,-0.42078149339612986,-0.9040313684599107
1094,0.13112084509639474,0.16765974372146847
1095,0.5508045061274801,0.10813972803576713
1096,-0.3125900128224307,1.8363980409593614
1097,0.5562140801561649,-0.19030018764213982
1098,-0.8519334371947803,-1.141327806717318
1099,0.2753644595992617,1.7766992529835732
1100,-0.5530763520599117,-1.0817073788111964
1101,-1.041588843579767,1.0632401914241267
1102,2.0422598887175822,-1.2012203538817643
1103,0.0705936396759459,-0.9033155656377246
1104,-0.7773088116980061,-1.1415999259756426
1105,-0.33401004093417913,-0.7838025905671568
1106,-1.104390855135289,-0.6647681971242638
1107,0.22530065373780078,-0.4278687451578717
1108,-1.088464731871563,0.16752631274673746
1109,0.3641793399398675,-1.2002707078644275
1110,-1.3688604541949727,-1.0817073788111964
1111,0.6199855418028952,0.34500801676862397
1112,-0.9385330390374926,0.9404898559525736
1113,0.9609346900536069,-0.9040313684599107
1114,0.7201942953645918,-0.6651250994087856
1115,0.3296363024794341,-0.7254457960977817
1116,-0.5712900373809633,-0.6660747454261223
1117,-0.5122464165847433,-1.141327806717318
1118,-1.354667010370578,-0.9623452480641739
1119,-0.5258513163296433,0.6429128050126636
1120,-0.3724085558955048,2.1938676390637175
1121,-0.9411965464701006,-0.19030018764213982
1122,-0.6805987241452987,2.014267810499305
1123,0.15780091948153208,-0.6057385146978154
1124,-0.5892688011338599,1.5988294834436303
1125,-0.08938653091272454,0.8808694280464519
1126,-0.5684947187517436,-1.2012203538817643
1127,0.8560951823829901,-1.2601632550288737
1128,0.33922308671471924,-0.36792057994762045
1129,-0.26714562247233176,-0.12996395691383278
1130,-0.015998166880945488,-0.42667814311574515
1131,0.2724341407928673,-1.5577403059687838
1132,-0.9646918922661359,-0.9634024191315701
1133,0.17413735824438775,-0.7245829313597848
1134,2.366327282529133,-0.7246899092691022
1135,0.7776926779123612,-0.9040313684599107
1136,0.4970687663130968,1.538907771298792
1137,-0.4460881801520549,-1.200464467053085
1138,-0.2083546398029511,-1.0225946975131417
1139,-0.9248331785380445,-1.2002707078644275
1140,-0.46298198185112094,-0.8441388212954646
1141,-0.7997315970312897,-0.42719963960853263
1142,-0.20514333637582238,-1.1415999259756426
1143,-0.9133393839259739,0.7058573745991104
1144,-1.1021188836496054,0.16765974372146847
1145,-0.7132177433326097,1.0636547100075961
1146,-0.7288912284694965,-0.6059328210272139
1147,-0.05423227217768013,1.1784464789863618
1148,0.252312736432683,-0.5465617703555545
1149,-0.47309282189228985,0.34615196911535995
1150,-0.6383826451186653,1.0631332135148093
1151,1.7437440245029745,1.0636547100075961
1152,0.08406353924367076,0.5279876050591674
1153,-0.8812798536619151,0.5279876050591674
1154,-1.0962072223478057,0.940761975210898
1155,-0.6381023691602785,-1.141272188671513
1156,0.3390299762250595,-0.30854952927596174
1157,-0.6382689048119115,0.10743945925289274
1158,1.0907194666829874,1.2410029830547522
1159,0.5490948582144386,-1.259835517724744
1160,-0.8333282159268043,0.10719008201842974
1161,0.30431934011947204,-0.6660747454261223
1162,3.886213844164735,-0.36816995718208345
1163,-0.3467167111537816,-0.9028874161131754
1164,1.0392195565745714,-0.2486569821115156
1165,1.32262673954315,-0.7844754785242309
1166,-1.0110752602265063,0.22670305708899757
1167,-0.528951359768234,1.30133921378306
1168,-1.057980912336892,0.8808694280464519
1169,0.11216979660289973,0.6429128050126636
1170,-0.013938439768300687,-0.1889936393402813
1171,-0.5048756195096988,1.5984725811591083
1172,0.31173690890944317,-1.4978477588043375
1173,-0.7064691517985603,-0.42667814311574515
1174,-0.33600740576025473,-1.5577403059687838
1175,0.15377217403670662,-2.033514863752766
1176,-0.2157835471904802,-0.7844754785242309
1177,0.22156883781652548,-0.6060196023065536
1178,-0.19179568106301956,-0.6647681971242638
1179,1.1600170773145457,1.4791222020436632
1180,1.9040452191350057,0.1072768632977695
1181,-1.2020083848238097,1.3009246951995905
1182,-0.6530753415667854,-1.0817073788111964
1183,-1.0803041306103696,1.238339026150808
1184,-0.8550232050293342,-0.7250176465732318
1185,-1.199073814043331,-1.4391769769155525
1186,-0.06781591205215885,-1.4978477588043375
1187,0.4585472984345015,-0.36800736122696087
1188,0.055701809108213235,0.34572381959081
1189,-0.7582309126443311,-1.5577403059687838
1190,0.25545352795624776,-0.6659121494709997
1191,-0.21733941537414153,-0.1303520224318892
1192,-0.0050206327889371506,0.34500801676862397
1193,2.9063510227549623,1.4791222020436632
1194,-1.0406055745727847,0.6433008705307199
1195,-1.109425192451039,0.8805416907423222
1196,-1.14451283692543,0.5279876050591674
1197,-0.39149814787791143,-0.07043031028705085
1198,0.0793750291534396,0.34572381959081
1199,-0.5740332693276508,0.7652284252707697
1200,-0.3550984150673562,-1.3792844297511064
1201,-0.2278828937783826,0.46507419870625527
1202,-0.44399833488964685,-1.5577403059687838
1203,-0.8359718808136857,0.16765974372146847
1204,-1.0182603877665386,1.1784464789863618
1205,-0.6254672738377609,-0.42667814311574515
1206,-0.3898657441607338,-0.9626729853683035
1207,-0.6731517458679113,1.2410029830547522
1208,-0.8004041175989484,0.4049005639330708
1209,0.40539195308261833,0.7058573745991104
1210,-1.1600530935410103,0.048247180871320315
1211,-1.0499740908050785,0.8808694280464519
1212,-0.5515275704997242,-0.7251044278525716
1213,-0.4838758281699437,-0.903509871967124
1214,-0.11296160122283935,0.34500801676862397
1215,0.7038458093418306,-0.9626729853683035
1216,-0.4002915846153108,1.4791222020436632
1217,-0.9124050126209603,-0.36764846068929596
1218,0.637640092531868,-0.903509871967124
1219,0.8954149583959028,-0.4868984275843209
1220,1.684577450789485,1.8962905881238075
1221,-0.47553593533486427,-0.6061821982616762
1222,1.198757167527306,-0.36816995718208345
1223,-0.11920491650321083,-0.6659121494709997
1224,0.34346336787023585,-1.2003574891437674
1225,-0.8416061008064886,-0.4865706902801913
1226,-0.6557824317337567,-0.9634024191315701
1227,-0.9148102126279501,-0.13067975973601814
1228,0.45387863088999697,0.10760460060189911
1229,-0.7597091823009549,-1.5577403059687838
1230,0.28033962360900605,-0.36816995718208345
1231,-0.045917536855932625,1.7770269902877027
1232,0.6220254263698133,-0.3683350985310898
1233,1.433046608868169,-0.0701581910287264
1234,-0.9199618335621906,-0.19013759168701727
1235,-0.5626230968725703,0.9404342379067684
1236,0.5433720554282139,-0.13024504452257113
1237,-0.07743990106068131,-1.5577403059687838
1238,-0.1755350691713327,-1.2012203538817643
1239,-1.108433419495888,0.40561636675525614
1240,1.4280158148641555,-0.6059328210272139
1241,-0.3135506046342972,0.10771157851121718
1242,0.19797959425946285,-0.1303520224318892
1243,-1.0907852467280414,0.40534424749693165
1244,0.24411280441121014,-1.4384767081326781
1245,-1.0673224993999855,-0.7844754785242309
1246,-0.65253959283217,-0.9626729853683035
1247,-0.18080326506171643,0.10760460060189911
1248,-0.536432708169469,0.46471529816859103
1249,-1.2405808763914161,-0.4868984275843209
1250,-0.8562233247146133,0.048247180871320315
1251,0.26023522714515884,1.0631332135148093
1252,1.1967846058833886,-0.664797362104656
1253,-0.8538252113310971,-0.9033155656377246
1254,-0.6740556446919878,2.014267810499305
1255,-0.7531288980744069,-0.13037847549730147
1256,0.923612633197943,1.5983857998797686
1257,0.6982654476874284,0.8251209724352159
1258,-0.32132463058499794,0.16749714776634525
1259,0.8259125443459533,-0.9634024191315701
1260,-0.7566878003829227,0.5829646398024123
1261,-0.5709736196428604,1.8360703036552326
1262,-0.8291350608173882,-0.6048756499598177
1263,-0.5237217859757823,1.538907771298792
1264,0.22305844607070718,1.00376216284315
1265,-0.8806735930237359,-0.6652118806881254
1266,-0.5586475011037982,1.2410029830547522
1267,2.774226597385724,0.46465968012278586
1268,-0.6712521764457733,-0.13024504452257113
1269,-0.48036121725813863,-0.2486569821115156
1270,-0.6670218165631199,0.16733200641733886
1271,0.2069069681805161,-0.13040764047769368
1272,1.4020249146118404,0.5878801522236136
1273,2.719398808894036,-0.66582536819166
1274,1.3589492281578415,0.16713824722868104
1275,1.4155617827713922,-1.2007922043572146
1276,2.1476709325713563,-0.9634024191315701
1277,-1.082745826728249,1.3012524325037202
1278,0.27202843159899537,0.587552414919484
1279,1.9515730767863861,-0.4868984275843209
1280,1.543359824509908,0.10760460060189911
1281,-1.0049219450642515,0.8854572031635236
1282,0.43317931238552865,2.3121725987433446
1283,-0.34435544821232905,0.6429128050126636
1284,0.7845716633183276,0.8805416907423222
1285,-0.7531104728533751,0.6429128050126636
1286,0.4100173922239332,1.0033476442596807
1287,2.746350655289392,-0.1889936393402813
1288,-0.3450226538123823,0.34500801676862397
1289,1.4972439765856713,0.5279876050591674
1290,2.235130141841434,-1.259835517724744
1291,-0.8322453798600158,0.16708262918287586
1292,2.365390785237077,-0.36792057994762045
1293,-0.15311192950687558,-1.4983692552971244
1294,-0.8780200068639914,1.2410029830547522
1295,1.3556815860740967,-1.200464467053085
1296,0.15811733721963464,0.4049005639330708
1297,0.14996807455599906,1.538907771298792
1298,-0.5235828881556968,1.5385800339946623
1299,0.5921744423113479,-1.2012203538817643
1300,-0.6924153144565984,-1.4384767081326781
1301,0.2775563522396917,0.40561636675525614
1302,0.3516622368981877,-0.7254457960977817
1303,-0.3055150822774152,2.3121725987433446
1304,-0.22561588292913073,-0.36797619799342557
1305,-0.6769753335631716,-0.3673070924440865
1306,-0.021269551751892258,0.048247180871320315
1307,-0.25392588071322997,0.1072768632977695
1308,-0.91964754181113,1.598800318463238
1309,0.327418189332151,1.5983857998797686
1310,-0.7704415192207713,2.37206514590779
1311,0.18696272940717545,-0.8429948689487292
1312,-0.3321937393378578,-0.6061265802158717
1313,0.5288271150795214,2.134496588392058
1314,-0.5573754521902605,1.1784464789863618
1315,0.49576589058744824,-0.7254457960977817
1316,-0.6764778525953145,-0.6659121494709997
1317,-0.10754635789537534,1.00376216284315
1318,-0.1373406489660509,-0.9028874161131754
1319,-0.9575127883560562,-0.9024527008997277
1320,-0.6827945144286391,-0.7844754785242309
1321,0.7487300021063299,-0.6655532489333356
1322,-0.44915314480445057,0.40534424749693165
1323,-0.7190060973859665,-0.30811481406251406
1324,2.2058992373369217,-0.6048756499598177
1325,-0.33273232272186243,-1.199942970560298
1326,-1.0266137451862183,-0.13005073819317253
1327,0.4438641689280709,0.4052886294511272
1328,0.6395393076228325,-1.259835517724744
1329,0.5230720681564913,1.5384932527153226
1330,-0.9131919821577199,0.5246078453330372
1331,0.410816409020598,0.1672250285080208
1332,-0.6699613479800303,-0.7254457960977817
1333,0.3108390337153195,1.8365918001480193
1334,-0.18876898417738217,-0.42795552643721146
1335,-0.7350704098074304,0.7652284252707697
1336,-0.6595883028703328,-0.30844255136664367
1337,-0.0636766152811431,-0.6059328210272139
1338,-0.3502554165853973,-0.19013759168701727
1339,1.5864025581647538,0.10760460060189911
1340,-0.3630382680073426,0.5829646398024123
1341,1.0416403471532032,1.3009246951995905
1342,-0.35666314153035955,-0.5462340330514256
1343,1.201924179557724,0.10760460060189911
1344,0.5061396443594933,0.6429128050126636
1345,0.25326376130286,-0.5462340330514256
1346,4.440676579718325,-1.2012203538817643
1347,-1.2029689766356761,-0.8441388212954646
1348,1.5937917804608304,-0.6654976308875304
1349,-0.9048297664586982,0.4049005639330708
1350,-1.3229685435725067,-0.5458459675333686
1351,-0.8606088816513418,1.5983857998797686
1352,0.032542014933660046,0.10743945925289274
1353,0.8552990002357146,-0.7844754785242309
1354,0.13202120060873418,-0.13005073819317253
1355,0.30298847223110215,1.8360703036552326
1356,0.6344472143257714,-2.033514863752766
1357,0.41402168881777385,1.3612317609475062
1358,-1.133572507606659,1.7770269902877027
1359,-0.3584496793080913,-0.6061821982616762
1360,-0.09864307849413312,-0.36816995718208345
1361,-0.9987402834081018,-2.033514863752766
1362,-1.1091243652845784,-0.4275410078537421
1363,2.4177322318830003,0.6429128050126636
1364,-0.07633934843520845,0.587552414919484
1365,-0.6391607563760827,2.6696421968477
1366,0.43811337397912514,-0.3082774100176373
1367,0.16954947820748392,0.40518165154180913
1368,0.48778706121835624,1.5384932527153226
1369,0.14709976370499997,-1.2601632550288737
1370,-0.4977482479509775,1.30133921378306
1371,0.694249458164856,-0.5458459675333686
1372,-0.05382833463967674,0.4050948702624694
1373,-0.19246076067603063,1.3008955302191985
1374,-1.3030331630785081,-0.368364263511482
1375,-1.1884704536707367,-2.033514863752766
1376,0.4755888562329953,0.16708262918287586
1377,-0.5246058422541322,-0.13024504452257113
1378,-0.8335266413840693,-1.5577403059687838
1379,-0.9811640398685139,-0.664797362104656
1380,-0.2632143181002706,-0.36797619799342557
1381,1.70697826759,-1.200464467053085
1382,-1.1398912954270257,1.4791222020436632
1383,0.34441439274041286,0.1672250285080208
1384,1.332210689129046,1.5390147492081092
1385,-0.4299919779249591,1.3009246951995905
1386,-0.6408367428276238,1.8363980409593614
1387,-0.24356594585695895,0.5878801522236136
1388,-0.7084257685396619,2.6097496496832546
1389,-1.0929636747838716,-0.7844754785242309
1390,0.2761439881813739,-1.140899657192768
1391,1.2117483656793797,-0.6056050837230843
1392,-0.9807455747523892,-1.2601632550288737
1393,-1.278959903138189,1.6587220306080763
1394,0.5782035184640288,-0.4278687451578717
1395,-0.9537405786809806,1.6587220306080763
1396,-0.7666324591036322,0.7026719212023793
1397,0.7516876044130983,1.2410029830547522
1398,0.7386312093250663,-0.010700359077727284
1399,-0.6530834911837802,-0.5465617703555545
1400,-0.299610507599089,1.3607102644547187
1401,-0.07385194359592302,-2.033514863752766
1402,-0.4419290408353126,-0.3683350985310898
1403,-0.671577806794392,0.7058573745991104
1404,1.6824560700526185,0.10846746533989605
1405,-0.09307618142433095,1.5384932527153226
1406,-0.3893356647248975,-1.6760452656484102
1407,0.481710281589618,-0.7245829313597848
1408,-0.48365295386169427,-0.6057385146978154
1409,1.573467344338123,0.048247180871320315
1410,-0.5727665353817184,1.00376216284315
1411,0.19768868836586556,0.6433008705307199
1412,-0.6639522456054663,0.04781903134677105
1413,0.2643188939219057,-0.6048756499598177
1414,0.1985762879559525,-0.4865706902801913
1415,-0.9776186021445983,-1.0225946975131417
1416,-1.0028087139443802,-0.9623452480641739
1417,-0.7189734989179873,0.16749714776634525
1418,1.5166829391053338,-0.1894373229041429
1419,1.4736026463460772,-1.2601632550288737
1420,1.0517012264988823,-1.4978477588043375
1421,-0.8461819335834871,-1.1415999259756426
1422,-0.05303817612235382,0.6428571869668585
1423,-0.07646655332656209,2.014267810499305
1424,1.7690719711293208,2.014267810499305
1425,-0.5267647820954092,1.00376216284315
1426,0.42600127146897,1.538907771298792
1427,-0.26157837107135595,0.34500801676862397
1428,1.2879915759775578,0.34539608228668106
1429,-0.5271977747896552,-0.4275410078537421
1430,1.6375063260209872,-2.033514863752766
1431,-0.7513462579395856,-0.6652118806881254
1432,-0.7299623716075534,1.0636547100075961
1433,-0.6162380097567262,2.0741603576637506
1434,-0.4498199960733302,0.4052886294511272
1435,0.0017421319920596034,-0.903509871967124
1436,-0.9161616317243937,-2.033514863752766
1437,-1.2655438619088641,-1.3781404774043704
1438,1.9067186478404765,-1.5577403059687838
1439,0.19206509830827348,-0.368364263511482
1440,-0.13431607806745555,-0.7254457960977817
1441,-0.9977293765695718,0.6429128050126636
1442,-0.5040985712458025,-0.4865706902801913
1443,2.0125605584014545,0.28997536397957396
1444,-0.11055498389115485,0.6433008705307199
1445,1.0135805071777277,-0.4271128583291928
1446,-0.6752384021497562,0.642585067708534
1447,-0.9139332429730739,-1.5577403059687838
1448,-0.3442427708990965,-0.7844754785242309
1449,0.22842479169620217,1.00376216284315
1450,0.0038252449621676353,-2.033514863752766
1451,-0.5094638538777764,-0.9626729853683035
1452,1.1698791768717862,-1.2002707078644275
1453,-1.3600454032559786,-1.2003574891437674
1454,-0.8656428646359181,-0.9634024191315701
1455,-0.9016354709279066,-1.4978477588043375
1456,0.636062610146612,-0.6651250994087856
1457,0.630588547844316,0.28997536397957396
1458,-0.7226528738255568,-0.070787212571572
1459,-0.9219687653299559,-0.07087399385091177
1460,-1.349021806111391,1.7766992529835732
1461,0.5447762698695369,-0.4865706902801913
1462,-1.0715999853287395,2.311844861439215
1463,0.9709838764705542,0.8255646559990775
1464,-0.7502418076712022,0.6429128050126636
1465,2.042310912406593,-0.1889936393402813
1466,-0.892462899834662,-0.13005073819317253
1467,-0.5475863448547997,-0.36764846068929596
1468,0.2533243519335605,-1.259835517724744
1469,0.3583693716849158,0.7031934176951661
1470,-1.0361076946539973,0.04781903134677105
1471,0.2536723051461215,-0.903509871967124
1472,0.3240626731173318,0.10813972803576713
1473,-1.1374829064394727,1.3607102644547187
1474,1.1753982392331404,0.5279876050591674
1475,0.5587156582423977,-0.3673070924440865
1476,-1.0253551608572806,-0.1303520224318892
1477,3.8130115039991423,-0.6659121494709997
1478,1.3405300307560513,-0.36816995718208345
1479,0.7822313059161224,0.40534424749693165
1480,0.5109787451985416,-0.6061265802158717
1481,-0.664837719208511,-1.97362231658832
1482,-0.08397447656582359,-1.2012203538817643
1483,-0.703096627687404,-0.664797362104656
1484,-0.7719835684886587,-0.7844754785242309
1485,-0.23130077227977086,0.4652367946613778
1486,1.4387818132454728,0.10776719655702166
1487,-0.8646351467779513,-0.9023659196203879
1488,-0.5923780571829665,1.598800318463238
1489,0.9036875283079817,1.3008955302191985
1490,-0.9628862206050252,-0.13024504452257113
1491,0.47818787539199203,-0.36800736122696087
1492,2.7305946109890358,-0.13005073819317253
1493,-0.6018224002864295,-0.30844255136664367
1494,-0.3572704651620597,-0.42752737691266224
1495,-0.6266805037764663,1.3012524325037202
1496,-0.46294229675966797,-0.12910109217583515
1497,-0.5744265769304437,-0.4275410078537421
1498,-0.04016638757581314,-0.12996395691383278
1499,-1.108565939354847,-0.0701581910287264
1500,1.006738726544998,-1.2602500363082134
1501,-0.5925938448677421,2.0741603576637506
1502,0.33653548476230066,-0.19013759168701727
1503,-0.2609965592841614,0.10776719655702166
1504,0.1396240846025439,-0.9622584667848341
1505,1.8347185533472046,0.5878801522236136
1506,-0.1717561272039572,1.1230257606792555
1507,2.684737424821591,1.8360703036552326
1508,3.4640753767623442,-0.4271128583291928
1509,-1.044428099274524,0.16713824722868104
1510,-1.0807509422203891,-0.4275410078537421
1511,-0.5952243995011972,2.0746040412276128
1512,-0.9249986511961564,-0.6060196023065536
1513,0.2767257999685687,-0.8429948689487292
1514,0.33467560043161554,0.6428571869668585
1515,-1.0928740289969288,-0.3080280327831743
1516,-1.1097044054159046,-1.259835517724744
1517,-0.6640496866782303,-1.200464467053085
1518,2.103800126963603,-0.9622584667848341
1519,-0.251752058962658,0.5878801522236136
1520,-0.3493419508196313,0.23008281681512782
1521,1.994931873848161,-0.9622584667848341
1522,1.1729133147120712,-0.1303520224318892
1523,-0.954205815512032,2.3717374086036607
1524,-0.36042365827670353,0.23008281681512782
1525,1.571811554763482,-0.4278687451578717
1526,0.20380550741723066,1.238339026150808
1527,-0.702732729572027,-0.36816995718208345
1528,-0.0598090905203455,-0.9028874161131754
1529,-0.7817563765901299,-2.033514863752766
1530,-0.7558622087482312,1.0631332135148093
1531,0.12300524389425936,1.6587220306080763
1532,-0.802670065454679,-0.3683350985310898
1533,-0.4300688677896493,0.7058573745991104
1534,-0.36184169163380037,-0.13005073819317253
1535,-0.5322197105143263,1.4791222020436632
1536,-0.3012276750757981,-0.3082774100176373
1537,0.20329739651416284,0.16749714776634525
1538,-0.16296269046655773,0.6433008705307199
1539,-1.0850798061693276,-0.30844255136664367
1540,-0.4289328820468076,-1.140899657192768
1541,1.5445819127279554,0.16713824722868104
1542,0.9787564850965602,-0.6056050837230843
1543,-0.8050529425977265,0.04781903134677105
1544,0.32209011147341426,-0.3680629792727653
1545,-0.24210751874606165,-1.3792844297511064
1546,0.20574192728143215,-0.19030018764213982
1547,-0.48814055817644475,-0.07045947526744308
1548,-1.0729092390155142,0.34500801676862397
1549,-0.5353133759917906,-0.7250176465732318
1550,-0.230574039042538,1.836919537452149
1551,0.6020985498239836,0.1072768632977695
1552,-0.852621902665255,0.10776719655702166
1553,-1.281228685643309,0.5246078453330372
1554,-0.6783621857769839,-0.07087399385091177
1555,0.8651596824682602,2.3121725987433446
1556,-0.9272777093053135,0.9404898559525736
1557,-0.7950987169353275,0.6428564019388386
1558,-1.0989954543535514,-0.9035108235162398
1559,-0.3532247118208973,-1.1405726335504756
1560,1.5976387540135537,1.5390158434895922
1561,-0.7099320303590069,-0.784474408031476
1562,-0.7346593856459531,2.312173288616453
1563,-0.316315096451406,1.3607098124688892
1564,0.7338601400713659,-0.010536692629849706
1565,0.8942205080094028,-0.903315755947548
1566,-1.0459747548476694,-0.3681692910977022
1567,-0.5614998670519815,-0.13035099951658985
1568,1.0180571272260936,-0.19030097267016022
1569,-0.831199039904117,0.16713893710179012
1570,-1.0456207780051556,-0.12962306444318053
1571,0.03394835536202501,1.5987992955479386
1572,-0.7053034022371288,1.24100255485765
1573,1.42976798251804,1.7766985393217363
1574,-1.0992069900642427,0.34539501179392607
1575,1.2840131455593962,-1.4391758826340697
1576,0.36617599610359575,-0.13076730225465047
1577,-0.3670138637761147,-0.3681692910977022
1578,0.16512104719873916,-1.735609599734169
1579,0.03946600039868465,1.3012522659826247
1580,0.7553467824437676,-0.9623451053318068
1581,1.166083935670421,-0.24865710105515473
1582,1.2445147866349449,2.312173288616453
1583,0.2079153947008303,-1.081379141943781
1584,-0.5009871892096537,-0.1901368304477247
1585,-1.2821460490519856,-1.73593788417904
1586,1.020689807846591,-1.4978484010999902
1587,0.5485442275705283,-0.42754119816356545
1588,-0.27520098737494025,-0.6660755304541427
1589,-1.0379144293086293,-0.6659113882317073
1590,-0.37828655573580455,-0.13035099951658985
1591,-0.6959129174720663,-0.4282572388730304
1592,0.116791338101304,-0.784474408031476
1593,0.5005695583091279,2.3720661688230895
1594,-0.07197540570007478,-0.4275269249268321
1595,2.1997721426815198,1.5385805097692196
1596,-0.5530178874162534,-0.4266776673411879
1597,-0.2745972070549771,-0.07046049818274176
1598,-0.9707236718358159,-0.6057378010359784
1599,0.0040438672963329335,-1.4391758826340697
1600,-0.18759543933012954,1.24100255485765
1601,-0.8921649073175908,-0.1303795459900565
1602,-1.3888075276177028,-0.6056045841597986
1603,0.3065374532667549,1.5384924914760298
1604,-1.0628416273775352,0.3450072555293321
1605,2.1070840682813374,-1.2007914193291942
1606,-0.8800917812365414,1.3009239815377538
1607,0.521083207278584,1.063134236430108
1608,-0.6292029874019468,0.8808697610886421
1609,-1.0411863233664582,-1.2012196164312
1610,-1.1054598722863036,-0.13024395024108829
1611,0.04763156229631006,1.896291611039107
1612,0.40485159804274506,-0.1901368304477247
1613,0.4762819280087277,-0.13035099951658985
1614,0.26557251761441153,-0.13024395024108829
1615,0.9689758817092675,-0.8441389164503765
1616,-0.4762357394028968,-1.2598350419501865
1617,-0.3277440484586918,-0.19030097267016022
1618,3.120083586723179,-0.6655521784405806
1619,0.43846593349694396,-1.4380340236953881
1620,0.1562847363893238,0.16765991024256327
1621,-0.8107424382536245,1.7766985393217363
1622,2.7193810923353516,1.0037623293642448
1623,-1.0385114773362925,0.40509520330465965
1624,0.07237273649903012,-0.9634013248500872
1625,1.66721770359702,-0.367648317956929
1626,0.19286659542315437,-1.1408985391225575
1627,0.7345199047167719,-0.6659113882317073
1628,-0.6333142920102411,0.4052878920005625
1629,-0.8630413651587054,-0.6048766490863892
1630,-1.0525539760806963,1.4791229632829557
1631,-1.3149266432544984,-0.7251048798384017
1632,2.162705558602085,0.3457232962387964
1633,-0.42117692698596493,-1.735609599734169
1634,0.06558233388648553,0.3450072555293321
1635,-0.37483572443526325,-0.6060185080250708
1636,0.7827241805787217,1.24100255485765
1637,2.678370802292777,-0.13005126154518615
1638,-0.05659601543734849,1.3012522659826247
1639,-0.7913176489809097,0.9407626412952793
1640,-0.7233696857899264,-0.3082764108910658
1641,-1.2543381385410015,-0.12910209130240669
1642,0.91793801945134,-1.2012196164312
1643,-0.9175711611333222,1.4791229632829557
1644,0.048047547094218955,0.5829635217322016
1645,-0.31281678477359065,-1.6757167195275322
1646,-0.05395305921281458,-0.8441389164503765
1647,-0.18498827055413786,1.3012522659826247
1648,-0.5732689769860071,-0.1306792839614609
1649,2.1962288309446465,1.5385805097692196
1650,-1.1723179127870245,1.7770268237666074
1651,-1.0642422985071214,-0.07042957283648613
1652,0.04085958490479711,1.5390158434895922
1653,1.5381238727563298,0.10743874559105583
1654,-0.35944783022436855,-1.73593788417904
1655,0.9285534270838396,0.7657489702144413
1656,3.7898155680448724,-2.033514887541494
1657,-0.29545703758112574,-1.0225948164567815
1658,-0.6499345500432206,-0.1306792839614609
1659,0.08927645947095932,1.4206026926755257
1660,0.010963955118446958,0.7024780906475381
1661,0.5275341606267361,-0.42754119816356545
1662,1.0078569957291559,0.3450072555293321
1663,-0.6024449601585982,2.3717378843782186
1664,0.7631158477580368,-0.6659113882317073
1665,-0.10410544786769761,1.0037623293642448
1666,0.37308049335406773,-0.6660755304541427
1667,0.9718317909691878,2.3717378843782186
1668,-0.13819565008815865,1.5390158434895922
1669,-0.49358910863423533,-0.9035108235162398
1670,-0.29012293609243617,1.8364843702528717
1671,-0.7482412538645634,0.16681065265691908
1672,1.0274671002057087,-1.6757167195275322
1673,0.3662153268638751,-1.1999421617435497
1674,-0.6095539064962877,1.3612307856096624
1675,0.4795300818779197,0.5875523673420283
1676,-0.337396738292283,1.1230247377639562
1677,-0.44966125570751825,-2.033514887541494
1678,-0.6548009343826429,-0.6660755304541427
1679,-0.6094185519879391,-1.0817074263886521
1680,-0.11668526752711998,0.8251208772803046
1681,0.10938439924654336,-1.2598350419501865
1682,-1.2390799295396764,-1.2602489658154583
1683,-0.3288722389157124,-0.784474408031476
1684,-0.727815124695008,1.0636552095708818
1685,-0.2471691395621858,-0.4266776673411879
1686,-1.2412037905947584,1.3612307856096624
1687,0.14912689234966534,1.4791229632829557
1688,0.5673152758277901,0.16681065265691908
1689,-1.1517199329982308,1.0632412857056095
1690,1.0930484854876343,-1.4384764940341275
1691,0.821101435669626,-0.4282572388730304
1692,0.7414708193509968,2.014267049260012
1693,-0.4798102322830548,0.7657489702144413
1694,-0.5716751953667614,1.6587231011008314
1695,-0.799045611879031,0.46471451314057066
1696,0.4345495110341776,0.40561617644543346
1697,0.15453363172896067,-0.36849757554257323
1698,-1.2682208339260723,0.4649880835112967
1699,-0.4407544329945391,0.5878806517868993
1700,0.2570232150556829,0.7058584688805932
1701,-0.05369475178719646,-0.9634013248500872
1702,-0.1701889204227379,-1.2598350419501865
1703,1.1614290870416901,-1.0225948164567815
1704,-1.3693444705782296,0.5829635217322016
1705,1.3877003682531814,-0.4282572388730304
1706,-0.11254951406784106,0.16708184415485616
1707,0.9190449500379395,0.4047669188597886
1708,0.08417338190751404,-0.07087442204801404
1709,-1.288654758381449,1.0632412857056095
1710,-1.091842216619151,0.16765991024256327
1711,2.2933474623406154,-1.4380340236953881
1712,-0.12757457315687998,-1.6760450039724033
1713,0.445901927507947,-0.42795512202883773
1714,0.09584788541816511,0.8255657264918325
1715,-0.4983445873162934,-0.3683358121929267
1716,0.7554399715424474,-0.24933032205441913
1717,1.8425202171294528,-0.9623451053318068
1718,-0.7575491794661567,1.5987992955479386
1719,-0.3197584867972998,-1.4983693742407638
1720,0.21220067591540534,-1.2602489658154583
1721,0.33487898652531223,-0.12996324325199587
1722,2.068037127272164,1.5988302208941942
1723,-0.5478315420269915,-0.9623451053318068
1724,-0.7662692696506026,0.5276594871353919
1725,-0.040468632066968414,0.4052878920005625
1726,-0.7523252749724839,-1.0225948164567815
1727,-0.8175526834118957,2.0741599294666497
1728,-1.0086413593944479,-1.73593788417904
1729,1.2735972263776822,-1.5577412813066271
1730,0.41109526765429005,0.4060443735474391
1731,0.1664395134960298,-2.033514887541494
1732,-0.9284530258084346,0.8805414766437711
1733,-0.4581701645124466,1.3012522659826247
1734,-1.2682615820110466,0.10776703003592686
1735,-0.25135875135986513,1.1230247377639562
1736,-0.22133308203277177,-0.665123981338575
1737,0.6639647727497969,-0.784474408031476
1738,0.7301832454820123,-1.4380340236953881
1739,-1.0648039134174156,-0.3680075277480557
1740,0.733876084974182,0.10718896394821907
1741,1.1536143130060152,-0.7251048798384017
1742,-0.5492460320723513,-0.1303795459900565
1743,-0.07829773683217839,1.5390158434895922
1744,-1.0126158921696988,-1.1412720221504182
1745,-1.1193840244186959,0.23008391109661067
1746,0.29776350474390834,1.5389087942140904
1747,-0.8207480419362083,-0.13076730225465047
1748,-0.1914289482982532,0.16713893710179012
1749,-0.5000549438916824,1.0034340449193744
1750,1.0854505621302566,1.3607098124688892
1751,-0.23795156840988255,-1.2002704461884208
1752,-0.7702955347772121,-0.4271130010615598
1753,-1.3588346536354887,0.3450072555293321
1754,0.4344276211104291,-0.19030097267016022
1755,-0.5548767087534172,0.7657489702144413
1756,-0.6531547117496913,0.7026707793434408
1757,0.44616944754408105,-1.2004655137571123
1758,0.17097211786983849,-0.07015838133854904
1759,0.18907206288413628,0.2899744124304588
1760,-1.1639762482960767,-0.6652119996317652
1761,0.35341263289620334,0.10846641863586955
1762,-0.7425705377608709,0.3457232962387964
1763,1.4500906469848782,0.10718896394821907
1764,-1.2039866157665062,-0.9040317966570129
1765,-0.7546599630759099,0.04781943575514482
1766,-0.8571187195905212,-1.2012196164312
1767,-0.20723070132001475,1.8369197039732437
1768,-1.002932375523997,-0.1901368304477247
1769,-0.8314566386673876,-0.9634013248500872
1770,0.0429458868554682,0.7058584688805932
1771,-0.26027832999509704,0.10776703003592686
1772,-1.0187082623700794,2.014267049260012
1773,-0.7752012498769137,1.3612307856096624
1774,-0.6777428148853785,2.3720661688230895
1775,-1.300953947751311,1.5983853716826664
1776,-0.8232237538467618,-0.8434228757409116
1777,1.46285294719875,-0.903315755947548
1778,-0.8975858199438338,1.3607098124688892
1779,0.39016209057518814,1.4791229632829557
1780,1.4011770001132065,-0.6061255573005724
1781,-1.3050050160600783,2.1938671870778874
1782,-0.9832173890200323,-2.033514887541494
1783,1.4789551730557984,-0.42754119816356545
1784,-0.3848097926433888,-0.24933032205441913
1785,0.17696173202984966,1.0003819511311896
1786,-0.3514509299654185,1.5390158434895922
1787,-0.9006833830642087,-0.48689883199269535
1788,0.2537410453938169,-0.665123981338575
1789,-0.7014259562034679,-0.13024395024108829
1790,0.8592136510426124,1.8364843702528717
1791,0.9543249963396426,-0.3085499812617912
1792,1.8452797483101302,-1.735609599734169
1793,0.05572873827741354,-0.6061255573005724
1794,0.4755222419723419,0.4049001357359685
1795,-1.1626935694473286,-0.368364358666394
1796,-0.7241920884440547,-0.4266776673411879
1797,2.6083337025017324,-0.4271986404819611
1798,-0.19764143676651352,0.7652279970736674
1799,-0.19181587793991972,-0.07087442204801404
1800,-0.3884881045574374,1.5984733899758565
1801,-0.30487409718421477,2.074604778678177
1802,-1.144878861027849,-0.1304080924635238
1803,-0.6113833183460357,1.5988302208941942
1804,-1.3409706931828667,0.5829635217322016
1805,0.3756858904741908,1.1230247377639562
1806,-0.17117218942972032,0.4053449849474964
1807,0.5545012432625603,-1.4380340236953881
1808,-0.6733721398579449,-1.379285381300222
1809,-1.3051488745165956,1.5988302208941942
1810,-0.5984778683379945,0.04781943575514482
1811,-0.9885426322293795,1.895963326594236
1812,0.22785998780534444,-0.545844920829342
1813,0.5732219764931583,0.7028063750924091
1814,-1.1717959829681832,-1.0225948164567815
1815,-0.040161426939381274,-1.2602489658154583
1816,-0.8823212329813822,-0.24865710105515473
1817,-0.18412972612029355,-0.42754119816356545
1818,2.5563745791922177,-0.6658257488113066
1819,-0.18816449519507136,1.895963326594236
1820,-1.0797464133429855,-1.73593788417904
1821,-0.4875991401430504,1.8360704463875994
1822,-0.08325731027028044,-1.1405726335504756
1823,-0.5854625756661104,-1.2004655137571123
1824,-0.5780549281490023,0.6428564019388386
1825,0.6992621812790109,1.5988302208941942
1826,-0.49000682046825605,-0.6647671504202373
1827,-0.9216502216048109,-0.545844920829342
1828,-0.005095042335411703,0.4053449849474964
1829,0.26078089715263747,0.9407626412952793
1830,3.4474395281577226,-0.3679195094548654
1831,-0.07355926604645745,-0.4282572388730304
1832,-0.7819140539624208,1.0037623293642448
1833,-1.2210175436297894,-0.13035099951658985
1834,-1.0218621641470707,0.4060443735474391
1835,-1.2594621216436943,-0.368364358666394
1836,-1.0325431230467026,-0.6061826502475063
1837,0.020729676596444365,-0.9040317966570129
1838,0.28921987148395856,0.10727698224140932
1839,0.7107800704108924,0.16752669336638407
1840,0.7244710726309984,0.46471451314057066
1841,3.690262681485672,2.074604778678177
1842,1.4797095441245787,-0.42795512202883773
1843,-0.17647227512573593,-0.48689883199269535
1844,3.663503591248802,-0.903315755947548
1845,-0.8777443372108626,-0.784474408031476
1846,2.702157053982409,-0.1306792839614609
1847,3.3613937459394827,-0.19030097267016022
1848,-0.8542762749152013,1.0034340449193744
1849,-0.18202322729272202,-1.2002704461884208
1850,-0.37054406525956196,-0.30860469533593676
1851,-0.06433637992654907,-0.07059371505892163
1852,-0.4401495896810548,1.3612307856096624
1853,-0.9958422087385128,1.0636552095708818
1854,0.3346986319579052,1.0033484054989732
1855,0.8666624009758682,-0.9626733897766779
1856,0.24275217270425062,1.5385805097692196
1857,-1.0733897120870342,0.346151493340802
1858,-0.8998964135274491,-0.13005126154518615
1859,1.7805232460005487,-0.843694067238848
1860,-0.06221818817024606,-0.6658257488113066
1861,0.14224755261252517,1.0033484054989732
1862,-0.03328492185163065,-1.73593788417904
1863,-0.47128325258826853,0.04857591730202145
1864,-0.2795642214477265,-1.1413267362245632
1865,0.2563754976701824,-0.9634013248500872
1866,-1.160307148992544,-0.9040317966570129
1867,-0.033360394391626226,-0.1303795459900565
1868,-0.5938283346768689,-1.4978484010999902
1869,-0.34766631869926373,0.6429134948857727
1870,-0.06931402425450899,-1.6760450039724033
1871,0.620225069676308,-0.12996324325199587
1872,-1.1132101580483673,0.04824763285715042
1873,0.5904208573327692,1.8365914195283726
1874,-0.31958344719749815,-1.4983693742407638
1875,-0.9772284835223684,1.1230247377639562
1876,1.348906065370847,-0.367308139148113
1877,0.9087721806503953,0.7652279970736674
1878,-1.2154403709559503,-0.07046049818274176
1879,-1.185149661910939,0.5279877715802622
1880,-0.3020918888084216,-0.4865705475478243
1881,-0.5046056191553491,0.7657489702144413
1882,0.5977016542896972,-1.4391758826340697
1883,-0.5348984541874028,-1.1412720221504182
1884,-0.4816782662307346,-0.6056045841597986
1885,-0.06987067852837206,0.3450072555293321
1886,0.6563016524564605,-0.784474408031476
1887,-1.1082020412394702,0.23008391109661067
1888,-1.2623031489943197,1.896291611039107
1889,-1.2747026140863353,-0.4271986404819611
1890,-0.028812908108522488,-0.4275269249268321
1891,-0.42766543943852786,1.24100255485765
1892,0.2881101062479698,2.311845004171582
1893,-0.1520542509534186,0.16713893710179012
1894,0.6165917578213177,-1.2002704461884208
1895,-0.18839126714623133,0.4049001357359685
1896,0.13589262301244237,-0.3085499812617912
1897,-1.1113141319379662,-0.4271130010615598
1898,-0.8702527132055907,-1.2012196164312
1899,1.3688148710268184,1.4206026926755257
1900,-0.45642402048851527,-1.5577412813066271
1901,-0.4035687936407451,-0.6061826502475063
1902,0.8796713156866259,1.0033484054989732
1903,-0.6600751539029792,0.04781943575514482
1904,0.07562620533582746,-0.1303795459900565
1905,-0.3572382210252541,-0.9027805095700407
1906,0.7924505712964398,-0.4271986404819611
1907,-0.4272682341928244,-0.30860469533593676
1908,-0.32133278020199274,-0.4865705475478243
1909,0.5611892441659093,0.5276594871353919
1910,1.4180856837215672,0.10743874559105583
1911,0.15069799677379497,-0.903315755947548
1912,0.85756636541614,-0.1901368304477247
1913,-1.0923754850355505,0.16749814689291675
1914,0.12905438569145006,1.063134236430108
1915,0.6942905605810036,1.0632412857056095
1916,-0.1658852139871312,1.5384924914760298
1917,0.3948268604767823,0.04781943575514482
1918,-0.15015290987541235,1.3607098124688892
1919,0.22309742249981274,2.014267049260012
1920,2.4453697090994417,-1.4380340236953881
1921,-0.7387891154752793,0.6433012511503666
1922,-0.6478106889881385,-0.9040317966570129
1923,-0.5581730516622307,1.24100255485765
1924,0.5098990981123162,1.5385805097692196
1925,0.21278603101433674,-0.367308139148113
1926,-0.6877700327695572,-1.141600306595289
1927,-0.3866973148056214,-0.903315755947548
1928,-0.2704136188872504,0.10718896394821907
1929,-0.6080908730801327,-1.2007914193291942
1930,0.14528487943337326,-0.5462350559667243
1931,-0.7548814200594645,-0.6061255573005724
1932,1.0102033767613137,-1.0225948164567815
1933,0.30435441890566706,-0.9024522251251704
1934,0.677323766660158,0.4646597990664257
1935,-0.7202519257926513,-1.1412720221504182
1936,1.068781406395308,0.4646597990664257
1937,-0.06791618777431245,0.23008391109661067
1938,-0.64596391491088,0.3450072555293321
1939,-0.14593034527858012,-0.903644040392419
1940,-0.3622406685353723,0.4047669188597886
1941,-0.08341357031787669,-0.07042957283648613
1942,-1.201255431079724,0.3457232962387964
1943,2.420424794471851,-0.6654974643664356
1944,1.2568051177254647,0.9407626412952793
1945,0.8884016814751089,1.5389087942140904
1946,1.3693761316059396,-1.0817074263886521
1947,-0.2295000612550917,-1.4391758826340697
1948,0.4851394986885645,0.5829635217322016
1949,0.6445410464706032,-0.9024522251251704
1950,1.8026126056993925,-0.3680075277480557
1951,1.314577398270494,-0.843694067238848
1952,-0.4494823184648062,1.8360704463875994
1953,2.29092738042433,2.312173288616453
1954,1.4763455239615906,0.5276594871353919
1955,0.03169587209089446,-0.7246909559731294
1956,0.1077495152111499,1.301340284275815
1957,-0.13770242109438566,-1.2007914193291942
1958,-0.8899453768456131,0.4049001357359685
1959,2.186527243409086,0.7652279970736674
1960,-0.4154636911414299,0.04781943575514482
1961,0.5691758688208223,-0.5462350559667243
1962,-0.539310231630984,0.10727698224140932
1963,-1.122803320244779,1.063134236430108
1964,-0.1127369552587217,-0.9627019362501446
1965,-0.5428911024722686,-0.6048766490863892
1966,-1.151325208070743,-0.3679195094548654
1967,-0.8888125800833346,-0.1901368304477247
1968,0.41982067280634133,-0.3679195094548654
1969,-0.34962080945332324,-0.367648317956929
1970,-0.20891093974564018,0.10776703003592686
1971,-1.2062355557259,-1.379285381300222
1972,0.8207598604181915,-0.36849757554257323
1973,0.2629168054676248,0.10814051306378751
1974,-0.16171509040400456,-0.7250168615452114
1975,0.470928692636659,-0.4282572388730304
1976,-0.27677421778611216,-0.3085499812617912
1977,-0.7433653025834516,0.40509520330465965
1978,-0.4672208456819429,1.4791229632829557
1979,-0.8043014061783357,-0.4266776673411879
1980,-0.307196029365388,1.5390158434895922
1981,-0.8055971952805103,0.5279877715802622
1982,0.9754374649926302,-0.6659113882317073
1983,-0.2879873821086224,0.7026707793434408
1984,0.6280324027573354,-0.13005126154518615
1985,-0.8840245029332974,-0.4275269249268321
1986,-0.6660449255172639,1.8369197039732437
1987,-1.3792062158042964,0.04824763285715042
1988,1.117843163697581,1.7766985393217363
1989,1.8013958324489503,-1.5577412813066271
1990,-0.5765561072843048,0.16749814689291675
1991,-0.5132417328516312,-0.8437511601857826
1992,-0.044594109922210384,1.8363987308324705
1993,-0.01761852333821765,1.0037623293642448
1994,-0.6750768271345547,-0.36849757554257323
1995,0.7985443588215149,-0.9634013248500872
1996,-0.17682483464355475,-0.725445058647217
1997,-0.5961577078126897,0.16765991024256327
1998,-0.6940856316093605,0.04824763285715042
1999,0.006865052101231545,-1.2004655137571123
2000,-0.39546807434790465,-0.6660755304541427
2001,-0.6034859851468917,0.7028063750924091
2002,-0.6675504786742615,1.5984733899758565
2003,-1.0542320885192795,0.10846641863586955
2004,-0.6807503778876368,-1.0817074263886521
2005,0.5732000079603896,-0.13035099951658985
2006,0.6797938092719326,1.5390158434895922
2007,0.2258672292845268,-0.7245839066976285
2008,0.1839381585085801,1.062805951985237
2009,0.37381147856538466,1.301340284275815
2010,0.03546914475949136,-0.725445058647217
2011,-0.49801187034420097,-0.9626733897766779
2012,0.3440508489562096,0.5246073933472071
2013,0.8334846015276521,-0.13005126154518615
2014,-0.5791026854295959,0.16716986244804574
2015,-0.6807425826018156,-0.24933032205441913
2016,3.6434130137007283,1.5983853716826664
2017,-0.29525896645503447,1.24100255485765
2018,-0.9628153543702876,-0.9035108235162398
2019,-0.7136365627799082,-0.07042957283648613
2020,0.9031893386777774,-0.9627019362501446
2021,0.09880017275732819,-0.367634044720195
2022,-1.1129851577530758,0.04781943575514482
2023,-1.255325659522068,0.10727698224140932
2024,-0.4506959027346854,-0.24933032205441913
2025,-0.9792510058617759,-0.6059328686046696
2026,-0.5385852700496198,-0.3680075277480557
2027,-1.1482701646912108,2.3720661688230895
2028,-0.5006257714124926,0.40509520330465965
2029,-0.46880116271658845,-0.36849757554257323
2030,-0.5454585861568072,-0.07042957283648613
2031,0.9924269361085922,-0.842994678638906
2032,-0.020098487222855684,0.4052878920005625
2033,0.4268782411238462,0.9404343568504082
2034,0.049165461947202685,0.5875523673420283
2035,-0.0439308019650676,-0.24933032205441913
2036,-0.6707192623605476,0.703194131357003
2037,0.7233503231286251,-0.367648317956929
2038,0.2548352200581634,-1.2598350419501865
2039,-1.0125053408435085,1.4791229632829557
2040,1.084614340560354,-0.6659113882317073
2041,-0.9554144391454796,-0.9027805095700407
2042,0.03733930469421322,-1.5577412813066271
2043,0.16431565244094767,-1.73593788417904
2044,0.7672501838926209,-0.903315755947548
2045,1.4722735501135755,-0.4275269249268321
2046,0.23421810638599055,-0.9023665857047691
2047,0.020455069936836656,-0.4271986404819611
2048,-1.0803321227730907,0.7026707793434408
2049,-0.38520132859031336,-0.4282572388730304
2050,-0.2435322843954585,0.5878806517868993
2051,1.1086401201233993,-1.2598350419501865
2052,0.22527195291273192,1.7770268237666074
2053,1.7868321125480522,-0.36849757554257323
2054,0.6188980994308488,-1.2602489658154583
2055,0.09657284699952942,2.3717378843782186
2056,-0.050101479354833056,1.3012522659826247
2057,0.4007980494157616,-0.9023665857047691
2058,-0.7876662662360614,-0.42786948260843644
2059,0.5202289148188238,1.8365914195283726
2060,0.8089655929708339,-1.1412720221504182
2061,0.06208579386453863,-0.9040317966570129
2062,-0.4360184425270338,0.5878806517868993
2063,0.035793357783415095,-0.13005126154518615
2064,0.28789077525145745,-0.725445058647217
2065,-0.11887432551816046,-1.4978484010999902
2066,-0.6677372112027947,2.312173288616453
2067,-1.187357145123011,1.8369197039732437
2068,-1.195902550038829,-0.3679195094548654
2069,-0.7599781196617835,-0.9622594659114055
2070,3.1283501330053047,0.9404343568504082
2071,-0.331759329318917,-0.3085499812617912
2072,-0.6889247980646043,0.4649880835112967
2073,0.06494170312445871,-0.9623451053318068
2074,-0.15995725345134154,0.16716986244804574
2075,-1.058181463781199,-1.2598350419501865
2076,0.1432070814308706,1.062805951985237
2077,-0.01586706434668101,-0.842994678638906
2078,1.3306856477574953,1.4791229632829557
2079,0.028454096182828854,-0.30802900812101797
2080,-0.35945527117901593,0.4053449849474964
2081,-0.1701378967337268,-0.9627019362501446
2082,-0.8963736529986494,1.0034340449193744
2083,-0.03148102184638843,0.10776703003592686
2084,-0.3209387639368523,0.04781943575514482
2085,-0.4249416957063932,-1.0225948164567815
2086,-1.1629323886583938,-0.12962306444318053
2087,-0.7687616351263196,-0.6654974643664356
2088,-1.1686413725288447,-0.36849757554257323
2089,0.3347138681983738,1.5988302208941942
2090,0.4446412171919673,1.7770268237666074
2091,-0.00786626644482053,-0.42700595178605827
2092,3.498328571322701,-0.8434228757409116
2093,-0.6937539776307893,0.16765991024256327
2094,-0.760117017481869,-0.725445058647217
2095,-0.30398685192530156,-1.081379141943781
2096,1.3270456036102052,0.16716986244804574
2097,-0.24245476329627536,-1.2012196164312
2098,-0.9455714734716184,0.04857591730202145
2099,0.3000368935542866,0.5878806517868993
2100,-1.0395493133440228,1.7766985393217363
2101,-0.5153616962638026,-1.2012196164312
2102,0.666023082537747,0.10718896394821907
2103,-0.41720203987954013,0.4060443735474391
2104,1.0805785084920552,0.22711745672882777
2105,-0.4441563665931114,-0.42786948260843644
2106,0.7247718997974588,-1.0817074263886521
2107,-0.5740350409835192,-0.6658257488113066
2108,0.23406113767604703,0.40509520330465965
2109,0.6790153436833414,-0.5465609615388063
2110,-1.2523882540922,-1.2012196164312
2111,0.6420004919552649,-0.1304080924635238
2112,0.9661026102218367,-0.7245839066976285
2113,1.2687885980195712,-0.3082764108910658
2114,-0.7398599042821625,-0.13035099951658985
2115,-1.0978817914746521,1.8963772504595082
2116,0.017384435985662115,0.16722457652219136
2117,-0.35902086116007526,-0.7250168615452114
2118,-0.7538577572986818,1.4791229632829557
2119,0.36986918992693923,-0.07015838133854904
2120,-0.7390782497130082,0.9407626412952793
2121,0.6324884715976274,0.16752669336638407
2122,0.016073410643018874,-0.1894374418477827
2123,0.32400810611658387,-0.725445058647217
2124,-0.6301323980705287,-0.6655521784405806
2125,-0.5079108203435048,0.3457232962387964
2126,-0.571179131723599,-0.6061255573005724
2127,-0.8200928835960603,0.10771231596178192
2128,2.449678376171479,-0.4275269249268321
2129,0.9991914725454573,1.301340284275815
2130,-1.0166864486930194,0.40509520330465965
2131,-0.7578429200091436,-0.07046049818274176
2132,-0.32635365293314267,-0.19030097267016022
2133,-0.6088750079675028,0.7028063750924091
2134,-0.17203285985060696,-0.3680622418222006
2135,-0.7223984640428494,-1.2601633263950576
2136,-0.593019042276167,-0.42754119816356545
2137,0.45197232917555885,0.4052878920005625
2138,-0.034536419557094404,1.8363987308324705
2139,-0.5920208913598898,-1.4380340236953881
2140,-1.2100106000503652,2.0741599294666497
2141,-0.22266430425231518,0.346151493340802
2142,-0.5754566176523529,0.5246073933472071
2143,-0.5663559757873667,-0.725445058647217
2144,-0.33882681890928507,0.7657489702144413
2145,-0.30397303300952777,0.7058584688805932
2146,-0.5800558362868149,1.3008954350642872
2147,-0.4145608553108745,0.46523786515413285
2148,-0.6124431228865346,-1.2012196164312
2149,-0.6494228958284161,1.7770268237666074
2150,-0.5359196366299698,-0.6059328686046696
2151,-0.6911461001924503,1.301340284275815
2152,0.22846199646943946,-1.0817074263886521
2153,-0.1972938378851263,0.6429134948857727
2154,-0.20067132263271423,1.24100255485765
2155,0.9510034959174976,2.134497658884813
2156,0.020761212070902518,1.0636552095708818
2157,1.0990908949925249,-0.1901368304477247
2158,2.323380572622356,1.5385805097692196
2159,0.6457489614417035,-0.13024395024108829
2160,-0.2622693168600463,-0.3680622418222006
2161,2.679274346785679,-0.6659113882317073
2162,-1.0733167198652545,-0.664798075766493
2163,-0.8124751176929558,-0.13005126154518615
2164,-0.5740435449316877,0.6433012511503666
2165,0.04947904503591594,-0.48689883199269535
2166,-0.9387374881247103,-0.48689883199269535
2167,-0.45212810933872966,0.9404890709245531
2168,-0.19955128179268844,-0.7251048798384017
2169,-0.5721903928933029,-0.664798075766493
2170,-1.2272520006308183,0.04781943575514482
2171,-0.7935378881152347,0.34539501179392607
2172,1.4475671003658768,-0.13035099951658985
2173,-0.15490449091455982,-1.379285381300222
2174,-0.4917912322589456,-2.033514887541494
2175,-0.15913910277129756,0.4646597990664257
2176,-0.8503609154459559,-0.1894374418477827
2177,-0.645654583796251,-0.30811464754141926
2178,0.4084962484952933,-0.19030097267016022
2179,-0.7735585705556991,-0.1303795459900565
2180,-0.4977985629776412,0.10718896394821907
2181,-0.7409282127708299,-1.2003584644816108
2182,-0.4372515150114658,0.16722457652219136
2183,1.1998013814961628,-0.9028875588455424
2184,0.1903221432649055,-0.13035099951658985
2185,0.37897054045427286,1.1784453371274233
2186,-0.35646648772896306,-1.0817074263886521
2187,-0.7495710587594121,-1.2007914193291942
2188,0.8027300729762838,-0.6064538417454434
2189,-0.9848274698732675,2.134497658884813
2190,0.4094384150861279,-0.1304080924635238
2191,-0.3727458791728552,-0.42700595178605827
2192,-1.102271600385465,0.10727698224140932
2193,3.2487341492655863,-0.12962306444318053
2194,-0.8171108324383075,-0.6652119996317652
2195,-0.7994378564883029,2.074604778678177
2196,0.7618296255975515,-1.4391758826340697
2197,2.4480307362138327,1.5389087942140904
2198,-0.27010605942848975,0.5875523673420283
2199,1.0166646057135023,0.5276594871353919
2200,1.1254715595358966,0.7657489702144413
2201,0.258487311465359,-1.2598350419501865
2202,-0.888651359399307,-0.6647671504202373
2203,-0.37219241387955554,2.0741599294666497
2204,-0.6320128336092875,0.8805414766437711
2205,3.9793614860971904,-0.3679766024018
2206,2.0529288003573085,-0.665123981338575
2207,-0.46380509316759666,-0.9622594659114055
2208,-1.142368424662274,0.16752669336638407
2209,0.14988622405487736,1.24100255485765
2210,-0.7930808009011779,1.0636552095708818
2211,1.8542131458611357,0.3450072555293321
2212,-0.9278680250406768,-0.8441389164503765
2213,-0.8824087527812831,-0.6059328686046696
2214,1.0441323582977464,1.8369197039732437
2215,-1.304681511698502,-0.1304080924635238
2216,0.2706419337163566,1.3612307856096624
2217,3.7958143948154,-0.1306792839614609
2218,-0.5760770515374795,1.24100255485765
2219,-0.2586186427775454,0.16765991024256327
2220,-1.0705267162036403,-1.2598350419501865
2221,0.5797197015562371,-0.3085499812617912
2222,0.30124091088247607,-0.07042957283648613
2223,-0.03655539858476511,1.3008954350642872
2224,0.6495718404746165,-0.1901368304477247
2225,-0.5711507852297041,-1.5577412813066271
2226,-0.33067117828452314,1.0034340449193744
2227,-0.08041982623139199,1.0033484054989732
2228,-0.5493069770342256,-0.6057378010359784
2229,1.008395933444334,-0.48689883199269535
2230,0.5046379888454063,1.122698832191874
2231,-0.09353716628129828,-0.30802900812101797
2232,3.7324422644014152,-0.4271986404819611
2233,-0.425960752161918,0.6425852104409016
2234,0.12433575745145525,-0.1901368304477247
2235,-0.7249209476683296,0.8251208772803046
2236,0.5755120188686996,-0.9623451053318068
2237,-0.3819910881567059,0.6433012511503666
2238,2.310507721082294,2.014267049260012
2239,2.715153921433262,-1.1413267362245632
2240,0.8272193177145122,-0.3683358121929267
2241,0.46438455018982727,-0.6061826502475063
2242,-0.14915582195265611,0.346151493340802
2243,-0.950402424693672,-0.9035108235162398
2244,1.1244610070285401,-0.903644040392419
2245,-1.1842624166520257,-0.6659113882317073
2246,0.18840060530999883,-0.4282572388730304
2247,-0.03777642380929173,0.34539501179392607
2248,0.21841883368244477,1.8363987308324705
2249,0.8173993835669406,-2.033514887541494
2250,0.6019968567771352,0.04781943575514482
2251,0.9401148989500848,-0.7251048798384017
2252,1.7763237129300065,-0.1901368304477247
2253,-1.061878555247453,-0.9623451053318068
2254,-0.8855031269210947,1.4206026926755257
2255,-0.9430333992744959,-0.9622594659114055
2256,2.38639128523918,-0.9627019362501446
2257,-0.9886393646397962,-0.9622594659114055
2258,0.7277472186629117,1.063326925126011
2259,-0.8805804039250562,-0.07042957283648613
2260,-1.0806357845889407,1.36081686174439
2261,-0.22397603825730567,0.16716986244804574
2262,0.1589911178939478,-0.725445058647217
2263,-0.3791284466044857,-0.07046049818274176
2264,-0.17815145055784032,0.8808697610886421
2265,-0.37405442419728263,-0.7251048798384017
2266,0.5303914872113512,1.1784453371274233
2267,-0.62674428338773,-0.6056045841597986
2268,-0.25201284670649193,1.7770268237666074
2269,-0.38037604666703884,0.10760526668628034
2270,-0.9177192715639234,1.0003819511311896
2271,-0.33203429030969844,-1.6760450039724033
2272,-1.324689530083106,-0.6658257488113066
2273,-0.7117097098573963,1.0034340449193744
2274,-0.8002329756420574,0.9404890709245531
2275,-0.12192086494952425,0.4060443735474391
2276,-1.1216942636711376,-0.4282572388730304
2277,2.9441439857404568,1.24100255485765
2278,1.3922443112245484,-2.033514887541494
2279,-0.12082739894752503,-0.30860469533593676
2280,-1.1798198123963335,0.5246073933472071
2281,-0.48843677903764743,-1.1999421617435497
2282,-0.36215137707960304,0.10743874559105583
2283,-0.3721785949637818,0.4051808427250609
2284,-1.1790969768020112,-0.24933032205441913
2285,-0.9494776203303479,-0.07087442204801404
2286,-1.0765209366689095,-1.2007914193291942
2287,0.0040615838550173014,-0.7251048798384017
2288,-0.19599592279590958,-0.01070083485228522
2289,-0.6834475467817449,0.6433012511503666
2290,2.076788398599894,1.0003819511311896
2291,-0.1882481173520616,-1.2602489658154583
2292,-0.5876374604102034,0.40509520330465965
2293,-0.39772410093077215,0.6429134948857727
2294,-0.5511080423900784,0.4052878920005625
2295,-1.0500031459613208,-0.4865705475478243
2296,-1.1655051873105378,1.5988302208941942
2297,-0.2357398332237261,-0.07046049818274176
2298,-0.8283647448457918,-0.6654974643664356
2299,0.07348356472853994,0.8255657264918325
2300,0.14292432515426798,-0.42754119816356545
2301,-1.064196235454542,-1.4978484010999902
2302,-0.9272334179086026,0.3457232962387964
2303,-0.5727374802254761,-0.3681692910977022
2304,1.814067069551184,-0.4271130010615598
2305,-0.785012325745143,1.062805951985237
2306,-0.18895890568647863,0.16752669336638407
2307,-0.9671562655791315,-0.19030097267016022
2308,0.553207225816254,-0.6057378010359784
2309,-0.43847147724247143,1.5987992955479386
2310,-1.3501227130680375,-0.7245839066976285
2311,-1.0525164169762853,1.5385805097692196
2312,-0.8630240029311947,0.4052878920005625
2313,1.3547465061067356,0.4650737229316973
2314,2.2867498158865565,-0.367308139148113
2315,-0.6021703534989905,-1.1408985391225575
2316,-0.8711250765552089,-1.2598350419501865
2317,0.7102960540276353,0.10846641863586955
2318,-0.24057113877695321,-1.4384764940341275
2319,-0.1566552412437492,-0.12910209130240669
2320,0.3276045675295106,-0.19030097267016022
2321,-0.4891932760934699,-1.2007914193291942
2322,1.0707103853048623,0.7652279970736674
2323,2.615523082015849,0.10760526668628034
2324,-0.5016536861473596,-0.6048766490863892
2325,0.1114994020222833,-0.903644040392419
2326,0.22413951048162714,-0.3681692910977022
2327,-0.9423350125311581,-0.6658257488113066
2328,0.5658267305671294,-1.735609599734169
2329,-0.4942169834740093,-1.2602489658154583
2330,2.829050133903327,-0.12996324325199587
2331,0.16280655597221333,-1.2598350419501865
2332,-0.9377464238319068,-0.9623451053318068
2333,-0.7027986351703329,0.10776703003592686
2334,0.3947194981311548,1.5988302208941942
2335,2.0171498557630536,1.301340284275815
2336,-0.3408075301701975,0.7058584688805932
2337,0.20581279351616963,-0.9623451053318068
2338,-0.35585597511669975,2.074604778678177
2339,-1.118829850463049,-1.5577412813066271
2340,-0.7558405945466362,-0.30802900812101797
2341,2.9787373382275533,-0.07046049818274176
2342,-0.8361968811089772,-0.3683358121929267
2343,-0.7227510235606682,2.0741599294666497
2344,2.756635471936841,-0.3680622418222006
2345,-1.222707703328278,-0.4271986404819611
2346,-1.1113112972885768,1.0033484054989732
2347,1.5793935332180442,-0.6060185080250708
2348,0.39980415047356843,-0.9028875588455424
2349,0.9327203616864032,1.3607098124688892
2350,3.7468422833000696,-0.07007036304535946
2351,0.29912307345734684,-0.30811464754141926
2352,-0.8490031183883858,1.5389087942140904
2353,-0.07409784943046213,1.5987992955479386
2354,-0.8997128699794791,1.8360704463875994
2355,1.7580558149393808,-0.664798075766493
2356,1.2198689275179464,-0.19030097267016022
2357,0.145452832409701,-0.18899259263625479
2358,-0.49061945906756155,-1.4384764940341275
2359,-0.19377674665510547,0.10771231596178192
2360,0.17552421045820005,1.8363987308324705
2361,2.249335987256908,0.34539501179392607
2362,-1.2160533638864295,-0.07015838133854904
2363,2.0183659203511484,0.10771231596178192
2364,-0.9823882540736039,-1.2602489658154583
2365,-1.0472305045272172,-0.6654974643664356
2366,2.293010847725612,-1.735609599734169
2367,-0.4614094601022965,1.063326925126011
2368,0.17983783816666993,2.014267049260012
2369,0.9684341093446998,-0.6655521784405806
2370,-0.3928442520067498,0.5279877715802622
2371,0.8312866852572695,-1.0817074263886521
2372,-0.26943105854261523,-0.42786948260843644
2373,0.20440822474367268,-0.368364358666394
2374,1.163540546505693,0.10718896394821907
2375,-0.44887109719019547,0.16716986244804574
2376,0.13447884162942975,2.312173288616453
2377,-0.13025686014169321,1.3012522659826247
2378,-0.7869593755445551,-0.4282572388730304
2379,0.02741590584392504,-0.1306792839614609
2380,-0.049835376643393776,-1.2003584644816108
2381,1.067771208219125,1.062805951985237
2382,0.13438884151131314,1.7770268237666074
2383,1.2623879596980827,0.9404890709245531
2384,0.11596468347309133,0.7657489702144413
2385,-0.1572147301670013,-0.12910209130240669
2386,-0.06491039642792248,0.8255657264918325
2387,-0.43050221481506895,2.133974306871251
2388,-0.25084674281388686,-0.9623451053318068
2389,0.06440737171453811,-0.12962306444318053
2390,-0.7198979489501375,-1.2601633263950576
2391,0.024924603361729022,0.5829635217322016
2392,1.9492256327607074,1.895963326594236
2393,0.9074434387490677,-0.9626733897766779
2394,-0.39798276268756394,-0.42754119816356545
2395,-0.20190439511714633,-0.3085499812617912
2396,0.09540568011340342,1.5983853716826664
2397,0.7814539033210526,0.8251208772803046
2398,1.3778786624497412,-0.6060185080250708
2399,-0.21102204487846954,-0.1901368304477247
2400,0.06113724931257742,0.5829635217322016
2401,-0.17307105018951077,-0.07007036304535946
2402,3.1820100459485188,0.5279877715802622
2403,1.1671313386198405,-0.7245839066976285
2404,-0.2766569341676216,-0.3683358121929267
2405,-0.9957770118025545,-0.784474408031476
2406,0.2148252069189076,-0.368364358666394
2407,-0.9118813111462504,0.34539501179392607
2408,0.8677742921988993,1.0636552095708818
2409,0.2959872425702137,-0.6655521784405806
2410,-0.5967019604954735,-0.3680075277480557
2411,-0.4478151902926072,-0.6057378010359784
2412,-0.9458528124235263,-0.19030097267016022
2413,-0.033926969938352244,-0.1303795459900565
2414,0.528518138296066,0.46471451314057066
2415,0.81086976869823,-0.42795512202883773
2416,0.4748844458597047,1.3008954350642872
2417,-0.7397957703397251,-0.6658257488113066
2418,-0.44966161003869193,-1.1412720221504182
2419,-0.9961487052037525,-0.9023665857047691
2420,-1.1915945916291384,-2.033514887541494
2421,-0.5561207655042336,2.133974306871251
2422,-0.48193728231870014,-1.6757167195275322
2423,-0.39817658183957094,-0.3681692910977022
2424,-0.4010395777229648,-1.9736222452221364
2425,-0.14259608893418182,0.6425852104409016
2426,-0.47446054022272305,0.7657489702144413
2427,1.0570962729494464,-0.9622594659114055
2428,-0.4349572206618401,0.10718896394821907
2429,-0.15215027470148784,-0.6060185080250708
2430,-0.5212581213251339,0.3450072555293321
2431,-0.3583348760078165,0.04857591730202145
2432,-0.18861201546743867,0.23008391109661067
2433,-0.5659569988857946,-0.24933032205441913
2434,0.9240828306654262,-1.2602489658154583
2435,1.4374148035773868,-0.6660755304541427
2436,-0.8605089602603619,0.23008391109661067
2437,-0.09285401577842908,0.10846641863586955
2438,1.2804138494970798,-0.903644040392419
2439,0.6676632815407455,-0.3679766024018
2440,0.2864479387122025,-0.24933032205441913
2441,-0.711868804554382,-0.42795512202883773
2442,-1.148934181310701,1.062805951985237
2443,-0.16878399731906743,-1.1408985391225575
2444,-0.8941792800400035,1.5384924914760298
2445,0.14930405793650903,-0.13035099951658985
2446,-0.3645051990664082,1.1230247377639562
2447,4.279037076243277,-1.1413267362245632
2448,-0.11779042645785069,0.16722457652219136
2449,-0.13639316740761095,-0.3679766024018
2450,-0.9776465943073196,0.6428564019388386
2451,1.0651289606569387,-1.0817074263886521
2452,0.5026087342136987,1.5988302208941942
2453,0.30694174513593203,1.0034340449193744
2454,0.1567995795846915,-1.4384764940341275
2455,1.721149742881626,1.062805951985237
2456,0.7142592482053285,1.3612307856096624
2457,2.850976146931101,0.16713893710179012
2458,0.2898491636484274,-0.1304080924635238
2459,4.526268109371896,-0.7246909559731294
2460,-0.6219664818417298,2.6097488646552334
2461,0.03311567710385971,1.5988302208941942
2462,-0.7955426938959577,1.8365914195283726
2463,0.27251705428751005,0.2274195735730205
2464,1.7174218246032615,1.062805951985237
2465,0.17784791429524183,-1.2003584644816108
2466,-0.10366572288115147,0.7652279970736674
2467,-0.023644987940292364,-0.1894374418477827
2468,0.24280425938678268,-0.903315755947548
2469,2.0266005768276427,-1.3781411434887514
2470,2.741105136594124,0.346151493340802
2471,-1.149041897987502,-0.6056045841597986
2472,2.1113183258069017,-0.4271986404819611
2473,0.8638227909499377,-0.1304080924635238
2474,-1.0880051643392905,-0.9623451053318068
2475,-0.31655249833777654,-1.1999421617435497
2476,0.8478708015105327,-0.6056045841597986
2477,0.437564869322257,0.46471451314057066
2478,-0.0060783113423941324,-0.12910209130240669
2479,0.5644664531913437,-0.9634013248500872
2480,-1.02065708382536,-1.0225948164567815
2481,-0.928139797050895,2.6097488646552334
2482,-0.6211766776555806,0.2899744124304588
2483,-1.1058825893765127,1.0003819511311896
2484,1.3709922360891278,1.4791229632829557
2485,1.449484740677873,-0.9035108235162398
2486,1.3168709839577724,-0.12910209130240669
2487,-1.0815269274907644,0.46471451314057066
2488,1.0421452690757078,-1.1412720221504182
2489,-0.4889243387326412,-0.9035108235162398
2490,1.074071925149634,0.2267035328635555
2491,-0.660549249013373,0.6433012511503666
2492,-0.3300089333209015,0.4646597990664257
2493,-0.9389748900110808,-1.4391758826340697
2494,0.029876735845183664,0.6433012511503666
2495,-1.3467218424629863,-0.367634044720195
2496,-0.6093944574681285,-0.9623451053318068
2497,-0.2851708036089816,0.40509520330465965
2498,2.5495607907222104,-0.903644040392419
2499,-0.8923066397870657,-0.8434228757409116
2500,-0.4937368647336629,0.6433012511503666
2501,-1.2014092108091046,-0.6655521784405806
2502,0.6094523390026911,-0.9040317966570129
2503,-0.2574638774824983,-0.12962306444318053
2504,-0.7702034086720535,0.10718896394821907
2505,-1.1477283923266428,1.8363987308324705
2506,0.8506523012239785,-0.6654974643664356
2507,-0.5345225088121205,0.7652279970736674
2508,-0.25129461741742765,-0.010536692629849706
2509,-1.079192593718512,-0.4865705475478243
2510,-0.965896618256673,0.10727698224140932
2511,-1.1398232638416779,-0.665123981338575
2512,0.02927295552522037,0.10718896394821907
2513,-0.7298139068457784,1.3012522659826247
2514,-0.10791450798483675,-0.3672201208549234
2515,-0.09695114713977596,0.6428564019388386
2516,-0.41670385024933565,-1.5577412813066271
2517,-0.6565981020955851,-0.07007036304535946
2518,1.3638946283489957,-0.367308139148113
2519,-0.6079484319483103,-0.9040317966570129
2520,0.9423507286560517,-0.9623451053318068
2521,0.07271183143224891,-0.7838035659050006
2522,-0.8561723010256022,0.7058584688805932
2523,-0.25449351925347713,-0.42754119816356545
2524,-0.7724477423261893,-0.6658257488113066
2525,-0.04795068913055062,0.10718896394821907
2526,-0.6132747381511787,0.8251208772803046
2527,-0.888670493282686,0.04824763285715042
2528,-1.2470243887849206,1.3009239815377538
2529,-0.08112777991641945,0.3450072555293321
2530,-0.9697379225106176,-0.42786948260843644
2531,-0.37784505909339,-0.784474408031476
2532,1.1175285176153469,1.896291611039107
2533,-0.7866117766631677,-1.2598350419501865
2534,2.0810067112226425,0.10743874559105583
2535,-0.22475911015115468,-0.903644040392419
2536,-0.728156345615269,-0.18899259263625479
2537,0.7826359521164736,-0.4282572388730304
2538,-0.030633107347754557,-0.6059328686046696
2539,0.3009298081119786,-0.1901368304477247
2540,1.009841250301805,0.4052878920005625
2541,0.11680055071181994,0.10771231596178192
2542,-0.12811705418379524,-0.7246909559731294
2543,1.32554607408316,-0.7251048798384017
2544,-1.3600004031969204,0.8808697610886421
2545,1.4272047508075851,-0.9622594659114055
2546,-1.298639456524785,0.46471451314057066
2547,-1.0767544409123695,0.23008391109661067
2548,-1.1029090421669283,1.0636552095708818
2549,0.3055258377658774,2.3717378843782186
2550,-0.7395013211343908,-1.1412720221504182
2551,-0.047403956129551006,-1.2601633263950576
2552,-0.5436741743661176,-1.0225948164567815
2553,-0.0747724959851629,-0.42754119816356545
2554,-1.286598574580541,-0.5465609615388063
2555,-1.2537782952865755,-0.07046049818274176
2556,-0.24310673265586016,0.16722457652219136
2557,-0.8015875837190641,-0.07078640375482378
2558,-0.47855589992820163,-0.903315755947548
2559,1.1206810020676434,-1.2602489658154583
2560,-0.04360021098001723,2.134497658884813
2561,-1.0122477420802378,-0.48689883199269535
2562,-0.8176611087510439,0.8805414766437711
2563,0.49545018151169296,-0.664798075766493
2564,1.9848809157753455,-0.30844293198629025
2565,-0.12948229219601262,-0.3085499812617912
2566,-0.17863298662288132,0.6428564019388386
2567,0.11725338595179235,-2.033514887541494
2568,-0.16499974038408657,0.7058584688805932
2569,-0.7890938665348477,0.16733162579769226
2570,-0.6961240988515841,0.2274195735730205
2571,-0.36616772093334937,0.3457232962387964
2572,0.022257552617384362,-1.1412720221504182
2573,-0.530730810922492,0.5875523673420283
2574,-0.9004403118790592,0.7058584688805932
2575,1.405104761173531,-0.42754119816356545
2576,1.8075732421310156,-0.725445058647217
2577,0.17063833790422503,-0.13005126154518615
2578,-1.0255709485420563,0.6428564019388386
2579,-1.1633579403979923,0.10760526668628034
2580,0.23188944191251717,-0.42786948260843644
2581,-0.5545797792298672,-1.2007914193291942
2582,0.047239672018211665,-2.033514887541494
2583,-0.24659512306081213,1.5389087942140904
2584,0.9733359268014906,0.4049001357359685
2585,1.4363982274400777,0.6429134948857727
2586,-0.5493300085605153,-0.7246909559731294
2587,0.5170317846386429,-0.24933032205441913
2588,-0.1871000843493145,0.16722457652219136
2589,-0.569476924765205,-2.033514887541494
2590,-0.4976284840142713,-0.843694067238848
2591,0.09641623262075967,-0.13005126154518615
2592,-0.5626191992296597,-0.4865705475478243
2593,0.5170066271253111,-0.7246909559731294
2594,-0.8237467466591243,0.22703181730842653
2595,-0.5580033270300345,1.3008954350642872
2596,-0.9873474731805321,1.7766985393217363
2597,2.517922560223665,0.4053449849474964
2598,-0.37587214311829875,2.074604778678177
2599,-0.5605442358765466,2.074604778678177
2600,0.18670442198155734,0.04857591730202145
2601,-0.8339893978969051,1.5385805097692196
2602,-0.38670581875378984,1.24100255485765
2603,-0.32464825699418537,1.8364843702528717
2604,-1.2274766465949363,-1.4983693742407638
2605,0.34892715456849516,-1.1413267362245632
2606,0.44251593881219065,-1.735609599734169
2607,-0.8879763585134325,-0.48689883199269535
2608,-0.7796396021585216,1.4791229632829557
2609,0.7941754554499498,2.074604778678177
2610,-1.2752734416071456,0.7026707793434408
2611,0.403909785783084,-0.13035099951658985
2612,-0.20170667832222874,1.36081686174439
2613,-0.3292386173493051,-1.735609599734169
2614,0.15903292897244292,1.36081686174439
2615,0.8890440838930043,-0.6658257488113066
2616,-0.4089351392662402,-0.13005126154518615
2617,1.4909067635442732,0.10718896394821907
2618,-0.7000341433532241,-0.9627019362501446
2619,1.9173081892972972,1.3008954350642872
2620,-0.9277500327598388,0.10727698224140932
2621,1.156155221852527,1.36081686174439
2622,1.3172614569111758,-0.07042957283648613
2623,1.7625090491302833,-0.9626733897766779
2624,1.9642786840124675,-0.903315755947548
2625,1.221458811494282,-1.73593788417904
2626,0.3077797383617027,0.40509520330465965
2627,-0.04423056613800708,1.3611451461892612
2628,0.6636770558367627,0.16681065265691908
2629,-0.8818435945592515,-1.73593788417904
2630,0.12761013182750028,0.16749814689291675
2631,-0.6793521870762664,2.311845004171582
2632,-0.17013754240255333,-0.368364358666394
2633,2.0057251557298517,-0.367634044720195
2634,1.106147045985335,-0.725445058647217
2635,0.45717887144172104,-0.7251048798384017
2636,0.26631696741032873,0.10727698224140932
2637,-1.1973223550517944,1.3611451461892612
2638,-0.42982544227332603,-1.1999421617435497
2639,-0.8418541326280696,-1.4391758826340697
2640,-1.1805291834060556,-1.2601633263950576
2641,-0.07715643612173143,-1.0225948164567815
2642,-0.01383816404614736,2.311845004171582
2643,-0.7243302776017927,-0.6056045841597986
2644,-0.3984079600959888,-1.735609599734169
2645,-1.0096076205050932,0.7058584688805932
2646,-1.331028514780373,0.7657489702144413
2647,-0.37560639473803326,-1.73593788417904
2648,-0.08360065717758358,1.8365914195283726
2649,-0.4549234279679492,-1.2003584644816108
2650,-0.5658397152673043,-1.2012196164312
2651,-0.8323963249400067,0.10776703003592686
2652,-0.8181468967901694,0.22711745672882777
2653,0.20360779062231305,1.8363987308324705
2654,-0.3802173063012269,-2.033514887541494
2655,-1.2409507981367456,-0.3085499812617912
2656,0.5551401023687187,-1.0225948164567815
2657,-0.7525839367292756,0.6429134948857727
2658,-0.5232611554499887,1.5983853716826664
2659,1.2249645641267448,0.40509520330465965
2660,0.21313469288924525,-1.4391758826340697
2661,-0.5153379560751656,0.7625636595500773
2662,-0.3858221168066136,-1.3781411434887514
2663,0.026524408610927513,-0.7250168615452114
2664,-0.6985551650342531,-0.1901368304477247
2665,-0.8336627045547652,-0.24933032205441913
2666,-0.3119954451129833,1.24100255485765
2667,0.48318500793450486,0.4051808427250609
2668,-1.2421360359127298,1.5385805097692196
2669,4.226748424942232,0.6429134948857727
2670,-0.537695190141317,-1.1999421617435497
2671,0.4852323334560704,1.7770268237666074
2672,1.270440844282475,-0.665123981338575
2673,0.09300614940519257,-0.6060185080250708
2674,0.2609633777070862,1.4206026926755257
2675,-0.7889723309422729,-0.4865705475478243
2676,-0.44746759141121983,-0.6654974643664356
2677,-1.0471440477208376,0.2274195735730205
2678,1.1741446155406348,0.04857591730202145
2679,0.17637035330096565,0.04857591730202145
2680,-0.7648877324043957,-0.9040317966570129
2681,-0.027099362552570384,-0.6048766490863892
2682,1.1203851355376144,1.0033484054989732
2683,-0.13627127748386242,-0.7251048798384017
2684,0.023659641071665242,-0.07046049818274176
2685,-0.5710965725601298,1.5987992955479386
2686,2.1564657866334507,-0.9634013248500872
2687,-0.8488380000614475,0.6433012511503666
2688,-0.5260539937609925,2.1938671870778874
2689,0.054914839571453634,1.5389087942140904
2690,0.006181901598362352,0.34539501179392607
2691,-0.3113562316756513,0.703194131357003
2692,-0.9286525142592206,1.6587231011008314
2693,0.5193469845275159,-0.30811464754141926
2694,-1.0141441225218126,-0.843694067238848
2695,-0.17261573463132254,0.3457232962387964
2696,1.8025148102954551,-0.30860469533593676
2697,0.6322131562756725,-0.1303795459900565
2698,0.5807578918951412,-1.2602489658154583
2699,-0.4499408230035576,0.7652279970736674
2700,-0.7610163100006875,-0.4865705475478243
2701,-1.21594387555376,0.3457232962387964
2702,-0.18731835235230604,-0.3681692910977022
2703,-0.39435512013135265,-1.4978484010999902
2704,-0.1399375421380056,-1.2004655137571123
2705,1.165517005792521,-0.6654974643664356
2706,0.28256942968502063,-0.6658257488113066
2707,-0.6053834285819875,0.3450072555293321
2708,-0.45659409945188517,-0.6654974643664356
2709,-0.23446991029723072,2.014267049260012
2710,0.019862982545605107,0.8255657264918325
2711,0.046625261763037905,-0.6056045841597986
2712,0.7040297072209744,1.5983853716826664
2713,-0.7831031893813155,-0.7251048798384017
2714,-0.5178710696358565,-0.13024395024108829
2715,0.6594229557654724,-0.48689883199269535
2716,1.0456414547664814,0.703194131357003
2717,-0.5054673525697567,0.4053449849474964
2718,-0.28722344409815254,-0.3680622418222006
2719,0.15838556591811623,-1.2602489658154583
2720,2.878238387434607,2.014267049260012
2721,0.7372851051962281,0.4051808427250609
2722,-0.5044518394259688,-0.6655521784405806
2723,0.7010522623684795,-0.368364358666394
2724,0.09463890745354374,-1.1412720221504182
2725,-1.35387826917795,0.8808697610886421
2726,-0.6590426328628542,0.6428564019388386
2727,-0.9975033132807593,0.16765991024256327
2728,1.4511543491682877,1.062805951985237
2729,0.7866561936131304,-0.7250168615452114
2730,-0.26356758628043675,0.22703181730842653
2731,0.14118739374085262,0.6429134948857727
2732,0.7564625713097091,-0.36849757554257323
2733,-0.6167666718678677,1.4791229632829557
2734,-1.0196809014418513,-1.2003584644816108
2735,-0.46089993187453404,-0.42795512202883773
2736,-0.5188348504282861,-1.2007914193291942
2737,3.9024042984840315,-1.4978484010999902
2738,1.825879053557226,0.5829635217322016
2739,-0.8339869175786893,-0.07015838133854904
2740,-0.8458672875012527,0.04781943575514482
2741,-0.6169449004482325,-1.2003584644816108
2742,-0.4157879041653539,-0.12996324325199587
2743,-0.9395790246622178,-0.7246909559731294
2744,-0.9164227737994013,-0.6658257488113066
2745,-0.2205319392490646,-1.2004655137571123
2746,-0.4873564232890746,0.5279877715802622
2747,-0.08039396005571295,-0.4271986404819611
2748,-1.1813838301969894,-0.18899259263625479
2749,0.5390435458104492,-1.2598350419501865
2750,-1.2145184012420158,-0.9627019362501446
2751,-0.6757206468771446,-1.4978484010999902
2752,-0.8029255382309076,-0.18899259263625479
2753,-0.9218748675689288,0.04781943575514482
2754,-1.2676779985679834,1.5385805097692196
2755,-0.0173729718348523,0.10771231596178192
2756,2.050369466289765,-0.9622594659114055
2757,-0.6999434345727601,-0.7250168615452114
2758,-0.6919390933591626,-0.9040317966570129
2759,3.623414562257814,0.04824763285715042
2760,0.09673017004064668,-1.4983693742407638
2761,1.1344896422374133,-0.6061255573005724
2762,-0.4312296567146491,-0.6659113882317073
2763,0.7618296255975515,1.4791229632829557
2764,-0.5834067461963762,-1.5577412813066271
2765,-1.0450782969782404,-0.7245839066976285
2766,0.9945415845531581,0.3457232962387964
2767,-0.9954418145122463,-1.2598350419501865
2768,-0.016145922980373057,0.10743874559105583
2769,-0.5319078990814814,1.3008954350642872
2770,-0.0341292930385277,0.04781943575514482
2771,0.43034253700898745,-1.379285381300222
2772,1.6075745544549211,-1.2012196164312
2773,-0.2862582459810281,-0.9040317966570129
2774,-0.0793539980609406,1.5983853716826664
2775,-1.3718184108329148,-0.07048666578342007
2776,1.3980114054074837,-0.1306792839614609
2777,-0.4053840322435456,0.16749814689291675
2778,2.2424513325521627,0.16681065265691908
2779,-0.392151534562191,1.6587231011008314
2780,2.084723645234623,-0.24933032205441913
2781,-1.2464716321539684,0.4051808427250609
2782,-1.260644879101463,-0.7246909559731294
2783,-0.13440324353618285,-1.2012196164312
2784,-0.5482680780329743,1.0037623293642448
2785,1.6922030119784106,-0.367308139148113
2786,-0.25180095666462693,-0.42786948260843644
2787,0.20646688886279646,-0.9035108235162398
2788,-0.38481475327982045,-1.3781411434887514
2789,-0.7707947874009377,-1.1412720221504182
2790,0.6433685646168718,1.8369197039732437
2791,-0.9336825996008864,0.7058584688805932
2792,-1.1781923693155874,-0.010536692629849706
2793,0.3277395677066854,0.7058584688805932
2794,0.08123987412055635,1.301340284275815
2795,3.041390176358953,1.0033484054989732
2796,0.8735495359988296,-1.2003584644816108
2797,1.5704601356670387,-1.1999421617435497
2798,-0.5467348870444291,-0.6652119996317652
2799,1.6398452660984977,-0.1901368304477247
2800,3.4829647716316168,0.3450072555293321
2801,-0.2521202090521192,1.36081686174439
2802,-0.22720293225607646,-2.033514887541494
2803,2.4258283448705833,-0.12910209130240669
2804,0.6206647946628541,-0.5462350559667243
2805,-0.6189167534298026,0.346151493340802
2806,-1.0468517245025455,0.8805414766437711
2807,1.7818190351027237,0.16708184415485616
2808,-0.6857638096641393,0.9407626412952793
2809,1.3295478903587852,-0.9626733897766779
2810,-0.5040372719527546,-0.6061826502475063
2811,0.8256492762839036,0.23008391109661067
2812,-0.298778538003271,-1.2007914193291942
2813,0.17541543078787805,0.46523786515413285
2814,-0.8589360841803636,1.0034340449193744
2815,-0.3717176101068145,-0.48689883199269535
2816,-0.426696343678493,0.4051808427250609
2817,-1.1424520468192643,-0.1304080924635238
2818,-1.2201171881174497,-0.8437511601857826
2819,-0.2553857251488219,0.2267035328635555
2820,0.41524767467873236,-0.06973018423654344
2821,0.1357540795235305,-1.5577412813066271
2822,-0.038365676551133716,0.8808697610886421
2823,-0.20933826314110704,-0.6655521784405806
2824,-0.14189947384671261,0.10814051306378751
2825,0.29246164739202446,0.10846641863586955
2826,-0.8828102100010707,-0.6654974643664356
2827,-0.600689603524151,-1.2598350419501865
2828,-0.14390853160151984,1.8369197039732437
2829,-0.5216482399473639,-0.6655521784405806
2830,3.0452701027108295,-0.1303795459900565
2831,-1.2873944023966428,2.0741599294666497
2832,-0.579876544712929,-0.6647671504202373
2833,-0.2812111527430254,-1.379285381300222
2834,-0.34059067949190086,-0.9634013248500872
2835,-1.2244329418129618,-1.4384764940341275
2836,-0.7433631765964095,1.0037623293642448
2837,0.3795874310276624,-0.6659113882317073
2838,-0.7645893855561509,0.04824763285715042
2839,0.9720217124782843,0.346151493340802
2840,0.824325849350181,1.0636552095708818
2841,0.9386302513323345,-1.0817074263886521
2842,0.1563591459357981,-0.368364358666394
2843,0.2347832646080218,-0.6659113882317073
2844,-0.4872224861054208,1.301340284275815
2845,-0.40598781256350874,-0.9035108235162398
2846,0.8823504136908762,-1.73593788417904
2847,0.36106583191667657,0.5279877715802622
2848,-0.2707176350342741,0.16765991024256327
2849,-0.8266983253359401,-0.9627019362501446
2850,-0.48730043896363195,-0.6060185080250708
2851,-0.13821124065980073,-0.6652119996317652
2852,-0.14640975535657907,-0.784474408031476
2853,-0.4339023767577728,0.8255657264918325
2854,-0.4182703483682076,-0.9027805095700407
2855,0.12918159058280368,1.3611451461892612
2856,0.29631570756822173,-0.42754119816356545
2857,0.5168294615384674,-0.6057378010359784
2858,-0.3388877638711593,-0.9634013248500872
2859,-0.8747849632482256,0.04781943575514482
2860,-0.42064720188130234,0.6433012511503666
2861,-0.5604421884985246,0.04857591730202145
2862,-0.5324075060363805,-0.9622594659114055
2863,0.2844927392957956,-0.3679195094548654
2864,-0.600444760683133,-0.6660755304541427
2865,-0.9858571562640032,-1.4391758826340697
2866,-0.7776514499429618,-0.7246909559731294
2867,-0.6648820106052219,-0.3679766024018
2868,-1.1488742993423477,-0.6061255573005724
2869,-0.8792109139387546,-0.7245839066976285
2870,-1.2029402758106076,-0.4865705475478243
2871,-0.9723932803262306,-1.6757167195275322
2872,-0.35867467960338273,-1.3781411434887514
2873,0.005590168538304561,-0.9023665857047691
2874,-0.97975876243367,-0.4271986404819611
2875,-0.7885559918131902,-0.18899259263625479
2876,4.009167824427771,-0.30844293198629025
2877,-0.33279503933960514,-0.367634044720195
2878,-0.34692753820212563,0.10846641863586955
2879,0.5473026511379278,-0.7250168615452114
2880,-0.27758280152446674,-0.9627019362501446
2881,-1.0537788989481336,-0.842994678638906
2882,-0.686372550620534,-1.4391758826340697
2883,-0.7410306144800256,-0.6655521784405806
2884,-0.6407665852552338,-1.4384764940341275
2885,-0.16013123005762217,-0.19030097267016022
2886,-0.31507281135645804,0.6429134948857727
2887,-0.8825791860758265,-1.2003584644816108
2888,-0.22848065046839328,-0.1306792839614609
2889,0.23080058221577604,-0.3680622418222006
2890,-0.7242725216204818,-0.6654974643664356
2891,0.5989336637806081,0.10760526668628034
2892,-0.3441393061963797,-0.1894374418477827
2893,-0.5375658592629212,-0.9622594659114055
2894,-0.18442736430619072,-0.13024395024108829
2895,-0.8025194747058619,0.10846641863586955
2896,0.05048321958214581,0.10727698224140932
2897,-0.48364232392648365,-0.903644040392419
2898,0.2991655931981892,-0.6057378010359784
2899,-1.0523789364808949,-1.2012196164312
2900,-1.125606079828646,-0.07059371505892163
2901,-0.28815462642260287,0.10718896394821907
2902,1.0498707516556138,-0.3680075277480557
2903,0.09718371394296661,0.4060443735474391
2904,1.6131832626032183,1.8363987308324705
2905,-1.0294094181466116,-1.735609599734169
2906,0.7444121224237756,-0.842994678638906
2907,-0.5249661970577723,-0.367648317956929
2908,0.7510753201449666,-0.7250168615452114
2909,-0.8046479420662019,-0.6064538417454434
2910,0.18868867655420657,-1.379285381300222
2911,-1.1581092327221614,-0.30802900812101797
2912,-0.10071556152903043,-0.367634044720195
2913,1.5676506437908713,0.34539501179392607
2914,-0.5133147250734107,-0.6659113882317073
2915,-1.3407056534649486,-0.903315755947548
2916,-0.9841616815979091,-1.735609599734169
2917,-0.6911992498685033,-1.5577412813066271
2918,-0.14480605246447,0.4051808427250609
2919,0.8060962191263138,-0.8437511601857826
2920,-0.7319459175178552,1.1784453371274233
2921,0.5419635890128066,-0.13005126154518615
2922,1.9418842451730787,-1.2004655137571123
2923,0.03703068224193155,-0.6660755304541427
2924,-0.6475750587576364,-1.5577412813066271
2925,-0.22182312204598145,0.10760526668628034
2926,-0.9216884893715691,-0.07048666578342007
2927,-0.38731030773610053,-0.3679195094548654
2928,0.7119851507326029,-0.4271130010615598
2929,0.5630062544245781,0.7028063750924091
2930,0.6916802028244489,0.6429134948857727
2931,-0.68146754418318,0.10743874559105583
2932,-0.4949185591979102,-0.7250168615452114
2933,-1.1089596012888137,-0.4266776673411879
2934,-0.11371845260983558,0.7058584688805932
2935,1.0134090108896627,1.896291611039107
2936,1.3438412555741597,1.7766985393217363
2937,1.2190408555650392,0.6428564019388386
2938,-0.24529331032868484,-0.7250168615452114
2939,3.8216947437415247,-0.3680075277480557
2940,2.633912869930223,-0.07087442204801404
2941,-0.8475595731867834,2.6097488646552334
2942,-0.0007420838666622545,1.8963772504595082
2943,0.024361571126739825,-0.13024395024108829
2944,-1.0671460424754893,1.0632412857056095
2945,-0.058077828405709284,-1.4391758826340697
2946,2.0222887207750415,-0.1901368304477247
2947,-0.8100242089645602,-0.42786948260843644
2948,-0.2773694941579069,-1.379285381300222
2949,-1.0026141861300257,-0.18899259263625479
2950,-1.0911541054798501,-1.4983693742407638
2951,-1.0297779225672463,0.346151493340802
2952,-1.1495528435399591,-1.2004655137571123
2953,1.2092379293138045,0.10776703003592686
2954,-0.8259839936897865,-0.07015838133854904
2955,-0.8881485634638445,-0.3681692910977022
2956,-0.8914672292366004,0.16713893710179012
2957,-0.9791507301396223,-0.19030097267016022
2958,-0.5664601491524308,0.3457232962387964
2959,-0.46239060312223673,-1.6760450039724033
2960,-1.2105718606294857,-0.843694067238848
2961,0.8886653038683323,1.5384924914760298
2962,-0.30587614574340255,2.66964174486187
2963,-0.41340821600286953,0.4053449849474964
2964,-1.0756602662480228,-0.3680622418222006
2965,-0.36181759711398964,0.40509520330465965
2966,-0.6836215233880254,1.063134236430108
2967,0.13303210744726418,1.7770268237666074
2968,0.37914770604111653,-0.8441389164503765
2969,0.03307280303184357,-0.42700595178605827
2970,-0.4786349157799339,1.5983853716826664
2971,-0.7753883367366206,0.8255657264918325
2972,0.6817203078632706,0.10760526668628034
2973,4.696545498199096,-1.2602489658154583
2974,-0.986308219848107,0.7026707793434408
2975,-0.9235721138908912,1.8963772504595082
2976,2.0290093201463693,-0.18899259263625479
2977,0.8285480596158398,1.5987992955479386
2978,0.041008758328919453,1.5984733899758565
2979,-0.3590212154912489,0.2899744124304588
2980,2.3200534029014315,-0.6660755304541427
2981,-1.1625167581916587,-0.4865705475478243
2982,1.9524192196291517,1.0636552095708818
2983,-0.5256936389573524,0.9404343568504082
2984,-0.18701150155589266,-0.4271986404819611
2985,3.2400034291459296,2.6097488646552334
2986,1.7950621627192886,-0.1894374418477827
2987,0.2307197947081751,-0.42700595178605827
2988,-0.5727725590116712,-0.903644040392419
2989,-0.42105113941930594,-0.1901368304477247
2990,0.617770263305002,0.16749814689291675
2991,-0.9795064786380044,0.3450072555293321
2992,0.3836866883760516,-0.665123981338575
2993,1.4571234121202252,0.4047669188597886
2994,1.3568423749990963,-0.07007036304535946
2995,3.156423791896555,0.3450072555293321
2996,-0.9767465931261536,-1.2601633263950576
2997,-0.22869466649730022,1.8365914195283726
2998,-0.5274220664225995,0.7026707793434408
2999,0.4890435195602518,1.1230247377639562
3000,-0.03865233047064692,-0.368364358666394
3001,1.3216399272244308,-0.6061255573005724
3002,-0.05749247330677762,-1.4391758826340697
3003,0.41029377053940913,0.7028063750924091
3004,-0.05834109646775875,-0.9634013248500872
3005,-0.22194820095029305,-1.2602489658154583
3006,-0.8360448730354654,-0.6659113882317073
3007,-0.5064453066091338,-1.4391758826340697
3008,-1.0849869714018214,-1.2004655137571123
3009,-0.28518958316118703,-0.1901368304477247
3010,-0.8828980841321452,0.4649880835112967
3011,-0.7946983227090608,-0.367634044720195
3012,-1.094507850038801,1.8963772504595082
3013,0.7354684492687329,-0.367648317956929
3014,-0.08259187632609562,0.4649880835112967
3015,0.2154109163490128,-0.48689883199269535
3016,-1.130493015376142,1.5384924914760298
3017,1.3727794825292063,-1.5577412813066271
3018,-0.023443373502464174,0.4060443735474391
3019,1.098328019975576,1.4791229632829557
3020,-0.22952947074250782,0.3450072555293321
3021,3.504249445235017,0.8255657264918325
3022,-0.4548876405194069,-0.7251048798384017
3023,-0.4171230240278078,-1.6757167195275322
3024,1.1680912217693595,0.04824763285715042
3025,-0.12598256319350265,1.3008954350642872
3026,2.279812011505758,-0.843694067238848
3027,0.5124768574008918,1.7766985393217363
3028,-0.6526579394441816,-0.18899259263625479
3029,0.6312695723601431,0.46523786515413285
3030,0.632210321626283,0.3450072555293321
3031,-0.8886336428406226,-1.9736222452221364
3032,0.29589617945857605,-1.4391758826340697
3033,-1.1092770820204376,0.3457232962387964
3034,0.5166629258868342,1.5390158434895922
3035,-0.8386662150584044,0.7652279970736674
3036,-0.8306264407274382,1.0034340449193744
3037,-0.3207654959929192,-0.1894374418477827
3038,-0.9447487164863164,-0.725445058647217
3039,1.3088255403280271,-0.9027805095700407
3040,-1.0066822623351304,-2.033514887541494
3041,3.150106067069709,2.311845004171582
3042,-0.12747394310355264,-1.2602489658154583
3043,-0.6348155931931545,-1.5577412813066271
3044,-0.5749276012100377,-0.4282572388730304
3045,0.058174686369377365,0.10846641863586955
3046,-1.262426456242763,-0.725445058647217
3047,2.206217426730893,1.5385805097692196
3048,-0.3870254254724559,-0.7246909559731294
3049,-0.5925470731528154,-1.141600306595289
3050,-0.17290876651196216,0.8808697610886421
3051,-0.627425662234731,1.8365914195283726
3052,-0.21130657281094045,1.5385805097692196
3053,0.05869094688943984,-1.2601633263950576
3054,-0.3203945112540686,0.46471451314057066
3055,-0.3637448043676752,2.134497658884813
3056,-0.9422382801207414,0.6428564019388386
3057,0.7196472080324187,0.6429134948857727
3058,-0.9293285781386161,0.4051808427250609
3059,1.014030153437137,0.23008391109661067
3060,-0.24137617920357096,-1.0817074263886521
3061,-0.7313587907630553,-0.7246909559731294
3062,-0.3901523980802468,-0.9623451053318068
3063,0.3426997841909397,-0.1901368304477247
3064,-1.1990040108021147,-0.8441389164503765
3065,-0.799393565091592,-1.73593788417904
3066,1.0149620444239345,0.16752669336638407
3067,-0.9186089971410523,-0.9024522251251704
3068,0.17901791583075738,-1.2004655137571123
3069,0.6150227793842301,-0.4266776673411879
3070,1.8963006026717206,-0.1901368304477247
3071,-0.928309876014265,-0.6061255573005724
3072,-0.7368537586045989,-0.4865705475478243
3073,-0.6308520446842877,0.4052878920005625
3074,-0.6808223071158953,0.04857591730202145
3075,0.33041335074333045,0.8808697610886421
3076,1.020373390108488,-1.1412720221504182
3077,-0.2608201023596651,1.8365914195283726
3078,2.1626772121081896,-0.5462350559667243
3079,0.3437588800690912,1.24100255485765
3080,-0.8234565494278744,-0.3680075277480557
3081,-0.2586923436616724,0.7028063750924091
3082,1.219755187211193,0.16681065265691908
3083,2.1898898462473793,0.16749814689291675
3084,0.7425359388591012,-0.5462350559667243
3085,-1.2045227188322953,0.4051808427250609
3086,-0.8091047195688414,1.8963772504595082
3087,1.6178944498885657,0.5829635217322016
3088,1.2036402054318915,-1.2601633263950576
3089,-0.8697860590498444,0.46523786515413285
3090,0.07734506585938467,-1.3781411434887514
3091,0.5882512875562816,-0.3681692910977022
3092,0.29430133484580917,0.5829635217322016
3093,-0.24647854810466896,-0.48689883199269535
3094,-0.1837718516348691,0.7058584688805932
3095,-0.9997086705057895,1.0636552095708818
3096,-1.1904270704118383,-0.07015838133854904
3097,-0.9681802826710879,1.7766985393217363
3098,-0.19207453969671134,0.5279877715802622
3099,0.5561453399084695,1.5390158434895922
3100,1.6767704720396315,0.6429134948857727
3101,-0.7851133101296439,1.7770268237666074
3102,1.0163520856183104,-0.9028875588455424
3103,0.20215928478427922,-1.2007914193291942
3104,-1.1573626569392022,-1.5577412813066271
3105,0.820041985460301,0.2267035328635555
3106,0.7263745396960469,1.062805951985237
3107,4.490356644918682,-0.8437511601857826
3108,0.6785100674296631,0.7058584688805932
3109,1.1530650996868,-0.4271986404819611
3110,-0.4723916004995625,-0.13035099951658985
3111,0.5574173888220072,1.5988302208941942
3112,0.15403615076110386,-0.725445058647217
3113,0.7099342818993006,-1.735609599734169
3114,-0.6798663216092867,-0.30844293198629025
3115,-0.8959130224728558,0.5279877715802622
3116,-0.3954241372823675,1.3612307856096624
3117,-0.543537756864248,1.3612307856096624
3118,-0.5174993762346585,-0.5465609615388063
3119,-1.0495662556241643,-1.1413267362245632
3120,0.9197472344241876,1.5384924914760298
3121,-0.34907195046528156,1.0636552095708818
3122,0.3804434951432912,-0.6057378010359784
3123,-0.770852189051075,-0.6061826502475063
3124,-0.4564410283848523,2.6097488646552334
3125,1.157926169058617,1.0034340449193744
3126,1.3595009217952725,-1.141600306595289
3127,-0.8137482296000145,-0.9035108235162398
3128,-1.2033587409267321,-1.2012196164312
3129,0.11244794657424426,-0.784474408031476
3130,-0.8607162439969691,0.10776703003592686
3131,0.9762251431917376,0.04857591730202145
3132,-0.495799426495697,-0.1901368304477247
3133,-0.8186893778170846,2.074604778678177
3134,2.713151950301928,0.7028063750924091
3135,0.8873482548957365,-1.4380340236953881
3136,-0.6235457358828543,-0.4271986404819611
3137,1.317679567696127,0.16713893710179012
3138,-0.336507012715154,-0.725445058647217
3139,-0.0248188871187185,-0.903315755947548
3140,-0.9354726806903549,-0.13005126154518615
3141,-0.5868451759058384,-0.6654974643664356
3142,0.3500868804999737,-0.19030097267016022
3143,1.1160707991667973,0.7058584688805932
3144,0.10404852610198549,0.4052878920005625
3145,-0.38711081928531454,-0.7245839066976285
3146,-0.9766629709691633,-0.6654974643664356
3147,-0.6352783497059903,-0.13024395024108829
3148,3.1765143694446287,1.3008954350642872
3149,-1.1624338446970157,-0.665123981338575
3150,0.04842455546302229,1.1784453371274233
3151,-0.7081610831529174,-1.141600306595289
3152,0.010774033609350512,0.23008391109661067
3153,0.1358724261355422,0.16713893710179012
3154,-0.3582328286297945,0.40509520330465965
3155,0.07868550068944402,-0.3679195094548654
3156,-0.9765265534672938,-0.1894374418477827
3157,1.4630669632276567,-0.4271130010615598
3158,0.5000164473470021,0.40509520330465965
3159,0.11913771913346176,-0.36849757554257323
3160,0.4395562105183801,-0.12962306444318053
3161,0.579368559363113,-1.2003584644816108
3162,-0.19562741837527467,0.10776703003592686
3163,-0.6751912761036558,-1.1412720221504182
3164,-0.6563245584294986,-0.4271986404819611
3165,-0.19807301213606474,-2.033514887541494
3166,-1.1663474325103924,0.16681065265691908
3167,0.5798033237132273,1.1784453371274233
3168,-1.3480916867804615,0.16749814689291675
3169,-0.9998376470530116,-0.9040317966570129
3170,1.7557703788690973,-0.19030097267016022
3171,0.0010646507879695322,-0.1901368304477247
3172,0.2560987650235324,-1.2598350419501865
3173,0.5621799541275392,-0.6059328686046696
3174,-1.112227952034906,-0.6654974643664356
3175,0.784651742163581,-1.4384764940341275
3176,0.4143214529907136,-0.13005126154518615
3177,0.5058572424140645,-0.24865710105515473
3178,-0.4024218236315191,0.10743874559105583
3179,-0.2795461505578684,0.16722457652219136
3180,0.6364286342490311,0.10776703003592686
3181,1.3051241968876892,0.3450072555293321
3182,-1.3233388196490101,-0.7246909559731294
3183,-0.15903492940623337,-0.07015838133854904
3184,-0.3152560005732545,-0.9634013248500872
3185,-0.3761056473617587,0.10727698224140932
3186,3.9026948500464558,2.312173288616453
3187,-1.0781016080347288,-0.1304080924635238
3188,-0.8098123189226952,2.0741599294666497
3189,0.1973503020949943,2.1938671870778874
3190,-0.4650803310616975,-1.4983693742407638
3191,0.3279720089566245,0.8255657264918325
3192,0.7683861696354626,-0.6660755304541427
3193,3.0774717197755366,0.4049001357359685
3194,-0.5308374646057719,-0.5462350559667243
3195,0.6754167562833726,2.0741599294666497
3196,0.6179701060869616,1.5390158434895922
3197,-1.2920634242723212,2.014267049260012
3198,-0.6663843747816565,0.23008391109661067
3199,-0.44921727874688805,0.10718896394821907
3200,0.5385690963688816,1.896291611039107
3201,1.7211607271480103,-0.6048766490863892
3202,-1.252943491041368,-0.7246909559731294
3203,-0.9251534939190579,-0.07087442204801404
3204,2.8166981491885856,-0.07087442204801404
3205,-0.8121377944156054,0.4649880835112967
3206,1.027942966971971,1.0033484054989732
3207,1.6259065863879842,0.9407626412952793
3208,-0.44560806141170856,0.7058584688805932
3209,-0.07805962628346044,0.4053449849474964
3210,-0.5817654841998564,-0.19030097267016022
3211,-0.6792504940294181,-0.3681692910977022
3212,1.8473540030008957,-0.7251048798384017
3213,-0.7937689120404788,-0.42795512202883773
3214,-0.18524941262914554,-0.6659113882317073
3215,0.24518323888691962,2.3720661688230895
3216,0.11900767959271856,-1.1413267362245632
3217,0.3468479392412977,-0.9626733897766779
3218,-0.7826769289793697,-0.42754119816356545
3219,0.37436813283924775,-0.18899259263625479
3220,-1.0126006559292302,-0.13024395024108829
3221,-0.8857228122487809,-0.3680622418222006
3222,1.6520441797462062,-1.5577412813066271
3223,-1.102665616650605,0.3450072555293321
3224,-0.676805963262149,-0.12996324325199587
3225,0.028971419696412353,-0.9634013248500872
3226,-0.420150075244619,0.10776703003592686
3227,-0.02297636501554422,1.5987992955479386
3228,-1.0669525776546558,1.063134236430108
3229,-0.7707338424390634,0.3457232962387964
3230,-0.43700631783927407,-0.42754119816356545
3231,-0.7757532978455185,1.8360704463875994
3232,-0.5742731515322371,1.5984733899758565
3233,-0.8870550974618453,-2.033514887541494
3234,-1.2591364912950755,0.10727698224140932
3235,-1.0016918620849176,0.7024780906475381
3236,-0.6795690377545631,-0.3680075277480557
3237,0.13119879795460584,0.10846641863586955
3238,-1.1516005233926982,-0.9040317966570129
3239,-1.1754746492134054,0.5829635217322016
3240,0.5422027625550456,-0.6659113882317073
3241,0.5637868460002113,-0.7246909559731294
3242,-1.0676722242684151,1.3611451461892612
3243,-0.7114772686074574,-1.2012196164312
3244,-0.2895124234801728,-0.842994678638906
3245,-0.8541621802772739,-0.1303795459900565
3246,2.2055902605534663,0.8255657264918325
3247,3.000043271701374,-0.13076730225465047
3248,0.03726064317365458,1.4791229632829557
3249,-0.8010766381666069,1.063134236430108
3250,-1.1616192373287084,-1.1413267362245632
3251,-0.8560284425690852,-0.6659113882317073
3252,0.29559570662328905,-0.8434228757409116
3253,-0.3947934277932039,-0.784474408031476
3254,2.5270076115170097,1.4791229632829557
3255,0.1032590762470101,0.04781943575514482
3256,-0.5966488108194203,-0.3681692910977022
3257,-0.38486294231944196,-0.9634013248500872
3258,-0.9784339181752529,-0.1306792839614609
3259,1.5114324597736346,-0.9634013248500872
3260,-0.9208699843603514,-1.73593788417904
3261,1.8332289450930228,-1.2012196164312
3262,0.7544365056585647,-1.1999421617435497
3263,-0.8917967572281296,-1.2003584644816108
3264,1.4924318049158234,0.346151493340802
3265,0.2565725058027525,-1.1999421617435497
3266,-0.780901729799196,-0.725445058647217
3267,-0.6157369854771322,0.10776703003592686
3268,-0.7602304034574489,-0.9024522251251704
3269,3.028226773256468,-0.12996324325199587
3270,0.282308287610013,0.10743874559105583
3271,1.0725121593230622,-2.033514887541494
3272,0.12833367608416982,1.0037623293642448
3273,-0.6561137313811545,-1.4983693742407638
3274,-0.966550359272126,0.16681065265691908
3275,-0.5074916465650325,-1.2602489658154583
3276,-1.377873930591232,0.10776703003592686
3277,0.42272158212531985,-1.2602489658154583
3278,-0.594657823954471,-1.2601633263950576
3279,-0.798999194495278,-1.1412720221504182
3280,0.15169756501476725,-1.2602489658154583
3281,-0.3638564186873867,-0.1894374418477827
3282,-1.0174829851714684,0.7058584688805932
3283,1.6382688467067625,1.063134236430108
3284,0.7377400664232425,-0.6056045841597986
3285,0.34729085320840686,-0.07059371505892163
3286,0.7993150291242849,-0.19030097267016022
3287,0.44246810410374265,1.4791229632829557
3288,-0.27283228347884025,-0.19030097267016022
3289,0.3864019281600177,0.10727698224140932
3290,-0.5380218834834568,0.10771231596178192
3291,-0.3728085957905979,-0.07087442204801404
3292,-0.9607240917831847,0.4649880835112967
3293,-0.39068814681486225,-0.3680075277480557
3294,2.152904758337893,-0.9623451053318068
3295,1.0230308739111431,0.5276594871353919
3296,1.3422418046561349,2.074604778678177
3297,-0.47594341618460473,1.4791229632829557
3298,-0.48798855010293285,0.6433012511503666
3299,-0.4040024949973385,-1.081379141943781
3300,-1.2988818190475873,-0.19030097267016022
3301,-1.3315465469563041,-0.3082764108910658
3302,0.23040692028180937,-0.9623451053318068
3303,-0.16364513230707967,0.7058584688805932
3304,0.28667329333866765,-1.379285381300222
3305,-1.017073378334686,2.133974306871251
3306,-0.023946169437926622,-1.2598350419501865
3307,-0.981876954189973,-0.903315755947548
3308,2.4004334296524097,1.36081686174439
3309,-0.5040985712458025,0.16681065265691908
3310,-0.517376423317389,1.4791229632829557
3311,-0.2923495531878875,0.16681065265691908
3312,-0.22744671210357353,-0.3085499812617912
3313,-0.9804206530661179,-0.664798075766493
3314,-0.49203855541817937,-0.6655521784405806
3315,-0.7459072744234847,0.40509520330465965
3316,0.5462520592079447,-0.07007036304535946
3317,-0.02801034800012056,-0.6654974643664356
3318,-0.28375064426484264,-0.665123981338575
3319,0.2969538580120328,0.6429134948857727
3320,0.5276046725303001,1.3008954350642872
3321,-1.0551058691935926,-0.6059328686046696
3322,-0.09116491907346123,0.04781943575514482
3323,-1.1159604766185285,2.6097488646552334
3324,0.7470642912588256,0.04857591730202145
3325,0.566092478947395,-1.1405726335504756
3326,-0.1335011163679746,0.04781943575514482
3327,1.6458270849726875,1.5389087942140904
3328,-0.22221288633703754,-0.07059371505892163
3329,-0.30739587214734765,0.04781943575514482
3330,0.2893630212781283,0.16708184415485616
3331,-0.6616260614502089,-0.3680622418222006
3332,-0.8328456168682421,0.10771231596178192
3333,-0.8309495907578411,-0.6654974643664356
3334,-1.075251013742414,-0.7246909559731294
3335,1.6368090022711708,0.16681065265691908
3336,-1.1233419036287837,-0.1901368304477247
3337,-0.730428671432126,-0.13076730225465047
3338,-0.35837172644988,-0.3680622418222006
3339,-1.0584358735639066,-0.3681692910977022
3340,7.762519994439786,1.301340284275815
3341,2.3436766622511684,0.04824763285715042
3342,-0.5172513444130774,0.5279877715802622
3343,0.7455619270823911,0.8805414766437711
3344,1.09455191265759,-0.4271986404819611
3345,0.05235231652334664,1.3612307856096624
3346,-0.858010925485866,-0.6654974643664356
3347,2.9384994901436166,-2.033514887541494
3348,0.8223398231216635,1.0632412857056095
3349,-1.068020177480976,-0.9035108235162398
3350,-0.3001278311126725,-0.42795512202883773
3351,-0.6120306814003623,-0.1306792839614609
3352,0.9841497598912552,0.9404890709245531
3353,1.800297051479346,1.4791229632829557
3354,0.28929463536160666,0.10771231596178192
3355,-1.2584763723184962,0.7058584688805932
3356,-0.9368170131633248,1.063134236430108
3357,-0.5693380269451196,0.10718896394821907
3358,-0.3725382411050744,1.0003819511311896
3359,1.0780514185613168,-0.48689883199269535
3360,-0.5735690954901204,1.5385805097692196
3361,1.589373979387296,0.8255657264918325
3362,-0.24697602907252605,-0.9622594659114055
3363,1.582213655029422,-0.784474408031476
3364,0.4248227659852858,-1.2602489658154583
3365,1.2865306685484448,-0.07015838133854904
3366,0.662278510694219,2.074604778678177
3367,0.18768025003389238,0.10743874559105583
3368,-0.8893724233377607,-0.06973018423654344
3369,-0.09083645407545317,-0.4282572388730304
3370,0.1500531140376841,1.0034340449193744
3371,-0.7734976255938248,0.5276594871353919
3372,1.15642841118744,1.5384924914760298
3373,-1.1692316882642078,-0.842994678638906
3374,0.07610526108265266,-0.9634013248500872
3375,-0.7935747385572982,-0.19030097267016022
3376,-0.9249125487209504,0.16765991024256327
3377,-1.0134829405517118,-0.30802900812101797
3378,0.35054573936989875,0.10760526668628034
3379,-0.36153696682442915,-0.07046049818274176
3380,-0.09119858053496169,0.23008391109661067
3381,0.7705273929180553,-1.2012196164312
3382,-1.0304284746021364,0.23008391109661067
3383,-0.21864477141800565,-0.6061826502475063
3384,-0.9424678867212909,2.3720661688230895
3385,0.5134434728427109,-0.9626733897766779
3386,-0.31045056119570635,1.8369197039732437
3387,-0.9338222060833192,-0.665123981338575
3388,2.6420660302367693,1.896291611039107
3389,0.9419556493973906,-0.42754119816356545
3390,1.528236261354584,-1.6757167195275322
3391,0.06136366693256362,-0.7246909559731294
3392,-0.852616233366476,1.36081686174439
3393,0.5335368850401738,-1.5577412813066271
3394,0.2355340923650654,0.5246073933472071
3395,0.2849112044119203,1.24100255485765
3396,0.2847726609230087,-0.3681692910977022
3397,-1.312594435469288,0.703194131357003
3398,-1.0452618405262104,1.7770268237666074
3399,0.6490396350517379,-0.42754119816356545
3400,-0.4556763817120349,0.16749814689291675
3401,-0.618129783893043,0.7657489702144413
3402,-0.9559774713804688,-0.6654974643664356
3403,0.5084456316378507,-0.903315755947548
3404,-0.033582205706354326,-0.367634044720195
3405,2.0232220290865337,-0.9027805095700407
3406,0.9120242321624982,1.24100255485765
3407,0.00740186382936795,-0.6654974643664356
3408,-0.8330621132153652,-1.2007914193291942
3409,-0.751345903608412,-0.903315755947548
3410,0.16656175775095208,-0.3082764108910658
3411,-0.05180900128083228,-0.30844293198629025
3412,0.6127699417819258,-1.2598350419501865
3413,0.18781525021106743,0.8854562278256799
3414,-0.5589692338095062,1.3009239815377538
3415,-0.6851362891555389,-1.6757167195275322
3416,-0.7728166010779978,-0.4865705475478243
3417,-0.12218094403101092,2.3720661688230895
3418,-0.9952366567626812,1.0636552095708818
3419,-0.6350685856511673,-1.2002704461884208
3420,-0.6945466164663279,0.10743874559105583
3421,0.8266637264341704,-0.13005126154518615
3422,-0.48815898339747654,1.24100255485765
3423,-1.107540504938196,0.16765991024256327
3424,-0.5043891228082261,0.4052878920005625
3425,-1.2684933145986381,2.134497658884813
3426,0.30242366834024464,2.074604778678177
3427,0.15889261382766276,0.2267035328635555
3428,0.7152308242835794,-0.30811464754141926
3429,1.773678985049604,1.5385805097692196
3430,1.649365081741956,0.4051808427250609
3431,-0.19718186923424122,1.24100255485765
3432,-0.4416519538574891,-0.42795512202883773
3433,1.2862631485123108,1.8369197039732437
3434,-0.2885876191168489,0.8854562278256799
3435,3.3666201307513717,0.5279877715802622
3436,-0.22515454374098992,0.4646597990664257
3437,0.03701013103385763,2.134497658884813
3438,-0.8189987089317137,0.5276594871353919
3439,0.36028701199691193,-0.7245839066976285
3440,-0.36446197066321845,-0.4865705475478243
3441,0.19198395646949903,0.7058584688805932
3442,-0.8739480330159761,0.2267035328635555
3443,-0.1854999247689425,-0.903315755947548
3444,-1.3688438006298094,0.7028063750924091
3445,-0.06267314939726051,-0.24865710105515473
3446,0.30498796304421993,0.40509520330465965
3447,0.6437306910763803,1.3612307856096624
3448,1.2241573977130848,0.346151493340802
3449,1.4023508992916327,1.3612307856096624
3450,-0.33322767770267747,-0.42786948260843644
3451,0.952207158914513,1.063134236430108
3452,-0.763591943302221,-0.30844293198629025
3453,0.2143266629575295,0.10718896394821907
3454,-1.1869475382862285,-0.7246909559731294
3455,1.308890382932812,-0.42786948260843644
3456,-0.4074437593561901,-1.0225948164567815
3457,0.09499749060131543,0.04781943575514482
3458,-1.0967004513415783,0.04857591730202145
3459,-0.7788476719853303,1.0632412857056095
3460,-0.17369042108111638,0.7028063750924091
3461,4.136659724032221,-1.2598350419501865
3462,-0.37996573116790894,-0.42786948260843644
3463,0.6290376402970863,0.04781943575514482
3464,-0.7389712416985545,-0.1901368304477247
3465,-0.06655307574913712,-0.6647671504202373
3466,1.7147515848783537,-1.9736222452221364
3467,-0.003767009096431357,-0.48689883199269535
3468,0.09581032631375433,-0.664798075766493
3469,-0.9028200000415434,-0.4282572388730304
3470,0.044427699823828735,-1.4391758826340697
3471,-1.0924151701270033,1.8369197039732437
3472,-1.209931584198633,-0.9040317966570129
3473,-0.8485899682398664,-1.379285381300222
3474,-0.14741003225989835,0.04781943575514482
3475,-1.312910853207391,1.0037623293642448
3476,-1.08794457370859,1.3612307856096624
3477,-0.6301334610640498,-0.5465609615388063
3478,-0.15137889573637056,-1.6760450039724033
3479,-0.4004956793713546,-0.1901368304477247
3480,-1.104933690493378,0.16681065265691908
3481,-0.03853575551450375,-0.1306792839614609
3482,-0.05424290211289085,-0.30811464754141926
3483,-1.0551469716097404,0.4052878920005625
3484,-0.5716075181125871,-0.13005126154518615
3485,0.7721534186741066,0.10814051306378751
3486,-0.46941734462763085,0.3450072555293321
3487,-0.7158277467579909,-0.24933032205441913
3488,-0.589486360474504,-0.42754119816356545
3489,-0.8662757001121237,-0.3680622418222006
3490,0.6038872135887575,1.0636552095708818
3491,-0.5673587330089019,1.063134236430108
3492,-0.2636756572884115,-0.3679766024018
3493,-1.2137562348874142,-0.6057378010359784
3494,0.28575911891055417,-0.7251048798384017
3495,0.650609322151173,-1.4983693742407638
3496,-0.90438791548511,-1.4983693742407638
3497,-0.5206780811938078,0.4650737229316973
3498,-0.49175012984279787,-1.4391758826340697
3499,1.1289308947846064,-1.2601633263950576
3500,-0.8827574146561913,1.1230247377639562
3501,0.21368390620846067,-0.7251048798384017
3502,-1.0959659228185243,-1.2602489658154583
3503,-0.09906756724021068,0.8854562278256799
3504,-0.38982712206280185,1.1230247377639562
3505,2.0675662211423336,-0.545844920829342
3506,0.07463266072480806,0.8805414766437711
3507,-0.7004285139495381,1.0632412857056095
3508,2.520530437662004,-0.9634013248500872
3509,-0.229851203448216,-0.6654974643664356
3510,-1.3613489876439744,-0.6057378010359784
3511,0.9674721002081388,-0.664798075766493
3512,3.683930783411878,0.16722457652219136
3513,-0.26830641139733163,0.4649880835112967
3514,2.160005555058587,-0.42795512202883773
3515,-0.6530438060923273,-1.2598350419501865
3516,-0.5989264516038827,-0.9035108235162398
3517,-1.1422695662648152,0.10743874559105583
3518,0.6346725689522363,2.312173288616453
3519,-0.1640951328976625,-0.6654974643664356
3520,-0.9098839463201747,-2.033514887541494
3521,-0.8859577338169355,-0.6056045841597986
3522,-0.015688481435142548,1.4791229632829557
3523,1.9163706290117202,0.5829635217322016
3524,-0.8889160447860514,0.10776703003592686
3525,1.5307686662529274,0.4052878920005625
3526,-0.500483684611844,2.1938671870778874
3527,-0.768095846850961,1.3611451461892612
3528,-1.1114516124333569,-0.9028875588455424
3529,-0.35083616537907086,-1.379285381300222
3530,-0.9307838162689501,1.301340284275815
3531,0.1866016659411882,-0.784474408031476
3532,0.5682234266259507,0.8255657264918325
3533,-0.9457904501369572,-0.9027805095700407
3534,-0.809955468716865,-1.4391758826340697
3535,0.5202409620787293,-0.12910209130240669
3536,-0.33034094163064653,0.3450072555293321
3537,-0.7825876375236004,0.40509520330465965
3538,-1.398784430475218,0.5875523673420283
3539,1.092435492557155,0.10846641863586955
3540,-0.3246890050791593,-0.1306792839614609
3541,2.6424770543982468,-0.24865710105515473
3542,-1.0763703459200922,-1.141600306595289
3543,-0.4902002852890893,-0.725445058647217
3544,-0.6141556054489655,-0.9040317966570129
3545,-0.5839106051253597,-1.4391758826340697
3546,-0.33567575178168346,-1.6760450039724033
3547,-0.6213205361120976,1.895963326594236
3548,-0.6398290249696571,-0.07046049818274176
3549,-0.8062130228603789,0.16716986244804574
3550,0.7829328816400235,-1.0817074263886521
3551,-0.8574659641407348,-1.9736222452221364
3552,2.7763185686351735,0.10776703003592686
3553,1.1561049068258635,0.8808697610886421
3554,-0.5727622834076342,0.8805414766437711
3555,-0.96729162008748,-1.141600306595289
3556,1.392517500559461,-0.7251048798384017
3557,-0.8498641431404461,-0.5462350559667243
3558,-0.9375210692054416,0.6429134948857727
3559,0.30256894412145646,-1.2012196164312
3560,1.9320969094934863,-1.1408985391225575
3561,0.9362813899819612,-0.6659113882317073
3562,-0.1415210481532145,-0.8441389164503765
3563,1.8983943455770391,1.3009239815377538
3564,-1.0216368095206056,-1.5577412813066271
3565,0.10857262652762574,-0.784474408031476
3566,-0.9786982492308237,0.34539501179392607
3567,-0.5984739706950839,-2.033514887541494
3568,-0.6465159628794849,1.8963772504595082
3569,-0.46113379044916764,1.1230247377639562
3570,-1.2836491218907675,0.16681065265691908
3571,1.0513575252604057,-0.665123981338575
3572,0.048968453814632336,-0.3683358121929267
3573,-0.8858351352308397,-0.07059371505892163
3574,-0.6265571965280232,0.16733162579769226
3575,1.0632931708460647,0.10727698224140932
3576,0.7250620970287089,-0.6659113882317073
3577,-0.9779708073312434,-0.4865705475478243
3578,0.8907044797729032,-1.2007914193291942
3579,0.2956938563584006,-1.1413267362245632
3580,-0.5636191218018055,-0.6059328686046696
3581,-0.2318620328588918,-0.3681692910977022
3582,1.1224480516308222,1.4206026926755257
3583,-1.1539834005357459,-0.24933032205441913
3584,-0.6637811036485753,1.301340284275815
3585,1.0206175242871585,0.04857591730202145
3586,0.688020316131432,1.896291611039107
3587,0.29371775140274603,-0.42795512202883773
3588,-1.1160419727884767,-0.1901368304477247
3589,0.29741590586252115,0.4047669188597886
3590,-1.0352845833375217,1.3009239815377538
3591,0.9329772517873265,-0.3683358121929267
3592,-0.5843290702414844,-0.1901368304477247
3593,1.0402407390171382,1.8360704463875994
3594,-0.08375656289400607,2.014267049260012
3595,0.08200452079337348,-0.1306792839614609
3596,-0.8372102682657231,0.4650737229316973
3597,0.3958944603031022,0.16681065265691908
3598,0.06419264702328366,-0.13024395024108829
3599,1.4613775121915158,-0.9035108235162398
3600,0.010468245806458411,-1.4983693742407638
3601,-0.9879452298705427,1.301340284275815
3602,-0.03220952673948956,0.16722457652219136
3603,0.10470864507856496,-0.07048666578342007
3604,0.32195333964037093,0.5878806517868993
3605,1.4196213550283285,0.5279877715802622
3606,-0.5278001377849237,-0.784474408031476
3607,0.6753398664186823,-1.73593788417904
3608,0.31156009765377324,0.10760526668628034
3609,-0.5831385174978949,-1.4983693742407638
3610,-0.43466808642411126,-0.784474408031476
3611,0.23228948180761022,-0.07046049818274176
3612,0.5328062541600304,-0.4282572388730304
3613,1.569252220695938,-1.141600306595289
3614,1.0491036246645804,-0.4266776673411879
3615,1.4989993332201188,-0.6660755304541427
3616,0.6982711169862075,0.10776703003592686
3617,-0.5933404206507014,0.22711745672882777
3618,0.43626766289538754,-2.033514887541494
3619,0.5843015579631885,-0.9040317966570129
3620,-0.8763953984326348,-0.7838035659050006
3621,-0.8958974319012135,0.16733162579769226
3622,2.721383063466685,-0.42700595178605827
3623,0.5328721597583362,0.8808697610886421
3624,0.4094029819687591,1.4791229632829557
3625,0.09306851169176136,-0.1306792839614609
3626,-0.8725303539900531,-1.2012196164312
3627,-0.5754987830620217,0.40561617644543346
3628,0.11775334723786524,-1.2601633263950576
3629,-1.1453713813592743,-0.9623451053318068
3630,-1.2793996281247348,1.062805951985237
3631,0.5351820446796042,0.3457232962387964
3632,-0.5007841574471308,1.0033484054989732
3633,-1.373752704710074,-1.2598350419501865
3634,-0.39620260287095854,0.5246073933472071
3635,-0.765121945310203,0.04781943575514482
3636,-0.11620444012442624,-1.4384764940341275
3637,0.7514948482546123,-1.2598350419501865
3638,-0.449028065900139,-0.4282572388730304
3639,-0.24698665900773678,0.23008391109661067
3640,-0.6831654991674898,1.0037623293642448
3641,-0.2407886981175975,0.7026707793434408
3642,-0.3255362109154458,0.4049001357359685
3643,0.1510353200511455,-0.6059328686046696
3644,-0.2770768166084412,-1.2602489658154583
3645,0.08142873263613151,1.8363987308324705
3646,0.24594079893626336,-0.4282572388730304
3647,-0.9730714701926683,1.5983853716826664
3648,-1.0842531515411151,-0.725445058647217
3649,-0.5145453172396269,0.7058584688805932
3650,3.307191706300528,-0.42795512202883773
3651,-0.5420332667007713,1.5389087942140904
3652,-0.5002370701149575,0.04781943575514482
3653,0.36530505007867214,0.7058584688805932
3654,0.793303800762679,0.10760526668628034
3655,-1.149745599698445,0.3457232962387964
3656,-0.27612614606943797,-0.9027805095700407
3657,-0.5691977118003394,0.16681065265691908
3658,0.6319683134346544,-1.4391758826340697
3659,-0.9513697487978383,-1.2004655137571123
3660,-0.5405404694660266,-0.3683358121929267
3661,-0.9241369177817488,-0.13024395024108829
3662,1.2649320575251581,0.04781943575514482
3663,-0.6188161233764753,0.5276594871353919
3664,-0.8163181936027689,-0.4275269249268321
3665,0.02168601643422648,-0.24933032205441913
3666,-0.18906378771389004,-0.1303795459900565
3667,-0.3676959512854629,1.3607098124688892
3668,-0.24500240443508756,-1.4978484010999902
3669,-1.1224256032136284,2.1938671870778874
3670,0.8414900057347707,1.3612307856096624
3671,0.2665472826732255,1.7770268237666074
3672,0.027401378265803734,1.5384924914760298
3673,-0.30675346972945255,2.134497658884813
3674,-0.6551177064519194,-0.6061826502475063
3675,-1.3187739711383957,-0.30811464754141926
3676,-1.0676279328717042,-1.0225948164567815
3677,-0.7404629759397784,0.2899744124304588
3678,-0.37081583726978024,-0.30802900812101797
3679,0.149025199302817,-1.9736222452221364
3680,-0.7267425642322564,-1.2601633263950576
3681,-0.25963025827842284,-1.2601633263950576
3682,0.07417663650427234,1.5385805097692196
3683,1.0284705660895916,-0.4282572388730304
3684,-0.35702526798986806,1.8369197039732437
3685,0.9836232237671558,1.0636552095708818
3686,0.4620792715738171,2.3720661688230895
3687,1.518236326970779,-0.6655521784405806
3688,-0.05903877454874925,1.1230247377639562
3689,0.10161958590635853,1.36081686174439
3690,1.5233681053592931,0.9407626412952793
3691,-0.6459692298784854,0.16765991024256327
3692,-1.0231622052233296,-0.24933032205441913
3693,0.8902785737021309,-0.24933032205441913
3694,-0.11779503276310879,-1.735609599734169
3695,0.18226394371290733,0.2274195735730205
3696,0.9991322992394516,-0.12962306444318053
3697,-1.070028526573436,0.6433012511503666
3698,-0.9230880975076342,-0.3679766024018
3699,-0.6897723582320644,-0.5465609615388063
3700,0.0005055161958909161,0.10727698224140932
3701,-0.41869377412076386,-1.4978484010999902
3702,1.5878191741971557,0.4052878920005625
3703,0.713361018680031,-0.13024395024108829
3704,-0.26552243136567,0.10760526668628034
3705,-0.6464773407815531,1.5389087942140904
3706,-0.6383178025138804,0.9407626412952793
3707,-0.7551411448097775,0.703194131357003
3708,-0.2505873723947477,-1.2598350419501865
3709,-0.8783247316733624,-0.13005126154518615
3710,-0.04582859973133703,-0.6060185080250708
3711,0.15646013032029896,-1.0817074263886521
3712,0.8592565251146286,0.46523786515413285
3713,0.3401535603768223,0.10727698224140932
3714,1.39347738370898,1.4791229632829557
3715,0.0192368793616996,-0.6064538417454434
3716,-0.5549085985590492,-0.4271130010615598
3717,0.1352923860042159,1.5384924914760298
3718,-1.377407985097833,0.10814051306378751
3719,-1.2508054567393385,-1.5577412813066271
3720,0.30989084349453205,1.063134236430108
3721,0.0532190105741859,0.04857591730202145
3722,1.1834677773826965,1.895963326594236
3723,0.46010422961168385,0.2899744124304588
3724,-0.9793023838819604,-1.3781411434887514
3725,0.4734536565803552,0.04824763285715042
3726,0.24625225603793433,-1.1405726335504756
3727,-0.7114482134512151,-0.9622594659114055
3728,-0.9556472347265922,-1.0225948164567815
3729,-0.9052510662242124,-1.6760450039724033
3730,-0.7282771725454964,-0.784474408031476
3731,-0.6224745927447973,-0.6064538417454434
3732,-0.7159269594866232,0.7058584688805932
3733,-0.9017116521302494,0.10718896394821907
3734,-1.2692576069402817,0.7026707793434408
3735,0.7360488437312329,-1.4983693742407638
3736,-0.6798928964473133,0.9404343568504082
3737,-1.1391085778643504,0.7058584688805932
3738,-0.4864224063152347,0.7058584688805932
3739,-0.377398601814544,-0.6654974643664356
3740,-0.893379554580991,0.16749814689291675
3741,-1.131837347849112,0.3457232962387964
3742,-0.07601407241776345,0.16733162579769226
3743,-0.2861650568823483,-1.0225948164567815
3744,1.9106680231023956,1.0034340449193744
3745,-0.3391021342312402,1.7770268237666074
3746,-0.2691816093963394,0.23008391109661067
3747,1.2138995102348358,0.6425852104409016
3748,-0.21874362981546447,-0.9028875588455424
3749,-0.7900654426130985,-0.6660755304541427
3750,0.6791411312500003,1.5384924914760298
3751,-0.31140760969583603,0.40561617644543346
3752,0.07602872554913633,-0.6654974643664356
3753,-0.11730109510698852,-1.1999421617435497
3754,-1.219569392122929,0.5276594871353919
3755,0.15510410491859752,-0.42795512202883773
3756,-0.10040445875853296,0.04857591730202145
3757,-0.5677244027801472,0.6429134948857727
3758,-0.0796523449091853,1.5988302208941942
3759,-0.25759887765967326,-0.07048666578342007
3760,-0.03387240293760436,2.1938671870778874
3761,-1.30821277617547,1.5988302208941942
3762,1.355850956375119,-0.6057378010359784
3763,-0.5630302233911372,-0.6048766490863892
3764,0.6011879187076071,-0.3683358121929267
3765,0.1656054179131697,0.40509520330465965
3766,-1.0220903534229253,0.6428564019388386
3767,-0.30929579590065936,-0.3680075277480557
3768,0.3724210830398355,0.8854562278256799
3769,-0.22154993271106826,-0.3085499812617912
3770,0.7264206027486261,-1.1412720221504182
3771,-1.2148078898109183,0.5829635217322016
3772,-0.37014756867620585,-0.9627019362501446
3773,1.2935985124699867,-0.13005126154518615
3774,-0.8911012051341815,1.3607098124688892
3775,0.10681549823730999,0.7028063750924091
3776,1.3384270752402165,0.8805414766437711
3777,-0.4800019254480197,0.4051808427250609
3778,-0.6686450076697817,1.0037623293642448
3779,-1.045067312711856,-0.9027805095700407
3780,-0.5575341925560724,-0.4282572388730304
3781,-0.37912915526683305,-1.73593788417904
3782,-0.02735696131584124,1.24100255485765
3783,-1.006373285551675,0.5279877715802622
3784,-0.2267472623667145,-1.4983693742407638
3785,-0.527882696948393,-0.7245839066976285
3786,-0.7188976720468181,-0.07087442204801404
3787,0.14074412544256967,-0.07042957283648613
3788,-0.15647311502047365,-0.545844920829342
3789,0.05737673256623354,-0.24865710105515473
3790,-0.6856745182083701,0.4646597990664257
3791,-1.3283976058157445,0.4053449849474964
3792,-0.24170428987040551,0.16713893710179012
3793,1.1332012940898861,1.0034340449193744
3794,1.0332887613893922,-0.665123981338575
3795,-1.148554338292508,0.04824763285715042
3796,-0.34821482335613174,-0.19030097267016022
3797,0.03977887482505065,1.24100255485765
3798,1.4109515798705459,0.40509520330465965
3799,-0.390478737091213,-0.665123981338575
3800,-0.06949721347130555,-0.42700595178605827
3801,-0.00948166226566109,-0.42700595178605827
3802,0.406678529574277,0.04824763285715042
3803,-0.41821967901037027,0.7024780906475381
3804,0.013402107924589872,0.7026707793434408
3805,2.851511187003369,1.0037623293642448
3806,-0.6390512680434133,0.04824763285715042
3807,0.028629135782630495,0.8255657264918325
3808,-0.5990476328652837,-1.2602489658154583
3809,-0.7714240795654064,-0.6048766490863892
3810,-0.9507457716009751,-0.725445058647217
3811,-0.9336273239377912,-1.2004655137571123
3812,-0.3291525148740991,-1.379285381300222
3813,0.10542191373119779,1.4791229632829557
3814,-0.8040136892653015,-0.903315755947548
3815,-0.7046762360597023,1.5390158434895922
3816,1.5758027411038966,-0.3680075277480557
3817,0.5991058687310201,1.1784453371274233
3818,1.0055577407430984,0.3457232962387964
3819,-0.14349006648539517,0.7028063750924091
3820,-0.5854094259900572,-0.6659113882317073
3821,0.5506287578653312,-1.4983693742407638
3822,-0.3033812999494699,-1.4391758826340697
3823,0.9804321172169275,-0.9634013248500872
3824,2.6477849353800833,-1.735609599734169
3825,0.1128593250668953,-0.6655521784405806
3826,0.06996470184265083,0.4049001357359685
3827,-0.6488818321261954,0.23008391109661067
3828,-0.8233945414724791,-0.842994678638906
3829,0.0782464843652454,-0.664798075766493
3830,0.07392328971508583,-1.735609599734169
3831,-0.7861376815527741,-0.13005126154518615
3832,-0.5577407676303322,-0.3679766024018
3833,-1.2729224542697302,-0.36849757554257323
3834,2.407569659490473,1.301340284275815
3835,-0.8409877929084041,-0.368364358666394
3836,-0.829688171779514,-0.6060185080250708
3837,-0.8437451981020391,0.4646597990664257
3838,-0.1424394745554121,0.16752669336638407
3839,-0.2718323609066945,0.10776703003592686
3840,-0.8384947187703398,0.10727698224140932
3841,-0.6725075717941477,0.4650737229316973
3842,-0.9919512981202521,-0.784474408031476
3843,0.37440143996957415,1.7770268237666074
3844,0.3197292028631352,0.7657489702144413
3845,0.020304833519193287,1.3612307856096624
3846,-0.5548756457598962,-0.6060185080250708
3847,1.5416724994608084,0.46471451314057066
3848,0.7134308219212475,0.10718896394821907
3849,1.682884456441607,-1.73593788417904
3850,1.0264235948991995,-0.7246909559731294
3851,-0.23987629534535254,-0.8441389164503765
3852,-0.610761821467388,0.10846641863586955
3853,1.400795385439145,-1.4983693742407638
3854,-0.520270954675241,-1.2007914193291942
3855,1.023457134313089,1.3008954350642872
3856,-1.366366671394561,-0.1901368304477247
3857,-0.5581181303303092,-0.4865705475478243
3858,4.35888914954546,-0.3679195094548654
3859,0.1985061303835623,-0.3082764108910658
3860,-0.9671162261565047,-0.30811464754141926
3861,-0.02919168813319436,2.6097488646552334
3862,0.24390233169403974,1.24100255485765
3863,-0.22294741486009131,1.6587231011008314
3864,-0.9452607250322946,0.4049001357359685
3865,1.0015718693702893,1.8360704463875994
3866,1.6813838639210408,-0.06973018423654344
3867,0.33832875483233243,-0.7838035659050006
3868,0.12559327878687188,-0.725445058647217
3869,-0.8187999291432752,-0.1304080924635238
3870,0.7150061783194614,-0.4865705475478243
3871,-0.9428197375767624,-0.7838035659050006
3872,0.6660145785895784,-0.4865705475478243
3873,-0.36437799417505445,1.3612307856096624
3874,-0.4765634957385576,-0.07048666578342007
3875,-0.9711680031276198,1.4791229632829557
3876,0.7606039940677671,-0.13076730225465047
3877,-0.6099504030796439,2.66964174486187
3878,-0.9327655905233836,0.04824763285715042
3879,-0.6524010493432583,2.3717378843782186
3880,-1.0273220532024192,0.04857591730202145
3881,1.5891461444426154,-0.6647671504202373
3882,0.8534571867948876,-0.4266776673411879
3883,-1.1245919840095528,-0.903315755947548
3884,-0.9241142405866328,-0.7245839066976285
3885,-1.2185170285370777,0.10760526668628034
3886,-1.1194694182315545,1.5987992955479386
3887,-0.3489497062103594,-0.1304080924635238
3888,-0.38968822424271643,1.3008954350642872
3889,-0.34991100668457326,-1.2002704461884208
3890,1.1758461138366811,-0.903644040392419
3891,0.4759190928868719,0.6429134948857727
3892,2.6109274066931243,-1.5577412813066271
3893,-0.1014632003055107,-0.9622594659114055
3894,-0.5901439991328677,0.8805414766437711
3895,-0.5911336461009765,-0.664798075766493
3896,-1.0535857884584738,-0.13024395024108829
3897,-1.0490365305195017,-1.4978484010999902
3898,-0.8929451445620504,1.063134236430108
3899,-0.8421687787103039,0.9404343568504082
3900,-0.8722897631231193,1.8363987308324705
3901,-0.7508721628291921,-0.6652119996317652
3902,-0.6791186828328065,0.8251208772803046
3903,1.180227773130499,0.16713893710179012
3904,-0.08375372824461651,-0.3683358121929267
3905,-0.5195350088274925,2.1938671870778874
3906,1.0869107608970219,0.16708184415485616
3907,0.5471495800708949,-0.13035099951658985
3908,-0.8006921888431562,-0.06973018423654344
3909,-0.043453517874110684,1.3009239815377538
3910,1.0504922485342612,-0.8437511601857826
3911,0.06589272799463547,0.3450072555293321
3912,-0.8573213970218703,-0.9024522251251704
3913,-1.3259084293205907,1.4791229632829557
3914,0.3988591492333443,2.6097488646552334
3915,-0.15335535502319864,2.0741599294666497
3916,0.525782347304026,1.8365914195283726
3917,2.13825316430592,-0.30860469533593676
3918,0.22785573583126037,-0.9627019362501446
3919,0.5332785776145557,-0.1304080924635238
3920,-0.9725704459130743,-1.2003584644816108
3921,0.19106127809321713,0.5276594871353919
3922,0.7255769402240766,1.5385805097692196
3923,0.015301323015554081,1.5984733899758565
3924,1.9440619645665616,-0.664798075766493
3925,-0.6691573705469337,-0.4271986404819611
3926,-0.847436620269514,0.10743874559105583
3927,-0.8454856728271913,-0.1894374418477827
3928,0.6055369795334458,0.16713893710179012
3929,-0.8987331442842335,-0.9634013248500872
3930,0.32651393617690094,0.04824763285715042
3931,-1.0777150327242357,-0.3683358121929267
3932,0.5535732499186731,-1.4384764940341275
3933,-0.6444417081887192,-0.9035108235162398
3934,-0.8456004761274661,-1.2012196164312
3935,0.27425894633735726,-0.3680075277480557
3936,-1.0337379277643761,-0.1901368304477247
3937,-0.9443982829555395,-0.842994678638906
3938,-0.9121098547532787,0.16722457652219136
3939,-0.44486928091457034,-0.6061826502475063
3940,-0.7396951402863978,0.5875523673420283
3941,0.4596900164696432,1.8963772504595082
3942,1.0301320249630117,-1.73593788417904
3943,0.3026391016938464,-1.2012196164312
3944,-1.0960112772087565,-0.6660755304541427
3945,-0.4894884339611514,-0.42795512202883773
3946,1.2459707334276262,1.4791229632829557
3947,-0.9975291794564384,-0.4282572388730304
3948,-0.8810591053407077,-0.42754119816356545
3949,-0.00421134038823534,0.4650737229316973
3950,-0.9642649232018425,0.4047669188597886
3951,0.7029518317906175,-0.36849757554257323
3952,0.7932350605149836,-0.42700595178605827
3953,-0.9006936586682457,0.8255657264918325
3954,-0.1360388362339236,-0.24933032205441913
3955,2.4301511851895694,-0.01070083485228522
3956,-0.4743156187726849,0.703194131357003
3957,0.9550457059469225,0.8251208772803046
3958,-0.8528259974212989,-0.6654974643664356
3959,-1.1228065092253423,2.134497658884813
3960,1.4058988173337645,0.16722457652219136
3961,-0.4810301945140604,1.8369197039732437
3962,-0.22755301145567974,0.7058584688805932
3963,-0.9258529436559166,2.134497658884813
3964,1.2791977849089846,1.5389087942140904
3965,-1.1810167431010492,-0.9035108235162398
3966,0.3102859227531935,-0.7251048798384017
3967,-0.37575273351276617,-0.9622594659114055
3968,1.002045610149509,-0.12996324325199587
3969,-1.1641842406950313,1.3612307856096624
3970,-0.8489046143221008,0.16713893710179012
3971,-0.805488769941362,1.0033484054989732
3972,-0.22637911227725335,-0.42786948260843644
3973,-1.0307101678852177,-1.2002704461884208
3974,-0.5439062612848828,0.7058584688805932
3975,-0.645525252917855,0.4052878920005625
3976,-0.6774455310306547,-0.903644040392419
3977,-0.7320950909419777,-0.13005126154518615
3978,-0.648204705253279,-0.13005126154518615
3979,0.14849582852932824,-0.42754119816356545
3980,-0.4252425228728537,1.5988302208941942
3981,1.267551982223402,2.6097488646552334
3982,0.5703430357069486,0.2899744124304588
3983,-0.31717505820994524,-0.36849757554257323
3984,-0.8001153376923932,2.0741599294666497
3985,1.573486478221502,-1.1412720221504182
3986,-0.5709155093303757,-1.0225948164567815
3987,-0.2190253230985458,-1.2007914193291942
3988,-1.287013496384929,-0.6652119996317652
3989,-0.13229745337095886,-0.9035108235162398
3990,-0.7809768480080177,1.5384924914760298
3991,-0.9450498979839507,-0.1901368304477247
3992,0.9601785473289577,0.4051808427250609
3993,-0.28893876130997304,-0.725445058647217
3994,-0.27456638024286617,-0.6061255573005724
3995,-0.6242813273994292,-0.6655521784405806
3996,1.395380496442855,-0.4271986404819611
3997,1.0793053965849964,-0.3679195094548654
3998,-0.44369006676853884,-0.725445058647217
3999,-0.7867822099577114,1.5385805097692196
4000,-0.6680550462655922,0.3457232962387964
4001,-0.37504548849008623,1.895963326594236
4002,-0.6409430421797301,0.16749814689291675
4003,0.09227162088213856,1.1230247377639562
4004,0.3391646220710608,-1.2002704461884208
4005,-0.5977259775874298,-0.903644040392419
4006,3.1645946687617847,-0.367308139148113
4007,-0.5373479455911034,1.4791229632829557
4008,-1.0076414368223021,1.3607098124688892
4009,-0.4673802947101022,0.16722457652219136
4010,0.29204247361355223,0.10776703003592686
4011,-0.9270204648732167,-0.7245839066976285
4012,-0.3888757428614513,0.3457232962387964
4013,-0.05325006616421898,-0.13005126154518615
4014,-1.0939104476799641,-0.6061255573005724
4015,-0.14310809748016023,-0.8437511601857826
4016,2.863870258341585,0.9404343568504082
4017,0.8105427210249164,-0.6658257488113066
4018,1.552908340978435,0.16713893710179012
4019,0.029094372613681908,0.3450072555293321
4020,1.5669129262872543,1.24100255485765
4021,-0.5852435990007715,0.5279877715802622
4022,0.3637357173104108,-0.4271986404819611
4023,-0.33752394318363677,-1.2004655137571123
4024,0.753268984441265,0.10771231596178192
4025,-0.9926440155648107,-1.2598350419501865
4026,-0.9775498618969028,1.3607098124688892
4027,0.3549273986637168,-0.842994678638906
4028,0.8108981151921248,-0.9634013248500872
4029,-0.10906679296166794,-1.2012196164312
4030,-0.5844038341191324,-0.6658257488113066
4031,-0.6457070248099567,-0.6654974643664356
4032,-0.5803237106541226,-0.9622594659114055
4033,-0.559798014424761,-0.368364358666394
4034,1.2094416697386747,0.8255657264918325
4035,-0.1413725833914394,-0.368364358666394
4036,1.2384429676426383,-0.13005126154518615
4037,-0.5554393866572328,-0.12962306444318053
4038,0.13488915712855978,1.7770268237666074
4039,0.9269638974386781,1.5983853716826664
4040,-0.6182562801220494,1.5390158434895922
4041,-0.29749337883630705,2.014267049260012
4042,-0.9248973124804819,0.8251208772803046
4043,0.8665472433444198,-0.9623451053318068
4044,0.07918971394960125,-0.07087442204801404
4045,-0.3768529318070654,-0.7245839066976285
4046,-0.3232872709560522,0.46523786515413285
4047,-0.870795194232506,-1.735609599734169
4048,-1.0742064454423836,-0.4266776673411879
4049,-0.797720767620614,-1.1412720221504182
4050,-0.649850219223883,-0.4282572388730304
4051,1.6030224618665596,1.3612307856096624
4052,-0.7338451326088196,0.40561617644543346
4053,-0.743844358330277,-0.7246909559731294
4054,0.15110618628588296,0.16749814689291675
4055,0.5097513420128886,-0.3679195094548654
4056,0.28847542168804163,1.24100255485765
4057,-0.17382577558946494,1.896291611039107
4058,-0.6723807212339676,1.5390158434895922
4059,0.7752329109046235,-1.73593788417904
4060,-0.5263193878100842,1.0033484054989732
4061,1.5625734324031053,-0.42795512202883773
4062,0.4217560296770218,0.40509520330465965
4063,0.20288637235268556,-0.1303795459900565
4064,0.5922552298189488,0.5276594871353919
4065,0.07859231159076434,-0.1306792839614609
4066,-0.7317761928856591,-0.3683358121929267
4067,-0.39068991847073065,0.16722457652219136
4068,-0.8840436368166765,0.4047669188597886
4069,0.4748911781520048,-0.48689883199269535
4070,0.43966321853283363,-1.379285381300222
4071,-0.4661617498037914,-1.2004655137571123
4072,-0.21739646269310522,1.4791229632829557
4073,1.4274325857522665,-0.6659113882317073
4074,-0.2409892495619044,0.10814051306378751
4075,-0.48938426059608736,-0.3672201208549234
4076,1.8357043026724027,2.014267049260012
4077,-0.6243401463742614,1.24100255485765
4078,-0.7006159551404187,-1.2598350419501865
4079,0.32451054772087257,-1.2012196164312
4080,-0.9675049274540398,-0.13076730225465047
4081,1.2222868834471892,0.10760526668628034
4082,0.8374885437903193,0.22703181730842653
4083,-0.49262426484828453,-1.2004655137571123
4084,-1.1345284931132675,-0.9622594659114055
4085,-0.519363158208254,1.8364843702528717
4086,-0.05211585207724566,-0.725445058647217
4087,0.0383059201360323,1.0632412857056095
4088,0.10765738910599122,1.7766985393217363
4089,-0.46138855456304895,1.8363987308324705
4090,-0.2782142196759776,0.8255657264918325
4091,0.18294709421577654,-0.903644040392419
4092,-0.5824007999942779,0.6433012511503666
4093,0.7315849796051194,0.04857591730202145
4094,-0.4443133353030549,0.6433012511503666
4095,1.3568948160128023,-1.2012196164312
4096,-0.9526449866919392,1.301340284275815
4097,-1.0687104146073187,-0.6660755304541427
4098,-0.8294454549255382,1.5984733899758565
4099,-0.5931923102201001,-1.4978484010999902
4100,0.2098383499804315,0.10776703003592686
4101,-0.31310910799188274,-1.0225948164567815
4102,-0.16331135234146624,0.8808697610886421
4103,-0.30822110945086556,-0.19030097267016022
4104,-1.2025448422207723,2.0741599294666497
4105,0.5089034275142548,0.10846641863586955
4106,-0.7283583143842707,1.5385805097692196
4107,-0.5868132861002066,1.7766985393217363
4108,-0.7483068051316956,-0.7838035659050006
4109,1.1058752739751168,-0.903315755947548
4110,-0.23714369333387553,-0.6061255573005724
4111,0.11798720581249884,-0.19030097267016022
4112,-0.9616620063999352,1.0037623293642448
4113,0.7829332359711972,-0.6654974643664356
4114,-1.0533345676563295,-1.2601633263950576
4115,0.2577981373325372,-1.4978484010999902
4116,-0.9051100424170849,1.0003819511311896
4117,1.6021603741209782,1.7770268237666074
4118,1.0775723628144913,1.36081686174439
4119,-0.25824730370752114,-1.9736222452221364
4120,-0.9594881846493633,-0.13035099951658985
4121,-0.35175211146305274,-0.6659113882317073
4122,-0.48630689435261265,-0.3680075277480557
4123,-0.8042479021711089,0.7652279970736674
4124,0.5524776579296319,1.8963772504595082
4125,0.3509681021289343,1.3607098124688892
4126,-0.6985417004496529,-0.725445058647217
4127,0.6931931969360937,0.7652279970736674
4128,-0.9620939361006602,0.3457232962387964
4129,0.6577558275932734,0.10776703003592686
4130,0.25856668164826496,1.8369197039732437
4131,-0.1147612492539975,0.04824763285715042
4132,-0.050017857197842824,-1.1413267362245632
4133,0.2230449814861069,-0.24933032205441913
4134,-0.18976713509365942,-0.7250168615452114
4135,-1.2481157287998776,-1.4978484010999902
4136,0.644414195910423,2.1938671870778874
4137,0.26089640911525935,-1.4983693742407638
4138,0.5525570281125377,-0.07087442204801404
4139,-0.006122248407931293,-0.1901368304477247
4140,0.7683053821278618,1.062805951985237
4141,-1.0021811934357798,-0.42754119816356545
4142,-1.0944486767327952,1.063326925126011
4143,1.0315908064050825,1.0632412857056095
4144,-0.39250338541766255,-0.6061255573005724
4145,0.29785598518024076,-0.6060185080250708
4146,0.697965683514489,-0.6659113882317073
4147,0.7115684572723467,0.2267035328635555
4148,-0.2699926734529098,-0.9634013248500872
4149,-0.2297339198297253,0.10718896394821907
4150,0.19033915116124236,1.8365914195283726
4151,0.7595803313069843,-0.13005126154518615
4152,-1.2331012996460495,-0.24933032205441913
4153,1.4601547153111203,-0.6655521784405806
4154,0.6906494534401921,-0.42754119816356545
4155,0.7695813286843102,0.8808697610886421
4156,-0.863708216427585,-0.13005126154518615
4157,-0.6081043376647328,-0.843694067238848
4158,0.8354805490290331,-1.2601633263950576
4159,-0.5544979287287455,-0.6658257488113066
4160,-0.3559558965076796,-0.19030097267016022
4161,-0.9413988695702761,-0.18899259263625479
4162,0.6251803911403256,-0.6057378010359784
4163,-0.23544077771313413,0.9404343568504082
4164,-0.6281477891667058,-0.12996324325199587
4165,-0.5097855865834846,1.5390158434895922
4166,-0.9254918801899293,-0.42795512202883773
4167,-0.8667395196184805,-0.6660755304541427
4168,-0.5584139968603382,-1.2601633263950576
4169,0.406245536880031,0.4051808427250609
4170,-0.9297495235729566,1.4791229632829557
4171,1.5578477175396366,-0.1894374418477827
4172,0.6834055069253279,-0.3681692910977022
4173,-0.801694237402344,-0.664798075766493
4174,1.9739689329504695,-0.9627019362501446
4175,0.533210191698034,0.7652279970736674
4176,-0.8228371785362689,-0.843694067238848
4177,-1.027478667581189,-0.7838035659050006
4178,-0.14159722935555732,1.36081686174439
4179,-0.5393573576770844,1.3612307856096624
4180,2.1157928198682256,0.6425852104409016
4181,0.7382857364307212,-0.42786948260843644
4182,0.9100821429995176,0.4052878920005625
4183,1.0739953896161174,-1.0817074263886521
4184,0.22869514638172556,2.3717378843782186
4185,-1.1755253185712427,-0.664798075766493
4186,-0.48833118834788847,-0.368364358666394
4187,-0.3943299626180209,-0.784474408031476
4188,-0.4886419367872123,-0.19030097267016022
4189,-0.5591513600327815,-0.42795512202883773
4190,-0.4213388563323401,-0.7245839066976285
4191,0.37541837043805704,-0.6060185080250708
4192,0.13967050198629713,-1.4983693742407638
4193,3.9503240464135114,-0.9028875588455424
4194,3.4039312033406506,-1.2007914193291942
4195,-0.023654909213155568,-0.6654974643664356
4196,-0.34780698817521766,0.10776703003592686
4197,-0.5006112438343714,-0.19030097267016022
4198,0.434086754521342,-0.6659113882317073
4199,-0.4839775212167919,0.6433012511503666
4200,-0.5496180798047231,0.16713893710179012
4201,-1.0198453111064423,-1.2004655137571123
4202,-0.865720108831782,1.0632412857056095
4203,2.2051296300276726,-0.6647671504202373
4204,-0.4752577853635196,-0.1304080924635238
4205,-0.9921235030706641,-1.6760450039724033
4206,-1.1174422895868892,0.10718896394821907
4207,-0.6498137231129932,-0.8434228757409116
4208,-0.06818937710922537,-0.7251048798384017
4209,3.78045768174779,-0.8437511601857826
4210,0.9502909359272123,-0.9028875588455424
4211,-1.1585613592997865,-0.6059328686046696
4212,-0.8103682645342106,1.8369197039732437
4213,-0.7576611481170419,1.063326925126011
4214,0.5859304183686294,-0.07048666578342007
4215,-0.918620690069784,-2.033514887541494
4216,0.6418066728032579,-0.903644040392419
4217,0.36822863659276667,-0.6060185080250708
4218,-0.27401291494956653,-0.13076730225465047
4219,-0.9326858660093039,-1.0225948164567815
4220,-0.7441894768934484,-0.8437511601857826
4221,0.005308829586396713,0.9407626412952793
4222,-1.1073509377602733,-1.4983693742407638
4223,-0.4934629667364026,1.063134236430108
4224,1.2024521330065179,-0.13005126154518615
4225,-0.7595731191302588,-0.3085499812617912
4226,-0.16567544993230837,-1.4384764940341275
4227,1.7135985912391747,-0.42786948260843644
4228,0.3824918836583778,-0.6059328686046696
4229,0.3289556322947804,-1.1999421617435497
4230,1.857662205505809,0.34539501179392607
4231,1.108026064199399,-0.13024395024108829
4232,2.0848972675097297,-0.9634013248500872
4233,-0.8961043613066468,2.1938671870778874
4234,-0.2532611554313925,-0.4275269249268321
4235,-1.2632364573058124,-0.843694067238848
4236,-0.833472428714495,-0.6060185080250708
4237,2.8523438652615343,-0.7251048798384017
4238,-0.5317449067415853,-0.9035108235162398
4239,-0.37828053210585183,0.4051808427250609
4240,-0.3170854124230022,0.10760526668628034
4241,4.003519785519194,-1.4380340236953881
4242,1.9210633910760357,1.301340284275815
4243,-0.7883915821485994,-0.3085499812617912
4244,-0.5181825267375277,0.5276594871353919
4245,0.5143983953557985,0.5279877715802622
4246,0.4833518979173116,1.1784453371274233
4247,0.848576629208518,0.23008391109661067
4248,-0.2132731108249053,-0.6658257488113066
4249,0.344337148544549,-0.06973018423654344
4250,-0.9373555965473296,-0.4275269249268321
4251,3.2601542429935306,0.16733162579769226
4252,-0.7137878621910727,-0.9623451053318068
4253,0.37104273477419164,1.7766985393217363
4254,-0.4275683526969376,-0.4271986404819611
4255,-1.089646780666984,0.7026707793434408
4256,-1.120861939744146,-0.12996324325199587
4257,-1.0670684439484517,0.6429134948857727
4258,-0.6825376243277158,-0.3672201208549234
4259,0.4726822776152379,-0.13035099951658985
4260,-0.8275487201527898,0.9407626412952793
4261,-1.0638535972095862,1.063326925126011
4262,-0.2034354601186494,1.3009239815377538
4263,-0.9651170896745608,-0.30844293198629025
4264,-0.17559636846438073,-0.784474408031476
4265,-0.8643693983976858,0.4051808427250609
4266,1.6753449977278874,-0.3679195094548654
4267,-0.25879935167612594,1.1784453371274233
4268,0.5577288459236784,-0.6048766490863892
4269,0.14493373724024897,0.7657489702144413
4270,-0.3182150202047176,0.34539501179392607
4271,0.7196918537603031,1.0033484054989732
4272,0.4834245358079176,-1.5577412813066271
4273,2.5535647329848774,-0.8437511601857826
4274,1.5863735030085118,-1.2601633263950576
4275,1.151416751066806,-1.0817074263886521
4276,-0.8211870582604069,-1.2002704461884208
4277,-0.6176819092895022,2.312173288616453
4278,-0.5020501827307158,-0.13076730225465047
4279,2.5937990377570777,-1.1405726335504756
4280,1.2524305450551203,-0.010536692629849706
4281,0.4452609424147467,0.04857591730202145
4282,-0.2850432443864541,-0.1901368304477247
4283,0.7958234497387698,-1.73593788417904
4284,-0.452573149292881,-0.725445058647217
4285,-0.5723459442785516,-1.2598350419501865
4286,-0.1325685167188295,-0.843694067238848
4287,0.5048580285042662,0.4053449849474964
4288,-1.0603117027974074,1.1230247377639562
4289,0.5940733030711386,-0.3683358121929267
4290,-1.0383449416846595,0.16722457652219136
4291,0.177289134034337,0.3450072555293321
4292,-0.5141456316757076,-0.1304080924635238
4293,0.604142686364986,-0.36849757554257323
4294,-0.44892920750268017,-0.9035108235162398
4295,0.7239452451692462,2.311845004171582
4296,-0.7726011677243958,2.3720661688230895
4297,-0.036592957689175885,-0.36849757554257323
4298,-1.377637946029556,0.8805414766437711
4299,-0.4738805000913969,-1.379285381300222
4300,-0.1222790937661222,1.3008954350642872
4301,3.0086393459750296,2.0741599294666497
4302,-0.6007158240310039,0.7024780906475381
4303,-0.06504256195570798,-0.30860469533593676
4304,-0.3778432874375216,1.7766985393217363
4305,0.17490625689128947,-0.9634013248500872
4306,-0.5741218521210726,-0.9623451053318068
4307,-0.19392769173509636,-0.9027805095700407
4308,0.6412475382111792,0.16713893710179012
4309,0.41689673196107335,-1.2598350419501865
4310,-0.906093665755241,1.5389087942140904
4311,-0.8982537342062346,0.5279877715802622
4312,1.46998598805625,-0.6056045841597986
4313,-0.5279652561118621,0.10718896394821907
4314,-0.39937776451837104,-1.4978484010999902
4315,-1.1452512630913945,1.3008954350642872
4316,2.306904173045894,2.312173288616453
4317,-0.860209550418596,-1.2602489658154583
4318,-0.0008692887580161514,0.3450072555293321
4319,-0.577985124907786,-0.6654974643664356
4320,0.7218274077441169,0.16681065265691908
4321,-0.3356505942683516,0.3457232962387964
4322,0.7329881310529213,-0.9634013248500872
4323,-0.6600262562010103,1.7770268237666074
4324,-0.9865902674623621,-0.3680075277480557
4325,-0.10133670407650433,0.10760526668628034
4326,0.11788905607738756,-1.9736222452221364
4327,0.8641041299018456,-0.07059371505892163
4328,-0.9519621905202437,1.0034340449193744
4329,-0.5004099837277171,-0.903315755947548
4330,-0.3316314157652158,1.5389087942140904
4331,-1.0784350336691686,2.0741599294666497
4332,0.3844977524326219,0.22711745672882777
4333,-0.926981488444111,-0.6059328686046696
4334,0.40643297807091167,-1.6760450039724033
4335,0.9741841956312982,-0.9623451053318068
4336,-0.05252049827759657,-0.07042957283648613
4337,-1.2939151589860114,0.16722457652219136
4338,-0.8145773645464428,-0.1901368304477247
4339,-1.293209331288026,1.3009239815377538
4340,0.2834297457747335,-0.07046049818274176
4341,1.5037098118431182,-1.1408985391225575
4342,-0.6099734346059336,2.312173288616453
4343,-0.33505886120829365,-1.2598350419501865
4344,-1.0774733788637811,1.3012522659826247
4345,2.7098389538279513,-0.367648317956929
4346,-0.36527657803152563,-1.4380340236953881
4347,0.7472878742294222,-0.1304080924635238
4348,1.0615693496860754,0.7058584688805932
4349,-1.1164739024892016,1.5384924914760298
4350,-0.9420682011573714,0.7058584688805932
4351,-0.19900065114877827,-0.784474408031476
4352,0.24444197807156573,-0.9626733897766779
4353,0.1600984028117208,-0.7250168615452114
4354,0.5379720483412185,-0.24865710105515473
4355,0.1716396778010656,-0.6061826502475063
4356,-0.6042162616958614,0.4650737229316973
4357,-0.8376375916611901,-0.9634013248500872
4358,1.332997304334632,-0.4266776673411879
4359,2.002461056957844,-0.9023665857047691
4360,-0.772164631718413,-1.2012196164312
4361,0.5297582974039717,-0.367648317956929
4362,-0.430817215228477,1.3008954350642872
4363,-0.887147223567004,-0.665123981338575
4364,1.9222698887224412,-0.3680622418222006
4365,-0.5765720521871207,-1.2598350419501865
4366,-0.7636574945693531,1.063326925126011
4367,0.053283498847796984,-0.6658257488113066
4368,1.44772690372521,-0.13035099951658985
4369,3.253542423292524,-0.36849757554257323
4370,-0.6832905780718014,-1.0817074263886521
4371,-0.2654930218782539,-1.5577412813066271
4372,-0.2885897451038909,-0.9035108235162398
4373,0.24362382739152147,1.5390158434895922
4374,-0.05666085804213334,-0.3085499812617912
4375,-1.1354483368401598,0.04781943575514482
4376,-0.04654647468922769,1.1784453371274233
4377,-1.0457674711110623,-1.5577412813066271
4378,1.2924777629676134,1.062805951985237
4379,-0.2735359851897834,0.8251208772803046
4380,2.1332039450808753,0.23008391109661067
4381,-1.0782245609519983,-0.3679766024018
4382,-0.11670298408580435,1.3009239815377538
4383,-0.9191943522399838,0.6429134948857727
4384,2.0638641690396478,-0.3680075277480557
4385,-0.8081285371853328,1.5385805097692196
4386,1.9750117295946314,-0.842994678638906
4387,-0.31512348071429536,-0.3680622418222006
4388,-0.9491066355914973,-0.19030097267016022
4389,-0.7742551856431684,-1.2601633263950576
4390,-0.4786324354617181,1.7770268237666074
4391,4.288735120467099,0.3450072555293321
4392,0.2775868247206289,0.8854562278256799
4393,0.6709819473135015,1.0034340449193744
4394,1.400966527396036,0.8255657264918325
4395,-0.6200396289192179,-0.4266776673411879
4396,0.3791257375083478,0.2274195735730205
4397,-0.05548235255844936,2.1938671870778874
4398,0.3066107998197082,-0.6660755304541427
4399,0.8126067001116454,0.40561617644543346
4400,0.40230112225454334,2.0741599294666497
4401,0.10848262640950912,-0.725445058647217
4402,6.397717809566015,0.10776703003592686
4403,-0.7795779485343,-1.73593788417904
4404,0.23828830857813738,1.3612307856096624
4405,2.7190409344086115,-1.379285381300222
4406,0.37145659358505845,-1.2598350419501865
4407,3.1968813253081776,-0.6655521784405806
4408,-0.013590486555739708,1.895963326594236
4409,-0.4100282509370658,0.16716986244804574
4410,0.07326387940085362,-0.13035099951658985
4411,-0.04018835610858159,-0.6057378010359784
4412,1.902481555665523,-1.2602489658154583
4413,-0.7253369324662385,1.5389087942140904
4414,0.22899065858058093,-1.1405726335504756
4415,-1.2026344880077153,-0.6655521784405806
4416,-0.2682132222986518,1.5984733899758565
4417,0.25936073780849844,-0.9634013248500872
4418,-0.23895822327432847,0.10718896394821907
4419,0.29006140802146607,2.014267049260012
4420,0.5216993891896263,0.7657489702144413
4421,-1.0012872158845667,-0.4266776673411879
4422,-1.0793913735069507,0.40509520330465965
4423,-0.41010974710701387,-0.01070083485228522
4424,-0.5680294819206921,-0.07046049818274176
4425,-0.2548868268562702,0.16716986244804574
4426,0.7773436617062791,-0.9024522251251704
4427,0.6726037210954684,-0.9622594659114055
4428,-0.4240753559867275,-0.6061255573005724
4429,-0.5351918403992159,-0.903644040392419
4430,0.4278097777794703,-1.2601633263950576
4431,-0.6618730302782689,-1.1405726335504756
4432,0.32023837675972405,0.10814051306378751
4433,-0.8804925297939817,0.16752669336638407
4434,-0.7774172370371545,-0.7251048798384017
4435,1.0395462499167112,-0.1304080924635238
4436,1.1443439465088325,1.7770268237666074
4437,-0.8422580701660733,-0.19030097267016022
4438,2.6426010703090372,-0.6659113882317073
4439,0.18301831478168776,-0.07007036304535946
4440,-1.0366593882914288,-1.141600306595289
4441,-0.0511478193107318,1.063326925126011
4442,0.29492531204267264,1.5983853716826664
4443,-0.3641767340684,-0.9024522251251704
4444,-0.16832124080623184,-0.903644040392419
4445,0.11676299160740916,1.0033484054989732
4446,-0.9545151466266613,-0.07059371505892163
4447,0.11966673557577699,-1.2004655137571123
4448,0.11772570940631767,-1.2003584644816108
4449,1.8612040999179875,0.22711745672882777
4450,1.2527735376312494,-0.13024395024108829
4451,-0.5119190145802562,-0.6660755304541427
4452,0.19347427338602827,1.3008954350642872
4453,-0.08161108763732898,0.2267035328635555
4454,0.7149937767283825,-1.1412720221504182
4455,-0.41222156090219053,1.3611451461892612
4456,-0.5820280435995587,-0.42795512202883773
4457,-0.847574809427252,1.1784453371274233
4458,0.1613332469520212,0.3450072555293321
4459,0.30295906274368606,1.7766985393217363
4460,-0.4067850577043053,-0.367308139148113
4461,-0.6322675977231687,-0.6658257488113066
4462,3.390647327639112,-1.1413267362245632
4463,-0.7228977166665749,-0.13076730225465047
4464,0.1694385725501196,-1.0225948164567815
4465,-0.013445210774527941,-0.843694067238848
4466,-0.7297444579357357,-0.1901368304477247
4467,1.0831945355473886,2.311845004171582
4468,-0.5010825042953757,2.3720661688230895
4469,0.3479743580424496,0.04857591730202145
4470,2.2606214351388507,-0.725445058647217
4471,-0.19881817059432946,-0.6647671504202373
4472,-0.4803934613949443,-0.1901368304477247
4473,-0.4379863978656933,-0.42786948260843644
4474,-0.6922516134543548,-0.8441389164503765
4475,-1.2622241331425876,0.8805414766437711
4476,-0.48968402476902684,-0.7250168615452114
4477,-0.03906051998273465,-0.6647671504202373
4478,-0.096856895047575,-1.4983693742407638
4479,1.2745411646243852,0.5829635217322016
4480,-0.564579713613672,1.301340284275815
4481,-0.8607070313864531,2.0741599294666497
4482,-0.6593852711078099,1.6587231011008314
4483,-0.9281181828493,-1.2598350419501865
4484,1.0802475631758308,0.4649880835112967
4485,-0.7069949792603123,1.8364843702528717
4486,-0.9645824039334665,1.4791229632829557
4487,-0.4576407937389577,-0.13005126154518615
4488,-0.5954238879519832,-0.6652119996317652
4489,-1.377320465297932,-0.13076730225465047
4490,-0.1294624496502862,-1.0817074263886521
4491,-0.8214230428220827,-0.4271130010615598
4492,-0.7301728443247237,0.22703181730842653
4493,-0.9737174159223004,-0.9622594659114055
4494,-0.079337698826951,-0.24933032205441913
4495,-0.2087330654964492,0.5829635217322016
4496,0.9884134269042354,-0.48689883199269535
4497,-0.21284543309826467,-1.4384764940341275
4498,-1.3216288174047948,0.10771231596178192
4499,-0.4035606440237503,-0.9040317966570129
4500,-1.0452253444153206,-0.13035099951658985
4501,-0.5265752149174866,-1.1999421617435497
4502,-0.27155810857826057,0.10846641863586955
4503,-0.21688480847830058,-0.843694067238848
4504,-0.467342026943344,-0.9040317966570129
4505,-0.9026024407008993,-1.0817074263886521
4506,-1.0907005615775303,-1.735609599734169
4507,-1.0739481380167655,1.8363987308324705
4508,-0.627620544380259,-0.13035099951658985
4509,1.1176217067140264,1.2383382173340598
4510,-0.27099507634327136,-0.42786948260843644
4511,-0.7009915461845273,-0.3680622418222006
4512,0.6913981552101937,-0.9622594659114055
4513,-0.3745444642104923,-0.42795512202883773
4514,0.34350730493577303,-0.1303795459900565
4515,-0.2408248398973135,-0.3680622418222006
4516,-0.2267855301334728,0.22703181730842653
4517,1.005119433081247,1.8360704463875994
4518,0.39800733709179986,1.36081686174439
4519,-0.3005108631114286,0.16749814689291675
4520,1.1070934645502541,-0.6659113882317073
4521,-0.5724370073901892,-0.9028875588455424
4522,-0.7788210971473037,-1.141600306595289
4523,-0.4667421442662913,-0.7246909559731294
4524,0.7021138385648469,-0.7838035659050006
4525,-0.45234389702350525,-0.9627019362501446
4526,1.4091568924758198,-1.141600306595289
4527,-0.6482146265261421,-1.4983693742407638
4528,1.2423019884552668,-1.081379141943781
4529,-0.4894831189935462,1.0636552095708818
4530,0.8147847738363015,-1.6757167195275322
4531,0.04525931508847302,-1.5577412813066271
4532,-0.798838328142424,-0.42795512202883773
4533,-0.8432108666921186,2.133974306871251
4534,0.899263703604495,-1.4983693742407638
4535,0.05003251032921544,-0.6654974643664356
4536,0.14313231755322253,2.014267049260012
4537,0.00017386221731952473,1.3012522659826247
4538,0.23703964552206291,-1.1405726335504756
4539,-0.7874278013561697,-0.9040317966570129
4540,-0.05748184337156689,-1.4978484010999902
4541,-0.14971779119412432,-0.9028875588455424
4542,-0.12010987832080813,2.0741599294666497
4543,-0.3328566929638268,0.16681065265691908
4544,-0.9292772001184313,-0.1901368304477247
4545,-0.449467790886685,-0.13024395024108829
4546,4.302486713317906,1.36081686174439
4547,-0.2529266668034317,1.6587231011008314
4548,0.33699859560631,-1.2012196164312
4549,-0.758890677289737,-0.9634013248500872
4550,1.9620456889558897,0.10760526668628034
4551,-1.0504857450198832,-1.6757167195275322
4552,-0.34522214226316833,0.04857591730202145
4553,-1.2458051352162625,0.3450072555293321
4554,0.4488772463733998,-1.5577412813066271
4555,-0.7750435725046227,0.7058584688805932
4556,0.3809707399297379,-0.9623451053318068
4557,-0.7052091501449279,-1.379285381300222
4558,-1.2727598162610074,-0.725445058647217
4559,-0.09005727982451472,-1.5577412813066271
4560,-0.4245324432007843,-0.07046049818274176
4561,-1.1172693759741297,0.346151493340802
4562,-0.8082695609924604,-0.6655521784405806
4563,0.3437202579711592,0.6425852104409016
4564,-0.6464497029500054,-0.6655521784405806
4565,1.1200754500918113,-1.73593788417904
4566,-0.72247251925815,-0.3683358121929267
4567,0.29218881238828504,0.10727698224140932
4568,0.6460086861920161,0.4053449849474964
4569,-0.35413817758666344,-0.19030097267016022
4570,0.6291063805447817,0.10718896394821907
4571,-0.9639098833658079,-0.3085499812617912
4572,0.30822088067294334,1.7766985393217363
4573,-0.24988898565140982,-1.2601633263950576
4574,-0.4354724181883816,1.7770268237666074
4575,0.05985527912617653,-1.735609599734169
4576,-0.8029917981603871,-0.07007036304535946
4577,-1.0719412062490001,-0.42786948260843644
4578,-1.2384042199914547,-0.725445058647217
4579,-0.34609982058039196,-1.1412720221504182
4580,-0.6451861579846362,-0.9040317966570129
4581,-0.9469267902109726,-0.6655521784405806
4582,-0.2770215409453459,-0.6056045841597986
4583,-1.1795423710873363,-0.903315755947548
4584,-0.4384842331647242,-0.545844920829342
4585,-0.8227794225549578,-1.141600306595289
4586,-0.2535527699873372,-1.4983693742407638
4587,-0.5564595061062787,1.5988302208941942
4588,-0.07073808124155857,-0.01070083485228522
4589,-0.6199687626844804,0.16716986244804574
4590,1.2533057430541281,-0.9027805095700407
4591,0.7954971107278036,0.8805414766437711
4592,-0.4544730730461926,-1.2598350419501865
4593,-0.8720155107946853,-0.9028875588455424
4594,0.41248034821223384,1.8364843702528717
4595,-1.0040332824806437,0.23008391109661067
4596,-0.3180708074170268,1.063326925126011
4597,0.9845409415070064,0.5875523673420283
4598,-0.4212084624604231,-0.4282572388730304
4599,-0.05833188385724306,-1.2004655137571123
4600,-0.44720786666090695,0.346151493340802
4601,-0.6927767322537596,-0.1306792839614609
4602,-0.8891945490885697,0.3450072555293321
4603,-0.13061508895829116,1.896291611039107
4604,0.6483727837828582,-0.18899259263625479
4605,1.5048716637616393,-0.1306792839614609
4606,-1.0009066642040263,0.4053449849474964
4607,0.06062169745486246,-0.6064538417454434
4608,-0.04294505263986937,0.04857591730202145
4609,-0.6767336797027168,0.7652279970736674
4610,-0.8886924618154546,-0.6064538417454434
4611,3.0194570767077056,-0.1306792839614609
4612,0.6931850473190991,-0.6056045841597986
4613,-0.06328082736013439,-1.1408985391225575
4614,-0.9122933983012487,0.346151493340802
4615,-0.48493598704161617,1.8360704463875994
4616,0.6547705874549574,-1.1405726335504756
4617,-0.7946012359674703,1.2383382173340598
4618,-0.14480250915273318,-1.4983693742407638
4619,0.7966664036009719,0.3450072555293321
4620,-0.8887098240429653,0.9404890709245531
4621,-0.07697891620371398,-0.9627019362501446
4622,0.3770015221220922,-0.6659113882317073
4623,-1.1979874346648056,1.0034340449193744
4624,-0.9312501160935226,0.6429134948857727
4625,1.467942560177595,-0.4271130010615598
4626,3.4778624027305187,-0.1303795459900565
4627,-1.1252563549602166,-1.4380340236953881
4628,0.5284692405940973,-0.9024522251251704
4629,-0.2319141195414236,-0.784474408031476
4630,0.14943976677603135,0.16722457652219136
4631,0.8981805132065328,-1.1412720221504182
4632,-0.8617934107649786,-0.1303795459900565
4633,-1.3253517750467279,-0.24933032205441913
4634,0.1422029068846405,-0.6056045841597986
4635,-0.4918188700904932,0.10776703003592686
4636,0.6347257186282894,-1.2002704461884208
4637,-0.2840504084377821,-0.07042957283648613
4638,1.0043335265380087,1.5384924914760298
4639,0.5362535421488347,-1.1405726335504756
4640,0.9405673798588833,-0.07078640375482378
4641,-0.14166242629151568,-0.5465609615388063
4642,-0.66388244236425,0.5878806517868993
4643,1.8544760595920116,-1.1999421617435497
4644,-0.0778867126707011,-0.4271986404819611
4645,0.4884705660523992,0.16716986244804574
4646,2.4504401881949067,-2.033514887541494
4647,-0.4303686319625888,-0.4282572388730304
4648,0.7087511701103585,-1.0817074263886521
4649,-0.34965057327191296,-1.1405726335504756
4650,0.21963915024462413,2.133974306871251
4651,0.06763639170035095,-2.033514887541494
4652,-0.7542850806941488,-0.9622594659114055
4653,-0.12942028424061733,0.7652279970736674
4654,2.6583971540320195,0.7625636595500773
4655,-0.4788935775367256,2.312173288616453
4656,-0.6211412445382118,1.122698832191874
4657,-0.711151283927665,0.40509520330465965
4658,0.5232524227238982,1.896291611039107
4659,-0.6622224008155245,0.4052878920005625
4660,2.255341900650909,-0.903315755947548
4661,0.04274037477472969,1.24100255485765
4662,0.2687469705994767,0.16716986244804574
4663,-0.707303601712594,-0.9622594659114055
4664,-0.5389009791253752,1.5384924914760298
4665,0.025951809434248612,-2.033514887541494
4666,-0.27718205296702625,-1.2012196164312
4667,-0.7394028170681057,-1.1413267362245632
4668,0.9257503131687989,0.4049001357359685
4669,-0.4773093628591695,0.34539501179392607
4670,0.7083284530201495,0.5276594871353919
4671,-0.8382364113447218,0.3450072555293321
4672,-0.5779195736406537,-0.4266776673411879
4673,-0.6329794490511066,-0.8441389164503765
4674,0.6514274728312169,-0.1894374418477827
4675,0.761489113339638,-0.6654974643664356
4676,-1.1658953059327677,-1.6757167195275322
4677,-0.7572820137611964,-1.4978484010999902
4678,-0.6998817809485385,0.8251208772803046
4679,-1.3557342558657244,0.8854562278256799
4680,-0.6774012396339438,-1.2602489658154583
4681,0.03999111919808931,-1.4983693742407638
4682,0.2527662803350029,-0.3683358121929267
4683,-0.12736480910205686,-0.6647671504202373
4684,2.3101356733499223,-0.48689883199269535
4685,1.957681037558409,-1.0225948164567815
4686,-0.7402354953262711,0.8251208772803046
4687,0.7791620892896427,-0.3680622418222006
4688,-0.5758864213660356,-1.4978484010999902
4689,-0.6314505100366458,0.4051808427250609
4690,-0.27500575089823853,2.3720661688230895
4691,-0.46439292858474396,0.10718896394821907
4692,-0.6917498805124136,-0.1304080924635238
4693,-1.012464947089708,-0.4282572388730304
4694,2.231615885260803,-1.0225948164567815
4695,-0.33636846922624225,-1.081379141943781
4696,-0.4036283212779246,-1.4391758826340697
4697,-0.47127297698423154,1.1784453371274233
4698,1.4750493805282423,1.062805951985237
4699,-1.038310217229638,0.5276594871353919
4700,0.2011306613870646,-0.1304080924635238
4701,1.8469777032944399,-1.0225948164567815
4702,-0.38630790484573896,0.4650737229316973
4703,1.0301695840674223,0.10814051306378751
4704,1.0230996141588384,-0.6654974643664356
4705,-0.8116892111497171,1.301340284275815
4706,-0.4417536469043375,2.312173288616453
4707,-0.7729119161637197,-0.13035099951658985
4708,0.8382507101449209,-1.6760450039724033
4709,-0.4218140144362548,-1.2602489658154583
4710,0.13906459567929152,-1.735609599734169
4711,-0.41162451287452734,0.3450072555293321
4712,-0.5833511162021073,-0.8437511601857826
4713,-0.9339363007212466,1.5987992955479386
4714,-1.1284754536731663,-1.2602489658154583
4715,-1.0908288294624051,1.5988302208941942
4716,-0.39676350911890573,0.10727698224140932
4717,-0.9161162773341617,-0.367648317956929
4718,-0.3457504500431362,1.5384924914760298
4719,0.4415918431112139,-0.13035099951658985
4720,-0.4532176776978183,-1.9736222452221364
4721,0.08928390042560673,-0.13005126154518615
4722,-0.9736571796227734,-1.4978484010999902
4723,-0.9477460038845378,-0.13024395024108829
4724,-0.9583709784587271,-0.48689883199269535
4725,-1.0922036344163122,1.0033484054989732
4726,-0.9807983700972686,1.8365914195283726
4727,-1.2340122850935995,-0.3680622418222006
4728,-0.14868208117343604,-1.2003584644816108
4729,0.5757650113267124,0.4053449849474964
4730,-0.9430961158922384,2.074604778678177
4731,-0.29654731460256173,0.04824763285715042
4732,-0.30236330648746607,2.3717378843782186
4733,0.3896444127304309,-2.033514887541494
4734,-1.0472719612745387,-1.1408985391225575
4735,-0.8866376953392416,0.4049001357359685
4736,-0.8934156963607073,-0.24865710105515473
4737,-1.3160849518612823,0.10814051306378751
4738,-1.0874052816622377,1.063134236430108
4739,-0.9473055702356444,-0.7245839066976285
4740,0.25181844444538926,-0.6654974643664356
4741,0.7100692820764753,-0.545844920829342
4742,-0.44417798079470633,-0.3085499812617912
4743,-0.31488891347731435,0.23008391109661067
4744,-0.37020178134577997,-0.48689883199269535
4745,-0.2100660593718609,-0.6659113882317073
4746,-0.7540884268927521,-0.9627019362501446
4747,-0.7657756863256561,-0.7246909559731294
4748,-1.2016699985529384,-1.2601633263950576
4749,2.3672574018600625,0.16752669336638407
4750,-0.786388193692571,-0.07015838133854904
4751,0.6350541836262977,1.5390158434895922
4752,0.4330581311241274,1.0037623293642448
4753,1.085240798075433,-0.6059328686046696
4754,0.01260734310200911,-0.3679766024018
4755,-0.517782132511261,-0.9024522251251704
4756,1.3004076946347367,-0.5465609615388063
4757,0.6169436086767892,-0.3681692910977022
4758,-0.4821764558609391,-1.2012196164312
4759,-0.8342640045565127,-0.4282572388730304
4760,0.16012497764974734,0.3450072555293321
4761,-0.21522866457248593,-0.6654974643664356
4762,-0.36803079424459745,0.10743874559105583
4763,0.007261194353414026,-0.30844293198629025
4764,-0.5431922839699028,-1.5577412813066271
4765,-0.9823482146509771,-0.1306792839614609
4766,0.4831697716940363,0.4646597990664257
4767,0.012032972269461668,0.16722457652219136
4768,1.650865319931348,-0.8434228757409116
4769,-0.5238100144380303,0.346151493340802
4770,-1.3546716166758361,-0.07042957283648613
4771,-1.0220846841241464,-0.13035099951658985
4772,-0.9393869771660791,1.0034340449193744
4773,0.16861156359073343,0.7652279970736674
4774,-0.9370912654917588,0.703194131357003
4775,0.015001913173788106,1.3012522659826247
4776,0.5521778937566921,1.122698832191874
4777,-0.5686934985401821,-1.0225948164567815
4778,-0.6348825617849814,-0.784474408031476
4779,0.9701632454722942,-0.8434228757409116
4780,-1.187442184604696,0.2899744124304588
4781,-0.593703610103731,-0.368364358666394
4782,-0.5602395110671754,-0.6056045841597986
4783,-0.2909952994420544,-1.141600306595289
4784,0.016597466448902254,0.7026707793434408
4785,-0.08318573537319571,-0.842994678638906
4786,-0.4411077011747053,-0.9023665857047691
4787,-1.3356146231614086,-0.9623451053318068
4788,-0.8019323479510619,-0.6064538417454434
4789,-1.120685128488476,1.5389087942140904
4790,-0.8361674716215611,-0.1901368304477247
4791,-0.4852818142671351,-0.3680075277480557
4792,-0.8299255736658846,-0.12996324325199587
4793,-0.8465033119580215,-1.735609599734169
4794,0.6263241721689886,-0.368364358666394
4795,0.3802177861856523,0.04781943575514482
4796,-0.32579062069815334,-0.36849757554257323
4797,-0.37431450327876914,0.16708184415485616
4798,-0.31911927335996776,-1.2602489658154583
4799,-0.7111434886418438,-2.033514887541494
4800,-0.04496048835580299,-0.13005126154518615
4801,0.7643149044497947,-0.3082764108910658
4802,-0.8948142415032513,-0.6064538417454434
4803,-0.49009859224224106,1.3611451461892612
4804,-0.4280537864048892,-0.4282572388730304
4805,0.1101568412051819,0.8808697610886421
4806,-0.19136658601168413,-1.6757167195275322
4807,2.8804671305171006,-0.6064538417454434
4808,-1.0987236823433333,1.0632412857056095
4809,-0.8325979393778347,-0.843694067238848
4810,0.16115572703400377,-1.2012196164312
4811,-0.5678126312423954,-0.42795512202883773
4812,-1.21181379139326,0.5276594871353919
4813,-0.4147624697487027,-0.368364358666394
4814,0.16912357213671156,-0.42700595178605827
4815,-0.5335651059808172,2.133974306871251
4816,-0.10400517214554403,1.8363987308324705
4817,-0.040791427766197624,0.6428564019388386
4818,-0.9170527746262174,0.4649880835112967
4819,-0.6272934967069455,-0.6655521784405806
4820,0.5392416169365403,-1.2012196164312
4821,-0.3551221552559933,0.22711745672882777
4822,-0.4045067082574956,-0.903644040392419
4823,-1.2103493406524102,-0.725445058647217
4824,-0.8173138642008303,-0.13076730225465047
4825,4.536168122364721,0.16752669336638407
4826,-0.01890687148574492,-0.48689883199269535
4827,-0.6566253855959591,0.10846641863586955
4828,-0.6303244455666672,-1.5577412813066271
4829,3.2713298482116295,1.8963772504595082
4830,2.6138931586168868,1.3607098124688892
4831,0.07627675737071747,-0.545844920829342
4832,1.5121180905947194,-0.6061255573005724
4833,-0.04182572046219086,-0.6659113882317073
4834,0.45470705717407794,-0.4275269249268321
4835,-0.059103262822360336,2.134497658884813
4836,0.42524016810788945,0.6428564019388386
4837,-0.9685466611046808,1.0034340449193744
4838,-0.895522903850626,0.6433012511503666
4839,-0.5429077560374318,-0.8441389164503765
4840,-1.3356057648820665,0.3450072555293321
4841,-0.39648677647225583,0.16716986244804574
4842,-0.5183717395842767,-1.2007914193291942
4843,1.0677357751017564,0.5246073933472071
4844,0.5318577096080694,1.3611451461892612
4845,3.1876261950514633,-1.5577412813066271
4846,0.5305009755440204,-0.12962306444318053
4847,-0.003960119586090866,-0.6655521784405806
4848,-0.06254665316825413,-0.6647671504202373
4849,-0.02847275018178267,1.063134236430108
4850,-0.4981323429432546,-0.5465609615388063
4851,-0.6789138794144152,1.5384924914760298
4852,-0.9476482084806,-0.6659113882317073
4853,-0.4815336991118701,-0.42700595178605827
4854,-0.6747448188248096,0.16749814689291675
4855,-0.9697382768417913,-1.2007914193291942
4856,-1.00493044901242,1.8369197039732437
4857,2.256567886511867,-1.2007914193291942
4858,1.3950725826529207,-1.1412720221504182
4859,2.3161805631730292,-0.367648317956929
4860,0.8824095869968819,-0.4865705475478243
4861,-0.954626406615199,-1.73593788417904
4862,-0.7887919763748661,-1.9736222452221364
4863,0.11122302370680706,0.10743874559105583
4864,-0.8762476423332072,-0.843694067238848
4865,0.4963480567058166,1.3008954350642872
4866,-0.7189993650936665,1.063134236430108
4867,-0.7565159497636843,0.16722457652219136
4868,-0.7275242188014107,2.3717378843782186
4869,-1.1492474100682404,1.0034340449193744
4870,-1.1180372116275101,-0.903644040392419
4871,-0.7536295680228271,1.3612307856096624
4872,0.37792526349189515,0.10743874559105583
4873,-1.388308629325151,-0.4271986404819611
4874,-1.0160482982492085,-1.1412720221504182
4875,-0.04049662422968975,0.2267035328635555
4876,-0.22639434851772192,0.5829635217322016
4877,0.60937438614448,0.6425852104409016
4878,1.9782953165811923,0.3457232962387964
4879,-0.12857945636545737,0.4649880835112967
4880,0.40043556862507934,0.16681065265691908
4881,0.38160853604237516,0.8808697610886421
4882,0.457803202969758,0.346151493340802
4883,-0.7506436192221637,-1.1999421617435497
4884,-0.4228876378925275,2.3717378843782186
4885,-0.9067176429521043,-0.6654974643664356
4886,-0.6756200168238174,0.7058584688805932
4887,0.9576014967027296,-0.42795512202883773
4888,1.4412943755980894,-1.5577412813066271
4889,-0.4112680557137978,0.2899744124304588
4890,-0.46705360136796237,-0.13035099951658985
4891,0.7206435872928273,-0.30802900812101797
4892,1.5786568787079485,-1.2004655137571123
4893,-0.6211975831948282,-0.725445058647217
4894,-0.9035414183111709,-2.033514887541494
4895,-1.2691396146594438,1.063326925126011
4896,-0.7373232474097347,-0.3082764108910658
4897,2.4817559773253963,0.5279877715802622
4898,-0.20922948347078504,1.0033484054989732
4899,-0.7986193514770852,0.5878806517868993
4900,-0.8523132802129733,0.7657489702144413
4901,-0.9800443533596619,1.8369197039732437
4902,-0.4794073577385723,1.1230247377639562
4903,-0.34773683060282756,1.36081686174439
4904,0.04763652293274166,-0.13005126154518615
4905,-0.4283259127462811,0.8255657264918325
4906,-0.4405241177316423,-0.7245839066976285
4907,-0.9278857415993612,0.16749814689291675
4908,0.5477987147810901,-0.6660755304541427
4909,-0.603682993279462,2.014267049260012
4910,-0.7881942196848555,-1.9736222452221364
4911,-0.2961001486613682,0.4051808427250609
4912,-0.12155625817180019,-1.5577412813066271
4913,-0.194463086138538,-0.1901368304477247
4914,0.3713471052523892,-0.9028875588455424
4915,-0.9016882662727861,1.7770268237666074
4916,-0.7810990922629398,-1.379285381300222
4917,0.362576345710106,-0.6061826502475063
4918,-1.1980643245294957,-0.6654974643664356
4919,1.0584671802604424,-0.367308139148113
4920,-1.1240229281446108,-0.13024395024108829
4921,1.1475917460468512,1.24100255485765
4922,-0.4856659092594122,0.8251208772803046
4923,-0.8697212164450597,-0.665123981338575
4924,0.5083641354679025,-0.9634013248500872
4925,-0.29863786852731716,-0.3679195094548654
4926,-0.2412539349486489,-0.4271130010615598
4927,-0.05322774330027651,0.5829635217322016
4928,2.074650009966691,-1.4978484010999902
4929,-0.6417222164306686,-1.73593788417904
4930,-0.8411876356903637,0.3450072555293321
4931,0.9526298760047224,-1.2012196164312
4932,0.4262865080637884,0.5878806517868993
4933,0.8884232956767039,0.7024780906475381
4934,-0.5274468696047574,0.10846641863586955
4935,0.41266318309785666,-0.7251048798384017
4936,2.8714671187054415,0.10727698224140932
4937,-0.6012735412983878,-0.13035099951658985
4938,1.8006255164773537,-0.903644040392419
4939,-1.0156999907054738,1.3012522659826247
4940,-0.40120682203694513,-1.1405726335504756
4941,1.1453304044963781,-1.2004655137571123
4942,-0.124507482517442,-0.3679766024018
4943,-0.4884165821607471,0.3450072555293321
4944,1.6149885799331554,-0.6064538417454434
4945,0.6061535157756618,-0.42786948260843644
4946,0.34325324948423924,0.16765991024256327
4947,-0.10481127556568277,-0.9040317966570129
4948,1.2643158756141153,1.4791229632829557
4949,-0.891528882860822,-0.1894374418477827
4950,-0.2643754613564441,-0.1901368304477247
4951,0.4661785289222063,-0.784474408031476
4952,-0.05171793816919464,0.7058584688805932
4953,-0.3524717580768117,-0.07046049818274176
4954,-0.11731137071102549,1.3012522659826247
4955,-0.665488271243401,-0.6048766490863892
4956,-0.2536558803588802,-1.5577412813066271
4957,-1.154791275611753,1.2383382173340598
4958,-0.5049351471468784,0.10814051306378751
4959,-1.0314677279345612,-0.6060185080250708
4960,0.3279649223331506,2.3717378843782186
4961,-0.427136068665039,0.7058584688805932
4962,0.00888580278477053,-0.4271986404819611
4963,-1.0149105408504984,1.062805951985237
4964,0.37001411137697726,2.3720661688230895
4965,1.270721120240862,-0.30811464754141926
4966,0.13116549082427914,-0.665123981338575
4967,-0.8506351677743899,-1.1408985391225575
4968,-0.5436621271062122,-1.2012196164312
4969,-0.6072720137377411,0.9404343568504082
4970,0.3628743382271769,-0.9634013248500872
4971,-0.47614821960299597,0.6428564019388386
4972,-0.3561270384645705,0.23008391109661067
4973,0.32426676787337577,-1.73593788417904
4974,-1.129211399520915,-1.1412720221504182
4975,0.7055504966184405,-0.07059371505892163
4976,-0.8783002828223779,-1.4978484010999902
4977,-0.18390543448734936,-0.6064538417454434
4978,-0.28976399861349084,-0.6658257488113066
4979,-0.2943752645078582,0.3450072555293321
4980,1.074597752611386,0.5279877715802622
4981,0.9937854418285095,-1.1405726335504756
4982,-0.9697807965826337,2.014267049260012
4983,0.10379978561805682,1.1784453371274233
4984,0.04425053423698506,0.22711745672882777
4985,-0.41133679596149325,-0.9626733897766779
4986,-0.31151355471676845,-0.24933032205441913
4987,0.44166306367712516,-0.13024395024108829
4988,-0.606396107076386,-0.42786948260843644
4989,-0.7816149984518286,1.3008954350642872
4990,1.569612929830752,0.5276594871353919
4991,1.6306032460952102,0.4060443735474391
4992,2.108886905293059,0.6425852104409016
4993,-0.936421225242316,0.34539501179392607
4994,-0.6337600406267399,-1.4380340236953881
4995,-0.3961618547859846,-1.0817074263886521
4996,-0.059062869068559995,-0.42754119816356545
4997,2.0583461696718146,1.5384924914760298
4998,1.3636749430213098,-1.4391758826340697
4999,0.5000352268992074,-0.784474408031476
5000,-1.1452204362792837,1.063326925126011
5001,0.3198415258451943,-0.13035099951658985
5002,0.056422873046667224,0.23008391109661067
5003,-0.9098020958190529,1.5384924914760298
5004,-0.2440442929414369,0.5829635217322016
5005,2.324401046402576,0.7028063750924091
5006,-0.5141711435202131,0.22711745672882777
5007,-0.20745003231652706,-0.24933032205441913
5008,-1.1820832799338483,0.46523786515413285
5009,0.19360324993325043,0.40561617644543346
5010,-0.8234852502529432,-1.2598350419501865
5011,-1.0097876207413263,0.6429134948857727
5012,0.2945305871151849,-0.6057378010359784
5013,1.3986474298642524,-0.6061255573005724
5014,0.20362160953808683,1.4791229632829557
5015,0.4042403767681344,0.3450072555293321
5016,-0.6855575889210531,0.2274195735730205
5017,-0.4848573255210577,0.7058584688805932
5018,-0.8306466376043383,-0.903644040392419
5019,-0.7324572174014861,0.7058584688805932
5020,-0.9340833481583268,-0.06973018423654344
5021,-0.4767686534881225,1.3008954350642872
5022,0.22011820599144935,-0.725445058647217
5023,-0.0595851532185751,1.24100255485765
5024,-0.6544483748648239,0.346151493340802
5025,1.3555083181301635,0.9404890709245531
5026,-0.4402413614550398,-0.8434228757409116
5027,0.4332788794453347,0.4060443735474391
5028,0.5907482593372563,0.10760526668628034
5029,0.8300794789485166,1.1230247377639562
5030,-1.2123746976412073,0.10760526668628034
5031,1.418057691558846,1.4791229632829557
5032,-0.2343487290358297,1.0636552095708818
5033,2.2223217785749836,-1.141600306595289
5034,-0.8426198422944081,-1.4380340236953881
5035,1.070730582181762,-0.6057378010359784
5036,1.5415183654002549,0.7024780906475381
5037,-0.022725852875747264,1.062805951985237
5038,-0.4759505028080784,-1.4978484010999902
5039,-0.9934905127387499,2.311845004171582
5040,-0.5356918016852887,-1.5577412813066271
5041,-1.0951842682493702,1.8369197039732437
5042,0.008216471197675122,-1.2007914193291942
5043,-0.3815637647612389,-1.141600306595289
5044,-0.50133372509752,-1.2012196164312
5045,0.3195793207766656,-1.4983693742407638
5046,0.9130135247994332,-0.42700595178605827
5047,-0.8532366672516024,0.2899744124304588
5048,-0.253759345061597,0.5878806517868993
5049,-0.03515082981226843,-0.48689883199269535
5050,0.6728209261049389,-0.9623451053318068
5051,-0.2782099677018934,-0.5465609615388063
5052,0.34319691082762305,1.0636552095708818
5053,-0.9933126384895588,-0.6647671504202373
5054,0.1262441851529354,0.40509520330465965
5055,0.1846188286932335,1.8360704463875994
5056,-0.6163226949072375,-0.842994678638906
5057,-0.9065000836114603,0.3457232962387964
5058,-0.6582450333908839,-0.903315755947548
5059,2.892032500026256,-0.4282572388730304
5060,-0.916900412221532,0.7657489702144413
5061,-0.8101872013044564,0.10776703003592686
5062,-1.2016792111634542,-1.73593788417904
5063,-0.4266516979506083,1.0632412857056095
5064,-0.4140460121155068,-1.379285381300222
5065,-0.8520524924691393,2.3720661688230895
5066,-1.063659069395232,-1.2004655137571123
5067,1.0745063351685746,-1.6760450039724033
5068,-0.38949157044132,-0.903644040392419
5069,0.2723841800973773,-0.9040317966570129
5070,1.1924819624413028,-0.5462350559667243
5071,-0.3338392533084618,-0.368364358666394
5072,2.5003796238144043,0.04824763285715042
5073,0.01617404069634596,1.5983853716826664
5074,1.6980165235450995,-1.1405726335504756
5075,-1.1916682925132651,-0.9627019362501446
5076,0.013417698496231941,-0.13035099951658985
5077,-0.4437651849773605,-0.07042957283648613
5078,0.09242185729978192,0.10771231596178192
5079,-0.7931824939480262,1.0632412857056095
5080,-1.195107076553901,-0.13076730225465047
5081,-0.5803694193755281,-1.5577412813066271
5082,-0.6340963009105692,-1.6760450039724033
5083,-0.06021054774013334,0.6433012511503666
5084,0.8471469029226895,1.8360704463875994
5085,1.568794779150708,-0.6059328686046696
5086,-0.5334177042125633,0.5276594871353919
5087,-0.3438221797959296,-2.033514887541494
5088,2.214469799766072,0.7657489702144413
5089,0.5415890609622191,-0.9634013248500872
5090,-0.9834179404643392,-1.2601633263950576
5091,-0.8124205506922079,1.5390158434895922
5092,-0.6774274601407967,-0.4282572388730304
5093,0.6843313742821728,0.2267035328635555
5094,-1.0081119886209589,-1.141600306595289
5095,-0.864665973590062,1.0632412857056095
5096,-0.1863138234749024,0.10771231596178192
5097,0.6071520210231128,-1.2004655137571123
5098,-1.2241533745169226,-1.0225948164567815
5099,0.06981978039261257,0.10727698224140932
5100,-0.1472707801086392,-0.07015838133854904
5101,1.4920590485211043,-0.13005126154518615
5102,-0.020370259233073826,0.346151493340802
5103,0.2891688477949478,-0.30860469533593676
5104,-0.5710994072095195,-1.1408985391225575
5105,-0.0650018138707339,1.5384924914760298
5106,0.3059202083621916,0.9404890709245531
5107,2.5608178921102573,0.10718896394821907
5108,-1.0375990745640475,0.16713893710179012
5109,0.6354832786776332,-1.4978484010999902
5110,-0.16364158899534284,2.3717378843782186
5111,-0.8025389629204147,-0.13076730225465047
5112,-1.3422725059149943,-0.725445058647217
5113,-0.5195045363465552,-0.010536692629849706
5114,-1.1848771812383732,1.3008954350642872
5115,0.5551510866351028,1.4791229632829557
5116,-0.2293406122269324,-0.4865705475478243
5117,0.294426059418947,1.24100255485765
5118,-0.29634570016473355,-0.13076730225465047
5119,-0.579529654493889,-0.545844920829342
5120,-0.8708603911684645,-1.2012196164312
5121,0.07507982666600135,-1.1413267362245632
5122,-0.34879415482511067,-0.4282572388730304
5123,-0.651795143036253,-0.6057378010359784
5124,-0.7144274299595783,2.66964174486187
5125,-0.5288170682534066,1.3009239815377538
5126,0.6767497501587844,1.063134236430108
5127,-0.14571030561972004,1.0636552095708818
5128,0.06428512745961608,-0.7245839066976285
5129,3.773349798403621,-0.7251048798384017
5130,0.2679121663542691,-1.4983693742407638
5131,0.7742468072482516,-0.7245839066976285
5132,0.749623979657543,1.5390158434895922
5133,-1.1644595560169864,0.4049001357359685
5134,1.5863331092547115,-0.545844920829342
5135,-1.1999422797500388,-0.9634013248500872
5136,-0.0406486323032014,-0.9627019362501446
5137,-0.543339331406983,-0.3679766024018
5138,-0.25956895898537496,-0.367308139148113
5139,-1.0578696523483542,-0.665123981338575
5140,-1.0626460365696597,1.8365914195283726
5141,-1.1705299576845982,-1.2002704461884208
5142,0.5199305679705791,0.10776703003592686
5143,-1.1026900655015897,2.133974306871251
5144,-0.4725375849431217,1.0632412857056095
5145,0.37875900474358143,1.1230247377639562
5146,0.8058155888367535,-0.6659113882317073
5147,0.5005982591341966,1.3012522659826247
5148,-1.3385839183969086,0.3450072555293321
5149,1.2272106694367488,0.3450072555293321
5150,0.23949445189336918,1.4791229632829557
5151,-0.8190571735753721,0.3450072555293321
5152,1.3998333763025839,-1.0817074263886521
5153,-0.524042810019143,-0.07059371505892163
5154,-0.2764950048212465,0.22711745672882777
5155,-0.8512474520425216,-0.903644040392419
5156,-0.5726977951340231,0.346151493340802
5157,-1.3270181945565795,1.062805951985237
5158,-0.19393584135209127,-1.2003584644816108
5159,0.7023094293727221,0.34539501179392607
5160,-1.1227848950237473,-0.07015838133854904
5161,-1.0054119850774612,-0.6659113882317073
5162,2.1005877605429535,-0.3683358121929267
5163,-1.0116854185075959,-0.784474408031476
5164,1.5139347465222146,-1.081379141943781
5165,1.97110345674886,1.0033484054989732
5166,-0.42307295309636594,0.10718896394821907
5167,-0.1647559605365895,-1.0817074263886521
5168,0.3876810636970291,2.014267049260012
5169,-0.7713319534602476,0.7657489702144413
5170,0.9467136083976644,0.6425852104409016
5171,-0.6494983683684115,1.5389087942140904
5172,0.04672163984228091,0.6428564019388386
5173,0.2762166260719799,0.04781943575514482
5174,0.5585250280709539,0.6429134948857727
5175,-0.2558073792455099,2.6097488646552334
5176,-1.2027227164699634,-0.1304080924635238
5177,-0.8835369432383035,-0.13024395024108829
5178,0.27227008545945014,-0.13024395024108829
5179,-0.8562626554748926,-0.1306792839614609
5180,2.140124032902989,-0.6658257488113066
5181,1.613933027366741,-1.2598350419501865
5182,-0.8057605419515803,0.16713893710179012
5183,-1.0796620825236478,0.6433012511503666
5184,-0.9794760061570673,-0.6061255573005724
5185,0.726205523726198,-0.6655521784405806
5186,0.06767147048654619,-0.7246909559731294
5187,-0.955551210978523,-0.9622594659114055
5188,-0.9421415477103249,-0.8437511601857826
5189,-0.5258768281741488,0.7058584688805932
5190,0.9048507975511974,-0.784474408031476
5191,-0.38948483814901985,0.10776703003592686
5192,5.560185214321198,0.10771231596178192
5193,-0.6006970444787985,-1.379285381300222
5194,-0.7230415751230919,-1.141600306595289
5195,-0.2974501504331171,-1.141600306595289
5196,-1.0696575418345853,-0.9040317966570129
5197,-0.8702031068412744,1.4791229632829557
5198,-1.0344565113846143,-0.368364358666394
5199,-0.011959145832083063,1.5389087942140904
5200,-0.6848262493785625,0.4053449849474964
5201,-1.0838410643861167,0.16681065265691908
5202,-0.9891084991137582,-0.9040317966570129
5203,-0.8573419482299443,-0.9035108235162398
5204,-0.5250880869815207,-0.12996324325199587
5205,-0.8103385007156209,0.7024780906475381
5206,-0.8967258581852945,-0.4865705475478243
5207,-1.2741027314092825,1.3607098124688892
5208,-0.666938903068477,0.04781943575514482
5209,-0.3058513425612444,-0.42795512202883773
5210,4.011063496206998,-0.9040317966570129
5211,2.091857394754471,0.04781943575514482
5212,-0.077640806836162,-0.24933032205441913
5213,0.5369738974249412,1.0037623293642448
5214,-0.5861173796750846,1.3012522659826247
5215,-0.89521002942426,2.311845004171582
5216,-0.28319115534159023,-1.2598350419501865
5217,-0.5776662268514674,-0.6658257488113066
5218,-0.5570228926724415,-0.13024395024108829
5219,-0.7834401583274923,1.4791229632829557
5220,1.8609312649142482,-0.903315755947548
5221,-0.5155027200709301,-0.42795512202883773
5222,0.7736926332926045,-1.2601633263950576
5223,0.2928103092669327,0.3450072555293321
5224,0.49378836830709916,0.16733162579769226
5225,-1.088698236115023,-0.6060185080250708
5226,-0.5932316409803794,-0.1304080924635238
5227,-1.349615665158491,1.301340284275815
5228,0.48595552338156645,1.8369197039732437
5229,-0.24082413123496624,-0.3680075277480557
5230,2.256178122220811,1.0636552095708818
5231,1.945568935048254,-0.9626733897766779
5232,-0.7272623680640556,-0.4275269249268321
5233,-0.14903605801594963,1.8364843702528717
5234,-0.40441387348998953,-0.6655521784405806
5235,-0.7976013580150814,-0.19030097267016022
5236,-0.5633243182652976,0.9407626412952793
5237,0.23486440644679624,-0.30811464754141926
5238,-0.8977183398027929,2.014267049260012
5239,0.2671365354150675,1.7770268237666074
5240,-0.9190476591340773,-0.6647671504202373
5241,-0.6102452066161518,1.0037623293642448
5242,6.782840362246809,-0.9028875588455424
5243,-0.2453567356087749,1.063134236430108
5244,-1.1295356125448388,-1.735609599734169
5245,-0.28488981898824756,0.2274195735730205
5246,1.37608255773032,-0.4271130010615598
5247,-1.162666994609302,0.10771231596178192
5248,-0.8775232345584817,2.014267049260012
5249,-0.976313246100734,-1.0225948164567815
5250,0.31525577179533226,-0.6658257488113066
5251,-0.03595551590771239,2.312173288616453
5252,-1.0756875497483969,-1.4983693742407638
5253,2.9822487601587953,2.014267049260012
5254,0.41277089977465764,0.5878806517868993
5255,-0.2929760107029668,-0.42795512202883773
5256,-0.7071165148528871,-0.42754119816356545
5257,1.3384557760652858,0.10771231596178192
5258,-0.9163193090966846,-0.6652119996317652
5259,-0.038918078850912446,0.16708184415485616
5260,0.24645635079397832,1.5390158434895922
5261,-0.5182289441212808,1.5384924914760298
5262,-0.5109828716193743,-1.4380340236953881
5263,1.0368047896258923,0.22703181730842653
5264,0.6034173704524479,-0.9622594659114055
5265,-0.6829238453070351,-0.6059328686046696
5266,-1.0567598871123653,-0.42795512202883773
5267,0.8262643952014248,0.7058584688805932
5268,1.338951839708448,1.5385805097692196
5269,2.1891457507826355,-0.725445058647217
5270,-0.2209319791441577,1.8369197039732437
5271,-0.7006396953290558,0.8255657264918325
5272,0.16570533930414955,0.40561617644543346
5273,-0.584859858339668,-0.3680622418222006
5274,0.5568816400873918,1.8363987308324705
5275,0.4724321198066145,1.3008954350642872
5276,0.14070408601994308,2.0741599294666497
5277,1.1285329808765552,1.0003819511311896
5278,1.434780705632195,-0.6654974643664356
5279,0.008717849808442792,-0.1303795459900565
5280,-1.174113663175272,1.5384924914760298
5281,-0.3894876727984094,1.0033484054989732
5282,0.36188398259672083,0.6429134948857727
5283,-0.7600613874876,-0.6658257488113066
5284,0.419696302564377,-1.0225948164567815
5285,1.4701209882334247,0.5878806517868993
5286,-1.279034667015837,-0.36849757554257323
5287,-1.17050515450244,-0.07046049818274176
5288,-0.5464677213394687,-1.4380340236953881
5289,-0.1357171035282154,1.5983853716826664
5290,-1.3089249818345818,1.8363987308324705
5291,1.2163564425931839,-1.5577412813066271
5292,-0.5220610357647095,1.3607098124688892
5293,0.8813536800992937,-1.2007914193291942
5294,-0.6863519994124603,0.10814051306378751
5295,-1.1467075642152493,-0.725445058647217
5296,0.166689671304653,-0.3679195094548654
5297,-0.4943335584301524,1.24100255485765
5298,-1.2169664753210216,1.3611451461892612
5299,-0.40606789140876215,-0.9634013248500872
5300,0.28238801212409265,-0.010536692629849706
5301,-0.42005334283420237,-0.9024522251251704
5302,-0.28745163337400714,-1.2004655137571123
5303,0.23941685336633156,-0.9023665857047691
5304,0.09797777010319986,-0.42754119816356545
5305,-1.1499025684083883,-0.6655521784405806
5306,0.5544987629443443,0.9404343568504082
5307,-0.21819937713268064,0.8251208772803046
5308,-1.388348314416604,0.7058584688805932
5309,0.9908430757622093,-0.9627019362501446
5310,1.8850176351079941,-0.13076730225465047
5311,-0.19389721925415923,-0.9634013248500872
5312,-1.0234329142400267,0.6433012511503666
5313,-0.5841072589267562,0.10743874559105583
5314,-0.8310038034274152,0.8808697610886421
5315,-0.1499466891323263,-1.5577412813066271
5316,2.0368889367868293,-0.24865710105515473
5317,0.24275642467833494,-0.6048766490863892
5318,-1.2056746494779529,1.063326925126011
5319,0.8040623581893483,-0.07015838133854904
5320,-0.5580394688097505,0.04824763285715042
5321,0.2864826631672237,-0.6660755304541427
5322,1.2972552101824402,0.7058584688805932
5323,0.005013317387541577,0.16765991024256327
5324,1.336494553018926,0.5276594871353919
5325,-0.8015464813029165,-1.4391758826340697
5326,-0.40822009895773914,-0.367308139148113
5327,-0.6813215597396207,0.16733162579769226
5328,-0.6620455895598546,-1.4983693742407638
5329,1.0426016476274171,1.0636552095708818
5330,-0.19328635231072228,-0.24933032205441913
5331,-0.4283266214086285,1.0632412857056095
5332,-0.4023803668841978,1.5384924914760298
5333,0.18120803681531916,-1.2601633263950576
5334,3.7960411667665594,0.16765991024256327
5335,2.2322147049443344,1.0636552095708818
5336,0.2678675206263847,-0.6655521784405806
5337,0.48211173880940583,1.3607098124688892
5338,0.7777309456791195,0.4649880835112967
5339,-0.2835770219897359,0.3457232962387964
5340,-0.9924902358354305,-0.30860469533593676
5341,0.49753045983241145,0.6429134948857727
5342,0.9747220703529559,-0.13024395024108829
5343,-1.1085131440099676,0.346151493340802
5344,-1.2183586425024393,-0.06973018423654344
5345,-0.49574733981316504,0.7058584688805932
5346,-0.26181612728890014,0.9407626412952793
5347,-0.3589262547367007,-1.9736222452221364
5348,0.2987641359784014,1.8364843702528717
5349,-0.6946848056240659,1.3607098124688892
5350,-0.16412702270329443,1.062805951985237
5351,-0.5375895994515582,-1.4983693742407638
5352,2.6644526737903376,-0.9040317966570129
5353,-0.654193256419769,-0.6659113882317073
5354,-1.1221315083394678,-1.2003584644816108
5355,0.4747703512217775,1.3009239815377538
5356,0.09052547685820728,-0.784474408031476
5357,0.4153188952446433,2.014267049260012
5358,-0.9457847808381783,-0.13035099951658985
5359,-0.7318254449188016,-1.4384764940341275
5360,-0.7215746440640263,-1.1412720221504182
5361,-0.3227235300587156,1.5385805097692196
5362,-1.2571277878714422,1.8363987308324705
5363,-0.5771187851881203,-0.13005126154518615
5364,-0.8977456233031667,-0.3683358121929267
5365,-0.7981906107569233,0.10760526668628034
5366,-0.0825649471568953,0.4053449849474964
5367,0.015317622249543668,1.1784453371274233
5368,0.39552524722012006,-0.665123981338575
5369,1.613120545985476,-0.07059371505892163
5370,0.3331413464495494,0.4650737229316973
5371,-0.15766295910171588,-0.7251048798384017
5372,1.2083797392111335,0.16765991024256327
5373,-0.8548123779809902,1.6587231011008314
5374,0.4478394103656695,1.3612307856096624
5375,-0.8876369092490399,0.6429134948857727
5376,-0.9098672927550114,-0.30802900812101797
5377,-0.9025921650968625,-2.033514887541494
5378,-0.5378206233768024,-0.665123981338575
5379,-0.22953053373602883,0.4047669188597886
5380,-0.7115757726737425,-0.3085499812617912
5381,-0.6831793180832636,-0.784474408031476
5382,-0.9711860740174778,-1.2602489658154583
5383,0.6830313332059139,-1.379285381300222
5384,0.44699822815933576,0.22703181730842653
5385,-0.9073083130186412,0.10760526668628034
5386,-0.24212806995413558,-0.07078640375482378
5387,0.8977124417260919,-1.4983693742407638
5388,-0.07783285433230074,-0.6660755304541427
5389,0.05683106255875495,-0.6655521784405806
5390,0.4630196665087834,1.7770268237666074
5391,-1.233836182500277,-0.9035108235162398
5392,2.5928919499524374,-0.9634013248500872
5393,0.01639160003698998,0.10771231596178192
5394,-0.2251669453320689,0.10776703003592686
5395,0.28867172115826445,-0.30844293198629025
5396,-0.05911531008226584,0.7058584688805932
5397,-1.1054010533114715,0.6428564019388386
5398,0.2014740082943677,-0.42754119816356545
5399,-0.3738439514801124,0.2899744124304588
5400,0.05382385388767021,-0.1306792839614609
5401,1.3090962493447242,-0.725445058647217
5402,-0.24859709419214573,-0.07015838133854904
5403,-0.189856072218255,-0.725445058647217
5404,1.471190714046787,0.16681065265691908
5405,-0.009263394262669809,-0.6659113882317073
5406,-0.9492079743071719,-0.9035108235162398
5407,-1.1152050425562272,0.8805414766437711
5408,-0.8763089416262551,-0.6056045841597986
5409,-0.6287937348963377,0.346151493340802
5410,-0.5721248416261706,0.703194131357003
5411,-0.6406493016367432,-0.6057378010359784
5412,-1.0061915136595734,2.014267049260012
5413,0.4510230759612504,0.4646597990664257
5414,0.15111291857818313,2.0741599294666497
5415,-0.5620281748319493,-0.4275269249268321
5416,-1.0007787506503252,0.10743874559105583
5417,0.9539036965741283,-0.367308139148113
5418,-0.7133180190547633,0.8808697610886421
5419,3.332724810676439,-2.033514887541494
5420,0.9408391518691018,2.66964174486187
5421,0.4330588397864749,0.16713893710179012
5422,-1.0651883627408665,-0.4865705475478243
5423,-0.244771734841017,-1.1412720221504182
5424,-0.6587992073465311,1.895963326594236
5425,-0.9242361305103813,0.10760526668628034
5426,-0.8292374625265838,-0.9627019362501446
5427,1.0733763730556856,-1.2601633263950576
5428,0.9006509101494812,0.10727698224140932
5429,0.10127021536910277,-0.9623451053318068
5430,-0.048736950004962955,1.5389087942140904
5431,-1.1105487766028017,-0.42786948260843644
5432,0.1129383409186277,0.34539501179392607
5433,-0.783731772883437,-0.6655521784405806
5434,0.36248705425433664,0.2899744124304588
5435,-0.6116660746226381,-0.6057378010359784
5436,-0.11372695655800401,-1.0817074263886521
5437,-0.5011030555034495,-0.6655521784405806
5438,0.6694476933314352,-0.24933032205441913
5439,0.906683752712682,-0.368364358666394
5440,-0.8479238256333341,0.5276594871353919
5441,-0.6645039392428976,0.6429134948857727
5442,0.3243666892643556,-1.6757167195275322
5443,-0.27353881983917283,0.10727698224140932
5444,-0.4979066339856158,-0.368364358666394
5445,0.08314475851029941,1.3009239815377538
5446,0.44817744230536727,-0.42754119816356545
5447,0.4031873045199355,0.04857591730202145
5448,1.4756811530109268,-0.9623451053318068
5449,-1.220552306798738,-1.2602489658154583
5450,1.2648828054920151,0.4051808427250609
5451,1.4604339282759862,-1.4384764940341275
5452,-1.0594039063304204,-0.6060185080250708
5453,-0.6022809048251809,-0.725445058647217
5454,1.407327126294898,-0.12910209130240669
5455,0.2594918403427627,-0.6654974643664356
5456,0.6590732308970431,0.10776703003592686
5457,0.38462495732397556,0.8808697610886421
5458,-0.6627000392376551,0.10718896394821907
5459,-0.7951710004947597,-1.2003584644816108
5460,-0.46750749960145593,0.04824763285715042
5461,-0.5752964599618462,0.10718896394821907
5462,1.562829613841681,0.10718896394821907
5463,2.9834570294610696,-0.3681692910977022
5464,-0.8814864287361748,-1.4391758826340697
5465,0.13973463592873445,0.6425852104409016
5466,-0.7498527520424936,-0.12962306444318053
5467,0.9173306958196399,-0.6061826502475063
5468,0.644548133094077,-0.903644040392419
5469,-0.288390256653105,-0.4282572388730304
5470,0.019656407471345314,0.16681065265691908
5471,-0.5643979417215703,-0.8437511601857826
5472,-0.812490708264598,-0.3680075277480557
5473,0.6042486313859184,-0.784474408031476
5474,1.6972178610796078,0.23008391109661067
5475,-0.972423398475994,-0.1901368304477247
5476,-0.41696995296077494,-0.367634044720195
5477,-0.611967610451446,0.10760526668628034
5478,2.220929257062392,-0.843694067238848
5479,-0.7234894497266326,1.0034340449193744
5480,1.0033612417974105,-1.4384764940341275
5481,1.480209151079478,0.5878806517868993
5482,2.691420819419682,1.5389087942140904
5483,0.6533284595780497,-0.9627019362501446
5484,-0.17386546068091802,-0.725445058647217
5485,1.761514441525743,-0.903315755947548
5486,1.414535639692394,-0.42754119816356545
5487,-0.25986730583361967,-0.4271130010615598
5488,-1.136993220757437,1.5987992955479386
5489,-0.31385391211897357,0.04781943575514482
5490,0.4168393303109359,-0.1901368304477247
5491,-1.0306835930471914,0.10760526668628034
5492,1.3734892078701022,-0.7245839066976285
5493,-1.1414294470520026,0.4051808427250609
5494,1.1239670693724197,0.4047669188597886
5495,0.3563401170532084,0.16716986244804574
5496,1.546843608609602,2.311845004171582
5497,-1.1633398695081343,0.3450072555293321
5498,0.3718863972987414,-1.735609599734169
5499,0.2729744958327405,1.0034340449193744
5500,-1.0240586630927586,-0.367308139148113
5501,-0.5768661470612813,1.36081686174439
5502,-0.20134738651210976,-0.42754119816356545
5503,-0.09395067076099137,-0.13035099951658985
5504,0.31198104308811375,1.1230247377639562
5505,-0.6070746512739973,-0.9627019362501446
5506,-0.38310085339269473,-0.4271986404819611
5507,0.7534705988790932,0.5829635217322016
5508,0.3125408863425399,0.8805414766437711
5509,-0.22243576064528667,-0.7838035659050006
5510,2.7511433387446864,-0.1901368304477247
5511,-0.3014395651176631,0.7026707793434408
5512,0.49232143724803346,1.5385805097692196
5513,-0.3431553285270499,-0.07046049818274176
5514,1.3578688724092687,-0.07007036304535946
5515,-0.7544250415077551,0.23008391109661067
5516,0.36157996644969703,-1.0225948164567815
5517,-0.2784983932772749,0.7028063750924091
5518,-0.5160179175974716,1.1230247377639562
5519,1.1801002139079715,1.1230247377639562
5520,-0.6934159456910916,0.9404890709245531
5521,-0.0010939347221338152,-0.4271130010615598
5522,-0.9596699565414648,-0.665123981338575
5523,0.35208318233252844,-1.2598350419501865
5524,-0.8910547877504283,-0.6658257488113066
5525,1.4752364673879497,0.6428564019388386
5526,-0.2600519123751109,-1.4983693742407638
5527,0.9868384248371951,-1.2601633263950576
5528,-0.011052766689790987,1.4206026926755257
5529,-0.04891517858532766,1.896291611039107
5530,0.20522885574193273,-0.7838035659050006
5531,-0.7346533620160004,0.5829635217322016
5532,-0.28945962813529336,1.0033484054989732
5533,1.0194776409014064,-2.033514887541494
5534,-0.8165818159959922,0.6433012511503666
5535,0.7898377332216693,-1.1413267362245632
5536,0.9568623618744178,-1.5577412813066271
5537,-0.7915642634777961,-0.9627019362501446
5538,-0.17331128672527102,1.0034340449193744
5539,-0.2632008535156704,0.7652279970736674
5540,0.21781328170661296,0.40509520330465965
5541,0.11645295183043272,-0.13035099951658985
5542,2.006116337345603,0.7652279970736674
5543,-1.300934459536758,-2.033514887541494
5544,1.3885287945372626,1.3012522659826247
5545,0.015828567802000783,1.5385805097692196
5546,-0.265630148042471,-1.2007914193291942
5547,0.6175282551133734,-0.42795512202883773
5548,-0.8969072757462225,0.46471451314057066
5549,-0.39771524265143,0.4051808427250609
5550,-0.5870187981809452,-0.18899259263625479
5551,0.5995849244778453,0.4053449849474964
5552,-0.7816578725238447,1.5984733899758565
5553,0.28114679002266585,-1.1999421617435497
5554,1.240375489863929,-1.0817074263886521
5555,0.3367204456349655,-0.9627019362501446
5556,0.17195219789625785,0.9407626412952793
5557,-0.39875910228911293,-0.18899259263625479
5558,0.22141116044423445,-0.903315755947548
5559,-0.9886758607506859,-0.010536692629849706
5560,2.7724740754006656,-0.4865705475478243
5561,0.7779162608829578,1.4791229632829557
5562,-0.5754782318539479,1.3612307856096624
5563,2.335555391750254,0.3450072555293321
5564,0.10749545975961611,0.703194131357003
5565,-0.47362396432164716,0.4060443735474391
5566,-1.2832267591317321,0.46471451314057066
5567,1.1935715308003914,0.10727698224140932
5568,1.8366758787506534,0.40561617644543346
5569,1.9617023420485866,-0.07059371505892163
5570,-0.7788398766995092,-0.6659113882317073
5571,-0.6055067358304307,-1.2012196164312
5572,-0.4581786684606151,-0.9027805095700407
5573,-0.8236138724689915,0.6425852104409016
5574,-0.16778620073396397,-0.13035099951658985
5575,1.49029341628262,-1.9736222452221364
5576,-0.9525510889309121,-0.9035108235162398
5577,-0.28999395954521395,-0.6057378010359784
5578,-0.3202031724202774,0.9407626412952793
5579,-1.011084472837022,1.24100255485765
5580,-1.12035205718521,-0.42700595178605827
5581,-0.31260099708881506,-1.1413267362245632
5582,-0.31207446096471564,-1.4391758826340697
5583,0.9275403942582676,0.46471451314057066
5584,-0.17854192351124368,-0.367634044720195
5585,-1.0102298260460882,0.4051808427250609
5586,-0.025572903856325425,-0.42786948260843644
5587,-0.9574277488743712,0.5875523673420283
5588,-1.0592462289581295,0.16752669336638407
5589,0.9490720366897274,-0.784474408031476
5590,-0.744089201171295,-1.4983693742407638
5591,-0.6531610897108177,-2.033514887541494
5592,-0.40390328226870603,-0.1303795459900565
5593,0.392284888636749,-0.903315755947548
5594,-1.0840302772328656,-1.2012196164312
5595,0.7058495521290327,1.0033484054989732
5596,0.7673245934390952,-0.903315755947548
5597,-0.7432572315754769,-0.1901368304477247
5598,0.8400546101501631,0.5829635217322016
5599,-0.05929743630554112,0.4649880835112967
5600,-0.6101063087960664,-0.4865705475478243
5601,0.31966577758304515,-0.9024522251251704
5602,-1.1835959197143195,-0.367648317956929
5603,0.46599675703010474,1.4791229632829557
5604,-0.18571323213550217,0.9404343568504082
5605,0.17642988093814513,0.10718896394821907
5606,-0.23846215963116615,0.9407626412952793
5607,-1.1707510603369793,-0.842994678638906
5608,-0.21016066579523537,1.0034340449193744
5609,0.001727250082764796,-0.1304080924635238
5610,-0.14620069996410348,-0.4865705475478243
5611,1.6957193945460842,-0.903644040392419
5612,-0.9438154081748239,-1.1413267362245632
5613,1.1097445703917828,-0.13024395024108829
5614,0.7078547122409293,0.16708184415485616
5615,1.1909232596082524,2.074604778678177
5616,1.0145974376462104,-1.2002704461884208
5617,-0.30964977274317296,-1.2007914193291942
5618,0.28943282451934477,1.3008954350642872
5619,-0.6580962142979353,-1.0225948164567815
5620,-0.15272003922877717,-0.42754119816356545
5621,-0.582910682553214,0.4049001357359685
5622,-0.17691483476167139,-1.2004655137571123
5623,-1.0623824141764364,-1.2602489658154583
5624,1.4787737554948701,1.7770268237666074
5625,-0.09572161796708091,0.10776703003592686
5626,0.3011296508939383,-0.7246909559731294
5627,-0.38229652162842437,0.5279877715802622
5628,-1.0999666761006286,1.0636552095708818
5629,1.4515228535889229,-0.42786948260843644
5630,-0.16098410519268763,-1.1405726335504756
5631,-0.5828809187346242,0.7058584688805932
5632,-0.5669842049583144,-0.24933032205441913
5633,-1.1197457965470308,-2.033514887541494
5634,1.719051039339876,1.5385805097692196
5635,0.8757534758991649,0.5279877715802622
5636,0.3428004142442668,-0.12962306444318053
5637,-0.5506669000788377,-0.3680075277480557
5638,-0.07767305097296767,-1.1408985391225575
5639,-1.2139996604037375,-0.1894374418477827
5640,-0.3735434786448255,0.04857591730202145
5641,1.3490435458662378,2.014267049260012
5642,1.2073695410349512,-1.4983693742407638
5643,0.2999628383389858,-0.784474408031476
5644,0.24288398390086235,0.2899744124304588
5645,-0.3813922684731742,-0.12962306444318053
5646,-1.0435433343338267,-0.4275269249268321
5647,0.28370683275255704,1.5384924914760298
5648,-0.4368043490702724,-1.4978484010999902
5649,-0.47632219620927646,-1.1999421617435497
5650,-1.0009530815877794,1.0037623293642448
5651,-0.09031665024365386,-0.3683358121929267
5652,-0.5197571744733943,-0.42795512202883773
5653,2.3697306334524,-0.4865705475478243
5654,0.33508768758661406,0.46471451314057066
5655,0.049301170786724746,0.5829635217322016
5656,-1.2222357342049264,-1.4391758826340697
5657,-0.5211202864985696,0.16733162579769226
5658,-0.21441263987948372,1.5389087942140904
5659,-0.6074909904030799,0.5875523673420283
5660,-0.338162802289795,-0.3679766024018
5661,-0.8948780211145149,-0.4282572388730304
5662,-1.0798551930133076,-0.6060185080250708
5663,2.2411899135738356,-0.30802900812101797
5664,1.3001444265726867,0.7058584688805932
5665,-1.1586676586518927,-0.5462350559667243
5666,-0.7537613792194388,0.22711745672882777
5667,-0.2729091733435304,-0.36849757554257323
5668,-0.9554768014320487,-0.7838035659050006
5669,-0.9895255469051883,0.8808697610886421
5670,-0.972953832243004,0.04781943575514482
5671,0.8683957890775467,1.8364843702528717
5672,-0.5244527711870992,-0.367634044720195
5673,0.9218218434461273,1.7770268237666074
5674,-1.0256949644528468,-0.30802900812101797
5675,1.4239321480874088,-0.9627019362501446
5676,-1.1309100631675721,-0.1303795459900565
5677,-0.8285426190949828,-0.12962306444318053
5678,0.030420988527967475,0.04857591730202145
5679,-0.9116637518056063,-0.07087442204801404
5680,-0.965843114249446,0.04781943575514482
5681,-1.1992704678447275,-1.4391758826340697
5682,-0.6545234930736457,-0.903315755947548
5683,-0.12086176907137275,0.3457232962387964
5684,-0.9164660022025911,-0.42754119816356545
5685,-0.8740465370822613,0.5878806517868993
5686,-1.0751181395522813,-0.6660755304541427
5687,-0.7526296454506813,-0.9622594659114055
5688,-0.9236883345158607,-0.13076730225465047
5689,-0.328530309333104,0.5829635217322016
5690,-0.9817097098759925,-0.9627019362501446
5691,0.304377096100783,1.3612307856096624
5692,0.0990141887862354,-1.1999421617435497
5693,2.9104293745641043,2.014267049260012
5694,-1.0649105671006958,-0.3679195094548654
5695,-0.5625784511446857,-0.07046049818274176
5696,2.1828209393323164,-0.6658257488113066
5697,1.3497748854087284,1.4206026926755257
5698,-0.6875248355973654,0.16749814689291675
5699,-0.9100090252244863,0.3450072555293321
5700,-0.6299626734383325,-0.42754119816356545
5701,-0.8080374740736952,-0.07048666578342007
5702,0.10943754892259645,-0.42754119816356545
5703,-1.059303276277093,-0.4282572388730304
5704,-0.18008645309734703,0.4049001357359685
5705,0.6109369866204412,0.5875523673420283
5706,0.11935953044819012,-1.2003584644816108
5707,-0.7611084361058462,0.34539501179392607
5708,0.17740712631517466,-0.1901368304477247
5709,-0.6293309009556478,0.10760526668628034
5710,-0.6673407146194386,-0.12996324325199587
5711,0.2639305469555444,-0.903644040392419
5712,-0.9630612602048266,0.46471451314057066
5713,-0.9846687295074558,-0.07087442204801404
5714,1.9208344931378338,0.5878806517868993
5715,-0.8507063883403011,-0.4865705475478243
5716,1.3839125680064637,0.16708184415485616
5717,-1.0964194667208442,-0.9040317966570129
5718,-0.4058308438535652,-0.9035108235162398
5719,-0.5387762545522372,1.4791229632829557
5720,0.9781938071927445,0.6425852104409016
5721,-1.055479688581833,0.4053449849474964
5722,0.16836672074971534,-1.379285381300222
5723,0.22692349051328872,-0.1901368304477247
5724,-0.44846467933397605,0.3450072555293321
5725,-0.7779168439920536,0.7024780906475381
5726,-1.0958890329538342,0.5829635217322016
5727,1.1815256882197163,-1.4978484010999902
5728,1.7485172197437167,-0.6652119996317652
5729,-0.800683330563814,0.8251208772803046
5730,-0.08827747433908299,0.10727698224140932
5731,0.5202820644948769,0.6429134948857727
5732,-0.2526470995073924,-0.3680622418222006
5733,0.039107771582086705,1.5384924914760298
5734,-0.5826665483745433,-1.1999421617435497
5735,1.908522547845719,-1.2601633263950576
5736,0.1575029269644609,-0.3679766024018
5737,0.7800550038473347,1.24100255485765
5738,0.07700809691320817,0.3457232962387964
5739,-0.05299919969324826,0.4052878920005625
5740,-0.6071370135605663,-0.30802900812101797
5741,-0.9424310362792274,1.3009239815377538
5742,0.4821181167705322,0.16722457652219136
5743,0.6470631757649098,-0.8434228757409116
5744,2.044984695443238,2.074604778678177
5745,0.12210134507018283,1.062805951985237
5746,-0.18712134421973595,1.895963326594236
5747,2.1573870476850376,-0.3683358121929267
5748,0.27056575251401377,0.04824763285715042
5749,-0.11650491295971298,0.10760526668628034
5750,1.4430444172649313,-1.4983693742407638
5751,-0.5206826874990658,-1.735609599734169
5752,-0.6915922031401227,-2.033514887541494
5753,-0.3509123465814137,-0.367648317956929
5754,-0.46776226371533713,2.311845004171582
5755,-0.026753535327051704,-0.13005126154518615
5756,-0.9676760694109309,0.7058584688805932
5757,0.1094492418513282,0.5875523673420283
5758,2.585847846219532,-0.13024395024108829
5759,-0.4307112702075444,0.2899744124304588
5760,-0.6311985805721539,2.312173288616453
5761,1.9120109382506711,1.8369197039732437
5762,1.5649786324100947,-0.6061826502475063
5763,0.3190882177699349,-0.24933032205441913
5764,-0.5999717285662605,1.0033484054989732
5765,-1.072162663232555,0.5878806517868993
5766,0.21249760543895527,-0.19030097267016022
5767,1.2450802991881496,-0.6660755304541427
5768,0.03012972830319642,-1.735609599734169
5769,0.18407882798453404,-1.4983693742407638
5770,-0.9427368240821195,2.074604778678177
5771,-0.5507140261249381,-0.784474408031476
5772,0.5296527067142128,1.0037623293642448
5773,-0.5829712731839145,1.24100255485765
5774,0.3911737060760654,-1.73593788417904
5775,1.4996250820728503,1.5384924914760298
5776,-0.042935840029353425,0.4053449849474964
5777,3.6548756271695146,-0.8434228757409116
5778,0.7950102596951573,-0.4865705475478243
5779,0.0455590792614125,-0.4275269249268321
5780,-0.8475003998807777,0.4060443735474391
5781,-0.1314137514237825,-0.1304080924635238
5782,-0.9614554313256756,0.5276594871353919
5783,0.0544127522983387,-0.6654974643664356
5784,0.008286628770065333,-0.07007036304535946
5785,0.8074501185409731,-1.0225948164567815
5786,0.3317792974178951,-0.4282572388730304
5787,-0.9427768635047462,-0.9040317966570129
5788,-0.8415086597337245,-0.42795512202883773
5789,-0.820897924022678,-0.3672201208549234
5790,-0.796169151411037,-1.4983693742407638
5791,1.33777297989359,-0.07087442204801404
5792,-0.23463113098125832,0.16716986244804574
5793,1.679709649125368,-1.5577412813066271
5794,-0.5467224854533499,-1.735609599734169
5795,0.9624235896454408,1.8363987308324705
5796,1.8723428546940233,0.5276594871353919
5797,-0.6562646764611453,-0.7246909559731294
5798,-0.8495374497983064,-0.4271986404819611
5799,-0.23686518903135723,0.10760526668628034
5800,-1.2500131722349737,0.703194131357003
5801,-1.1046048711641963,-1.6760450039724033
5802,1.9119025129115228,-0.665123981338575
5803,-0.33102550945821047,0.04781943575514482
5804,0.5492922206781824,-0.7251048798384017
5805,-1.0995992346735146,-0.725445058647217
5806,2.5817376046047587,-1.2598350419501865
5807,0.45676076065676985,-0.07059371505892163
5808,-0.912445052043587,1.0037623293642448
5809,2.8047997083761644,-0.42795512202883773
5810,0.7804805555869333,-0.1901368304477247
5811,0.7922649017614277,1.24100255485765
5812,-0.7656718672917657,-1.1408985391225575
5813,0.6051989475937479,-1.1412720221504182
5814,2.5039158489278037,-1.73593788417904
5815,0.8091987428831202,-0.18899259263625479
5816,0.3981912349709437,-0.07059371505892163
5817,-1.2713283183193105,1.0632412857056095
5818,-0.11920491650321083,-0.7838035659050006
5819,-0.6531802235941968,-0.7246909559731294
5820,0.23982575154076682,-1.1999421617435497
5821,-0.1757441245638083,-0.9623451053318068
5822,0.27660816201890454,1.3612307856096624
5823,-0.862582860619954,0.4047669188597886
5824,0.6877152369908872,-0.9634013248500872
5825,-0.1969373807243969,1.8363987308324705
5826,-0.6840828625761664,-0.6059328686046696
5827,-0.5384321989825868,0.8854562278256799
5828,-0.8074783394816166,-0.9040317966570129
5829,0.060121736168789575,-0.13035099951658985
5830,0.21550056213595564,0.10776703003592686
5831,-0.20626798352110626,0.4049001357359685
5832,1.3481871274194355,-0.12910209130240669
5833,-0.5897641561146748,0.16749814689291675
5834,-0.9519703401372386,-0.13024395024108829
5835,-1.1856878909637698,0.9407626412952793
5836,0.11619464440481461,-1.2602489658154583
5837,-0.7464189286382893,0.23008391109661067
5838,-0.49090008935712187,-1.2004655137571123
5839,-0.18626138246119658,2.014267049260012
5840,0.7132323964639826,-1.4391758826340697
5841,1.0120629067608247,1.4791229632829557
5842,-0.22285954072901698,0.04857591730202145
5843,0.04036245826811378,-0.6655521784405806
5844,0.2330941679030542,0.22703181730842653
5845,2.62347781686513,-1.1413267362245632
5846,-0.8367507007334506,1.5984733899758565
5847,-0.06805898323730841,-0.6660755304541427
5848,-0.5177158725817815,-0.9634013248500872
5849,1.5221612533817142,-0.7250168615452114
5850,0.3944211512829101,0.346151493340802
5851,0.4123598756131803,0.5829635217322016
5852,-0.2718904712191792,2.312173288616453
5853,-0.7021544610965692,-0.4266776673411879
5854,-0.8016286861352119,-1.735609599734169
5855,0.307734029640297,-0.07015838133854904
5856,-0.48882016536757716,1.8365914195283726
5857,-1.11137117925693,1.5384924914760298
5858,-0.9024458263221296,-1.2601633263950576
5859,-1.0664880494859519,-1.4978484010999902
5860,-0.29410809880289795,2.133974306871251
5861,-0.589872935784997,1.3612307856096624
5862,-0.6062579179186479,0.703194131357003
5863,1.1087584667354107,-0.9622594659114055
5864,-1.0064055296884806,-1.9736222452221364
5865,0.06611949994579544,-0.367648317956929
5866,-0.03109657252293769,-0.1303795459900565
5867,-1.0269376038789684,0.2274195735730205
5868,-0.5038597520347371,0.6433012511503666
5869,-0.7103561647739106,-0.3085499812617912
5870,-1.3099525422382752,0.10718896394821907
5871,0.4038119903791462,-0.3680075277480557
5872,0.2523276183419781,-0.8441389164503765
5873,-1.1257471036357736,0.16722457652219136
5874,0.8363472430798723,-0.07015838133854904
5875,-0.5475438251139573,-1.2598350419501865
5876,0.849748402399902,1.896291611039107
5877,-0.6731995805763591,1.063326925126011
5878,1.4642231458473989,-0.367648317956929
5879,1.4689580733213832,-0.3683358121929267
5880,0.41279641161916314,-0.3680075277480557
5881,0.44763637860314653,-0.9634013248500872
5882,0.13606978859928606,-0.6061255573005724
5883,-0.5183901648053085,-0.7250168615452114
5884,1.757053412049019,-0.42786948260843644
5885,0.04842597278771706,0.4051808427250609
5886,-0.9230781762347711,-0.6654974643664356
5887,0.21928552773328405,1.0034340449193744
5888,0.3193741630271006,-1.4391758826340697
5889,-0.30177228208975554,-0.6060185080250708
5890,-0.8935832950058613,1.8363987308324705
5891,-0.40483871656724063,-0.4282572388730304
5892,-0.4712928195299581,0.22703181730842653
5893,-0.8678645210949378,1.7766985393217363
5894,1.3870530051988543,-1.9736222452221364
5895,0.7412210158735474,1.0003819511311896
5896,2.0109703200939455,-1.735609599734169
5897,-1.0825491729268526,0.16716986244804574
5898,0.8842992351461566,-0.4275269249268321
5899,-0.8350814465742095,-0.07048666578342007
5900,-0.8478029987031068,0.16713893710179012
5901,-0.772472899839521,-0.784474408031476
5902,-0.46071178202130597,-0.24933032205441913
5903,0.08921374285321677,-0.07046049818274176
5904,-1.0603953249543976,0.10718896394821907
5905,-0.5846734801423086,-0.30802900812101797
5906,-0.7541171277178209,-0.665123981338575
5907,-0.4099825422156601,-0.3680075277480557
5908,1.8060244605708284,1.7770268237666074
5909,3.477841142860098,-1.141600306595289
5910,-0.9008453124105839,1.7766985393217363
5911,-1.145724295208267,-0.9622594659114055
5912,0.43360344680043245,1.5988302208941942
5913,-0.7550235068601132,-1.2004655137571123
5914,0.05482661110920555,1.3012522659826247
5915,0.5457492632724825,1.5389087942140904
5916,-1.0601196553012688,-0.42786948260843644
5917,1.0854087510517612,0.8255657264918325
5918,-0.8954750691421781,0.10718896394821907
5919,-0.8228074147176792,0.04824763285715042
5920,-1.0338746995974195,0.8255657264918325
5921,-1.3234132291954843,1.3012522659826247
5922,-0.378055886141734,-1.5577412813066271
5923,-0.11376345266889402,0.10727698224140932
5924,-0.29998503564967655,-0.3082764108910658
5925,1.517248097327365,1.063134236430108
5926,-1.1471189427079005,-0.6660755304541427
5927,-1.2149223387800194,-0.19030097267016022
5928,0.0636172131972152,1.0034340449193744
5929,-0.7487217269360834,1.062805951985237
5930,-0.08828491529373039,2.1938671870778874
5931,-0.02971538960790424,-0.7251048798384017
5932,-0.850438868304167,-0.13024395024108829
5933,-0.5018999463130724,-0.6048766490863892
5934,-0.7713496700189321,-0.7250168615452114
5935,0.4540451665416299,1.8360704463875994
5936,-1.0915651296413276,0.8255657264918325
5937,-0.7308722940615825,-0.3679195094548654
5938,0.9937592213216564,0.4060443735474391
5939,-1.0373963971326983,-1.2007914193291942
5940,1.123404745799778,-0.6654974643664356
5941,-1.3277637073460178,-0.1901368304477247
5942,0.18015212991773072,-1.1412720221504182
5943,-0.5648979030076432,0.40561617644543346
5944,0.7662056155925905,1.5385805097692196
5945,1.4519983660240112,1.0003819511311896
5946,0.1557305624336768,0.3457232962387964
5947,-0.06018857920736489,0.4649880835112967
5948,-0.8267100182646718,-1.5577412813066271
5949,-0.538758183662379,0.04781943575514482
5950,0.39500827803771005,0.16749814689291675
5951,1.5196777461853395,0.10718896394821907
5952,1.285686297361548,-2.033514887541494
5953,0.07961632868272087,-1.1412720221504182
5954,-0.2477335891218698,-0.1894374418477827
5955,0.43561321321758695,-0.6659113882317073
5956,0.6771845145088989,0.2899744124304588
5957,1.2785064847891205,2.6097488646552334
5958,0.9395724179231696,-0.903315755947548
5959,-0.4276101637754326,1.3612307856096624
5960,1.463935428934365,-0.6660755304541427
5961,1.1606368025373253,-0.7838035659050006
5962,-0.7169743624360432,-1.2601633263950576
5963,-1.0930373756679985,-0.725445058647217
5964,1.0167556688251402,0.04781943575514482
5965,-1.2615136991393443,-0.1303795459900565
5966,-1.1837961168274531,-0.24933032205441913
5967,0.21611072041704532,1.8363987308324705
5968,0.39011248421087186,0.7652279970736674
5969,-0.04769769667253786,-1.1412720221504182
5970,1.356317964862039,0.04781943575514482
5971,-1.0331557616460079,0.04781943575514482
5972,0.615684670016678,-0.42786948260843644
5973,-1.298891031658103,-0.4865705475478243
5974,-0.2864977738544407,-1.2602489658154583
5975,2.474219353261066,-0.3683358121929267
5976,-0.19745328691328562,-0.30802900812101797
5977,-0.08327467249779105,0.5829635217322016
5978,-0.2457479172245258,1.2383382173340598
5979,0.5308910941662504,0.2267035328635555
5980,1.0205119335973998,0.4649880835112967
5981,0.7904085607424796,-0.3680622418222006
5982,-0.14091088987212483,0.7058584688805932
5983,-0.14737176449314032,-2.033514887541494
5984,1.5764019151186015,0.7652279970736674
5985,0.0190997531974825,-0.13035099951658985
5986,1.9971988846974131,0.23008391109661067
5987,2.405734224010773,-2.033514887541494
5988,1.3341704948507107,0.4049001357359685
5989,1.178407928222441,0.10718896394821907
5990,-0.7513172027833434,0.40561617644543346
5991,0.9170660104328955,-0.4266776673411879
5992,-1.0685265167281752,0.4049001357359685
5993,1.4555927014498955,-1.1413267362245632
5994,0.4454820450671275,0.5246073933472071
5995,-0.9927517322416117,-0.36849757554257323
5996,-0.3640162220467197,-2.033514887541494
5997,-0.5876899014239091,-0.1901368304477247
5998,0.9006119337203756,-0.6056045841597986
5999,-0.12423145853313977,0.3457232962387964
6000,-0.4553535860128058,-0.07046049818274176
6001,-0.4859660277635253,-0.6659113882317073
6002,-0.1647208817503945,-0.30844293198629025
6003,-0.43428753474357096,-1.4978484010999902
6004,0.23499019401345533,0.4049001357359685
6005,-1.3195584603569395,1.0632412857056095
6006,1.1050844067954468,-0.5462350559667243
6007,2.1537232633491104,0.34539501179392607
6008,-0.933814410797498,-0.9027805095700407
6009,-0.16125835752112158,-0.1901368304477247
6010,0.6198236124565201,-0.9626733897766779
6011,-0.35872464029887263,1.7770268237666074
6012,-1.1631619952589434,-0.8441389164503765
6013,-0.4705551020263409,-1.4391758826340697
6014,-0.6248953833234295,0.23008391109661067
6015,-0.4629525723637049,2.014267049260012
6016,-0.6404809943292418,-1.2007914193291942
6017,1.0383918389528377,0.10743874559105583
6018,0.03517717587237279,-0.9634013248500872
6019,-0.6209623072954998,-0.4865705475478243
6020,-1.2692802841353976,-0.9028875588455424
6021,0.2242139200281017,-1.2002704461884208
6022,3.3782351066248437,-0.784474408031476
6023,-0.33798138472886713,-1.1999421617435497
6024,-0.5932100267787844,0.10718896394821907
6025,-1.202200786651122,1.8360704463875994
6026,1.451237971325278,0.3457232962387964
6027,-0.43756864141191604,-0.7245839066976285
6028,-0.5531461553011281,-0.9027805095700407
6029,0.7126874351188512,-0.4865705475478243
6030,0.37168442852973943,-1.1999421617435497
6031,0.16333486375218104,0.04781943575514482
6032,0.4095269978795497,0.4650737229316973
6033,-1.0945152909934486,0.4049001357359685
6034,0.3589012227766206,-1.1412720221504182
6035,-0.4455456991251395,-0.07078640375482378
6036,-0.16841903621016963,0.4649880835112967
6037,0.06634201992287106,0.04781943575514482
6038,-1.1790044963656787,0.10743874559105583
6039,-0.24413464739072702,0.7657489702144413
6040,0.28966668309397836,-0.6652119996317652
6041,0.11797196957203028,1.063326925126011
6042,-1.2354044522750174,2.1938671870778874
6043,-0.9337134264129973,0.7652279970736674
6044,0.32871787607723624,0.9407626412952793
6045,-1.191069827160907,0.10727698224140932
6046,1.1506063956725832,0.8255657264918325
6047,-0.5836480457256574,0.16765991024256327
6048,-0.3949394122367632,-0.24933032205441913
6049,0.8424052431564052,1.2383382173340598
6050,-0.29318719208248445,1.5390158434895922
6051,0.45726887155983764,1.1230247377639562
6052,-0.6842497525589731,-0.3082764108910658
6053,-0.9527041599979451,-0.9028875588455424
6054,-0.12550705075841428,-0.784474408031476
6055,-0.9105192621145961,0.7652279970736674
6056,-1.1525713908086017,1.3009239815377538
6057,-1.1804140257746072,2.1938671870778874
6058,0.558323059301952,-0.8434228757409116
6059,0.1987265243735959,-0.1901368304477247
6060,0.23520669036057834,1.0037623293642448
6061,1.0741722008717878,-0.18899259263625479
6062,-1.1067854252070681,-0.24933032205441913
6063,-0.32767424521747535,-0.13035099951658985
6064,-0.03165783310205835,1.8363987308324705
6065,-0.03555618467496685,-1.0225948164567815
6066,-0.77200482835908,-0.6660755304541427
6067,0.919787628177988,-0.9040317966570129
6068,0.38174566220659223,-0.4271986404819611
6069,0.22461289692967348,-1.73593788417904
6070,-0.9392643785799834,1.5385805097692196
6071,1.808242928049285,-0.9023665857047691
6072,0.0662793033051285,-0.6647671504202373
6073,-0.948030177485835,-0.4282572388730304
6074,2.5961695133090457,1.5983853716826664
6075,2.235942268891526,0.23008391109661067
6076,0.19321809194745218,0.5279877715802622
6077,0.9502909359272123,-0.18899259263625479
6078,0.009661079392798642,0.3457232962387964
6079,-0.8466475247457123,2.014267049260012
6080,0.4266202880294019,-0.07078640375482378
6081,-0.24563736589833524,0.04824763285715042
6082,-0.887437420798254,0.16765991024256327
6083,-0.6986324092301168,-0.7245839066976285
6084,-0.7019716262109466,-0.6659113882317073
6085,-0.7276918174465649,0.34539501179392607
6086,-0.6170919478853126,-1.2007914193291942
6087,-0.16333473819892946,1.8365914195283726
6088,-0.7885152437282164,0.5279877715802622
6089,-0.7288242598776696,-0.48689883199269535
6090,1.0275648956096468,-0.3672201208549234
6091,-1.1002200228898151,-0.13035099951658985
6092,-0.47100120497401327,0.4649880835112967
6093,0.10713545928714963,0.3457232962387964
6094,-0.322890774372696,-1.081379141943781
6095,-0.4319050119316972,1.3611451461892612
6096,-1.0111960871567336,1.24100255485765
6097,-0.9308504305296033,0.16681065265691908
6098,0.5435219375146838,0.6428564019388386
6099,-0.6107423332528352,-0.664798075766493
6100,1.1412038636476154,-0.5465609615388063
6101,1.6333312418014294,1.3612307856096624
6102,0.6342640251089748,-0.6660755304541427
6103,-0.5683437736717528,0.04781943575514482
6104,-0.9188453360339018,1.7766985393217363
6105,-0.19713226286992494,0.16752669336638407
6106,1.918537718469992,-0.664798075766493
6107,-0.9710184753723238,0.8251208772803046
6108,-1.0179592062689045,-0.13076730225465047
6109,-0.8975758986709704,0.34539501179392607
6110,-0.30193243978026224,0.346151493340802
6111,-0.7705782910538146,0.8255657264918325
6112,-0.9277422374740177,-0.6060185080250708
6113,-0.12592303555632317,1.5987992955479386
6114,-0.42908489012031953,-1.2004655137571123
6115,0.1905712380800077,-0.3679195094548654
6116,-0.38769369406603027,-0.4282572388730304
6117,-0.48431378150062127,-0.4271986404819611
6118,-0.7251339007037156,0.5878806517868993
6119,0.13235427191200036,-0.9040317966570129
6120,1.1962141326937519,0.7652279970736674
6121,-0.9356477202901564,1.3009239815377538
6122,3.2455380820789266,0.10718896394821907
6123,0.6664482799461718,0.04857591730202145
6124,-0.5119222035608194,0.8808697610886421
6125,1.2063653664887213,0.10743874559105583
6126,0.08330101855789566,0.34539501179392607
6127,-0.9566453856428696,0.7028063750924091
6128,-0.2018590407269144,-0.903315755947548
6129,-1.2041453561323183,-0.9622594659114055
6130,0.49197419269782,-1.4978484010999902
6131,-0.4469697561121891,-1.4384764940341275
6132,-1.239276229009899,-0.6059328686046696
6133,-0.6529438847013475,2.6097488646552334
6134,-0.38763700107824034,-1.4391758826340697
6135,0.2577627042151685,-0.6654974643664356
6136,1.156953175655671,-0.6061255573005724
6137,-0.7490654281745601,2.6097488646552334
6138,-0.5621397891516607,-0.6655521784405806
6139,-0.9704972542158296,-1.2012196164312
6140,3.8999700433208,2.074604778678177
6141,-1.0100530147904183,-0.13076730225465047
6142,0.029134412036308746,-0.6056045841597986
6143,-0.751340234309633,-0.42754119816356545
6144,-0.43311540722101327,0.10743874559105583
6145,-0.22941218712401712,1.0033484054989732
6146,-0.700022804755666,-0.6061255573005724
6147,-0.046108167027376336,0.04824763285715042
6148,1.652536345746458,-0.725445058647217
6149,-0.08526034439513505,0.16708184415485616
6150,-0.086147943985222,-0.3681692910977022
6151,0.4359466388520269,1.5385805097692196
6152,-0.9852778247950242,0.10760526668628034
6153,-0.8983242461097982,-0.19030097267016022
6154,-0.06324787456098145,0.4051808427250609
6155,0.16405238437889794,0.16681065265691908
6156,-0.6844843197959543,-0.6658257488113066
6157,-0.6164605297338017,-0.6654974643664356
6158,-0.7081734847439964,-0.12910209130240669
6159,0.9516037329257235,-0.8441389164503765
6160,3.0885941753175827,0.40561617644543346
6161,-0.7324735166354758,-1.4978484010999902
6162,-1.0920601302909687,-0.784474408031476
6163,-1.3104152987511108,0.16722457652219136
6164,-0.349833053826362,-1.5577412813066271
6165,-0.4802938943351381,1.3012522659826247
6166,-0.17113746497469884,1.4791229632829557
6167,-1.1965105823328768,0.7657489702144413
6168,0.4758429116845291,1.5390158434895922
6169,-0.9193268720989428,1.0636552095708818
6170,-0.8232226908532408,1.7770268237666074
6171,-0.01571611926669038,0.6425852104409016
6172,0.051817276451078774,-0.6061255573005724
6173,-0.8702892093164805,-0.7245839066976285
6174,-0.7105145508085489,-0.12962306444318053
6175,-1.019601885590119,-0.6652119996317652
6176,0.8682026785878872,-0.42754119816356545
6177,0.3423280907897415,1.36081686174439
6178,1.2139650615019677,1.7766985393217363
6179,-0.42262578715517257,1.063134236430108
6180,-1.178826267785314,1.1784453371274233
6181,-1.124432889312567,-1.9736222452221364
6182,-0.4090091944815409,1.5385805097692196
6183,0.0038248906309941337,2.6097488646552334
6184,-0.9772249402106316,1.063134236430108
6185,0.14490787106456993,0.04781943575514482
6186,-0.537689520842538,1.062805951985237
6187,0.06841060531485804,1.896291611039107
6188,-1.1973110164542362,-1.2601633263950576
6189,-1.1896925418887845,1.5983853716826664
6190,0.7653584097563041,1.3012522659826247
6191,-0.40557962305142087,0.10771231596178192
6192,-0.2871224597136516,-2.033514887541494
6193,-1.1717056285188927,-0.07048666578342007
6194,-0.6090762680741573,-0.6660755304541427
6195,-1.2681340227885192,-0.9035108235162398
6196,-0.5159853191294924,2.014267049260012
6197,-0.7410479767075362,1.062805951985237
6198,0.31403935287606377,-0.13035099951658985
6199,1.4288003040826993,1.8963772504595082
6200,-0.4006965851468354,-0.1901368304477247
6201,2.5870561155218064,-0.9627019362501446
6202,-0.5109587770995635,0.10727698224140932
6203,0.5582539647230831,-1.2598350419501865
6204,-0.9221214820658151,-0.842994678638906
6205,0.8190211573489076,0.04781943575514482
6206,-0.41054840910003887,-0.7251048798384017
6207,-0.2967616849626426,2.014267049260012
6208,-0.8367517637269717,-0.07007036304535946
6209,-0.1367772623998882,-0.4266776673411879
6210,-1.0642695820074952,-1.2601633263950576
6211,1.8028666611509263,-1.4391758826340697
6212,-0.3754947804183218,-0.7245839066976285
6213,0.13857809897781892,0.2899744124304588
6214,-1.160561204444078,-1.4391758826340697
6215,1.1595110923985203,1.2383382173340598
6216,0.911801003523075,0.10776703003592686
6217,-0.7190181446458719,1.0636552095708818
6218,0.4662862455990073,-0.4275269249268321
6219,-0.12625716985311036,1.24100255485765
6220,-0.3623288969976205,1.5389087942140904
6221,-0.4092079742699795,0.6429134948857727
6222,-0.8348553832853969,-1.1412720221504182
6223,0.04359608455918472,-0.07015838133854904
6224,3.484148237751733,-1.4391758826340697
6225,0.13909046185497081,-0.6059328686046696
6226,-0.8945853435650492,1.5385805097692196
6227,-0.03610398066948748,-0.3672201208549234
6228,-0.5459365789101114,0.10760526668628034
6229,-0.6355830745153613,-0.6660755304541427
6230,-0.87142980136458,0.10743874559105583
6231,0.17654893621250384,0.04824763285715042
6232,1.753397068667739,-1.0225948164567815
6233,-0.1841215765032986,-0.7246909559731294
6234,-0.7379599805288508,-0.42786948260843644
6235,-0.9804539601964444,0.16713893710179012
6236,-1.007302696220257,-0.903315755947548
6237,0.834027791216915,-0.9040317966570129
6238,0.8833822260686538,-0.784474408031476
6239,-0.7851625621627866,-0.4271986404819611
6240,-0.9818305368062199,-0.9040317966570129
6241,-0.7742339257727472,-1.1413267362245632
6242,-0.4457097544585568,0.7028063750924091
6243,0.3958802870561547,-0.367648317956929
6244,0.172092513041038,1.8963772504595082
6245,0.27273213330993823,0.2899744124304588
6246,-0.14026317248662437,1.8360704463875994
6247,-0.5785113067007117,0.40561617644543346
6248,0.10979506907684715,-1.2602489658154583
6249,-1.2158191509806222,-1.6757167195275322
6250,-1.2608447218834227,0.7652279970736674
6251,-1.0100165186795285,-0.07042957283648613
6252,-1.0927673753136486,1.3607098124688892
6253,-0.01967541580147289,0.04857591730202145
6254,-1.179861269143655,-0.784474408031476
6255,-0.6158156469976909,-0.3680622418222006
6256,2.947368399421012,2.074604778678177
6257,0.14277904937305622,1.0632412857056095
6258,-0.22219800442774248,0.4052878920005625
6259,-0.1883062276645463,1.896291611039107
6260,-0.01604281260882991,0.5276594871353919
6261,0.6156935282960203,0.04781943575514482
6262,-0.26972196443621266,1.8363987308324705
6263,-0.41759463881998565,0.9407626412952793
6264,-1.1696724762442747,0.7625636595500773
6265,-0.9824782541917204,-0.4865705475478243
6266,-0.6646892544467361,0.5279877715802622
6267,-0.5864412383678348,-0.42700595178605827
6268,-0.5016901822582495,0.23008391109661067
6269,4.241594901119733,-0.4865705475478243
6270,-0.5750714596665547,-0.6061826502475063
6271,-0.8891413994125166,-1.2602489658154583
6272,-0.3167534041132572,-0.3082764108910658
6273,0.26605157336123697,-0.30860469533593676
6274,0.4013274201892506,-0.07059371505892163
6275,-0.2260155684930503,-0.12910209130240669
6276,-0.800438487722796,1.24100255485765
6277,0.29562582477305244,-0.6659113882317073
6278,0.8509492307475285,0.3450072555293321
6279,0.21571351517134182,2.312173288616453
6280,-0.8344103433312455,1.2383382173340598
6281,-0.29251041954074164,-1.6760450039724033
6282,0.67175438927214,-1.379285381300222
6283,0.09013181492424059,-0.367648317956929
6284,-0.7596454026896912,0.9407626412952793
6285,0.8523786027021835,-1.4384764940341275
6286,0.43682325417572937,0.6428564019388386
6287,-0.2394588932227486,-0.13035099951658985
6288,-0.8525871782102336,-1.0225948164567815
6289,0.28371108472664136,-1.9736222452221364
6290,0.12574209787982046,-0.3681692910977022
6291,1.8046599312209581,1.5389087942140904
6292,-1.156982105258662,-0.12962306444318053
6293,1.1476480847034674,-0.8441389164503765
6294,-0.487129297006741,-1.379285381300222
6295,-0.512148266849632,0.8251208772803046
6296,2.408714149181484,-1.4384764940341275
6297,-0.6005726742368341,1.5984733899758565
6298,-0.07147296409578609,-0.665123981338575
6299,0.09938729951212814,-0.367308139148113
6300,-0.6247798713608074,-0.9028875588455424
6301,-0.6360401617294181,0.7625636595500773
6302,-0.8925252621212308,-1.2007914193291942
6303,0.8519799801317851,0.7028063750924091
6304,0.9874879138785642,-0.1901368304477247
6305,0.8615426698472596,0.10760526668628034
6306,0.9262757862993772,-0.9627019362501446
6307,-1.0610462313204614,1.7770268237666074
6308,-0.08191120614144222,-1.2012196164312
6309,0.7709472753588748,-0.9040317966570129
6310,-0.9997894580133901,-0.3680622418222006
6311,-0.07926328928047645,0.8251208772803046
6312,1.1667380310170479,1.2383382173340598
6313,-0.9779020670835481,0.22711745672882777
6314,1.5592763808319443,-0.13024395024108829
6315,0.35229755269260915,1.3009239815377538
6316,0.607476942709384,0.22711745672882777
6317,-0.16337406895920878,1.1230247377639562
6318,1.0958583316949753,-0.6061826502475063
6319,-0.21585476775639145,-0.12910209130240669
6320,-0.4179893637474735,0.04781943575514482
6321,1.5510941653691557,0.10771231596178192
6322,-0.7256568935160783,1.0037623293642448
6323,0.5151704829832632,-0.3679766024018
6324,-1.094716551100103,0.2899744124304588
6325,1.545550299825643,1.5987992955479386
6326,-0.3618944869786797,1.8363987308324705
6327,0.6993939924756226,1.3009239815377538
6328,-0.21053058754056506,0.4047669188597886
6329,0.739772864366687,-0.30811464754141926
6330,0.14178231578147374,1.122698832191874
6331,-1.0235983868981389,-0.6655521784405806
6332,-0.9862547158408803,1.063326925126011
6333,2.178483925766383,-0.5465609615388063
6334,-0.8864360809014135,2.134497658884813
6335,-1.0075018303398693,0.7652279970736674
6336,-0.8146241362613695,0.04857591730202145
6337,-0.7446742019390526,1.8360704463875994
6338,0.2307580624749334,-0.24865710105515473
6339,-0.8487295747222993,0.4049001357359685
6340,0.9187944378981423,-1.4983693742407638
6341,0.3682392665279774,-0.48689883199269535
6342,1.2551897219046237,-1.6757167195275322
6343,-0.6705194195785878,-0.6658257488113066
6344,-0.5599096287444726,-0.903315755947548
6345,-0.7248805539145293,-1.141600306595289
6346,0.6824158599572191,0.04781943575514482
6347,0.286461048965629,-1.2007914193291942
6348,0.07647447416563483,2.312173288616453
6349,1.9283048572726842,0.2899744124304588
6350,-0.8212359559623758,1.4791229632829557
6351,-0.559861439704851,-1.4983693742407638
6352,-0.5828554068901187,-1.141600306595289
6353,-0.8212816646837814,0.10776703003592686
6354,0.09161539954846967,1.3009239815377538
6355,-0.8571300581880792,0.23008391109661067
6356,2.335757360519256,0.8805414766437711
6357,-0.9174379326120156,-0.4271130010615598
6358,0.29230078103917034,-0.7245839066976285
6359,-0.94097260916833,-0.6660755304541427
6360,0.08468007548588682,-0.1303795459900565
6361,-0.6108557192284151,0.7657489702144413
6362,-0.10574600120186994,1.3008954350642872
6363,-0.6839535316977706,-0.3085499812617912
6364,-0.38711259094118305,-1.5577412813066271
6365,-0.3190799425996884,-0.6056045841597986
6366,-0.14718184298404385,-0.1894374418477827
6367,-0.5527556823477247,0.04857591730202145
6368,0.9356187906871659,-0.9634013248500872
6369,-0.8714432659491802,1.4791229632829557
6370,-0.4938275735141269,-0.6652119996317652
6371,0.06830324296923056,2.0741599294666497
6372,0.12287626734703719,-1.1999421617435497
6373,-1.1200682379150861,-0.13024395024108829
6374,-0.41833731696003446,-1.141600306595289
6375,-0.17382471259594393,0.22703181730842653
6376,-0.7359229306113222,0.6429134948857727
6377,-0.8228711943289428,1.6587231011008314
6378,-0.6121284768043002,-1.4391758826340697
6379,-0.8059915658768243,-1.1412720221504182
6380,0.6886701595039745,-0.42795512202883773
6381,-0.9213051030416395,0.40561617644543346
6382,0.24604213765193772,-0.7245839066976285
6383,-0.18745902182825996,0.10743874559105583
6384,-1.1319882929291027,-0.4282572388730304
6385,1.5620748884417268,-1.2601633263950576
6386,-0.6908842494550953,-1.5577412813066271
6387,-0.9086476848551794,2.0741599294666497
6388,1.5655877276976633,1.5390158434895922
6389,1.0123431827192115,-0.3683358121929267
6390,-0.21420323015583462,1.4791229632829557
6391,-0.8157112243022424,-0.9634013248500872
6392,0.9339566231513984,1.5987992955479386
6393,-1.1431118114646701,-0.6658257488113066
6394,0.3934765043738597,1.24100255485765
6395,0.09957013439775095,0.23008391109661067
6396,-0.9599318072788199,0.6428564019388386
6397,-0.3972804783013156,1.5385805097692196
6398,0.11084176336391964,1.4791229632829557
6399,1.623632134584085,-0.6654974643664356
6400,0.6482537285084993,-0.12910209130240669
6401,-0.5311450240645326,0.7028063750924091
6402,2.601806922282412,-0.6654974643664356
6403,-0.47525565937647757,-0.6658257488113066
6404,0.7593875751484983,-0.4271130010615598
6405,0.16997254962886646,-0.6056045841597986
6406,0.9114321447712663,-1.141600306595289
6407,-0.5609442757716396,1.5384924914760298
6408,-0.5805433959818086,0.5276594871353919
6409,0.7733007430145065,-0.6061826502475063
6410,-1.00704545178816,-0.1901368304477247
6411,-0.5177498883744555,0.8255657264918325
6412,0.1400790458295586,-0.3679195094548654
6413,-1.1790246932425792,-2.033514887541494
6414,1.0096297145911137,-1.0225948164567815
6415,-1.3478574738746543,1.24100255485765
6416,-0.34271454054698286,1.5385805097692196
6417,-0.8656988489613606,-0.1304080924635238
6418,-0.3924644089885569,-0.9634013248500872
6419,-0.1512247616758166,-0.3681692910977022
6420,-0.6329117717969324,0.5875523673420283
6421,-0.6298662953590894,0.6425852104409016
6422,-0.2814829247532435,2.133974306871251
6423,-0.280942924044544,0.8255657264918325
6424,-1.0359510802752274,1.8963772504595082
6425,-1.1759717758500887,0.10760526668628034
6426,0.2161720197100931,-0.3683358121929267
6427,0.5504788757788613,0.7657489702144413
6428,1.1820830511559262,-1.2004655137571123
6429,0.4163174004920943,0.23008391109661067
6430,-0.21867807854833235,-0.7250168615452114
6431,-1.08320043362409,0.10771231596178192
6432,-0.9706758371273679,-0.36849757554257323
6433,-0.28588619824865635,0.10743874559105583
6434,-0.7650443467831655,-0.24933032205441913
6435,1.6201398465362222,-0.6064538417454434
6436,1.8520984974165697,1.0003819511311896
6437,0.23658787327561154,1.5389087942140904
6438,-0.3504467554191885,-2.033514887541494
6439,1.1047084614201645,-0.4271986404819611
6440,3.7811131944191114,-0.13005126154518615
6441,1.3652694333029027,0.6429134948857727
6442,-0.985878770465598,-0.3680622418222006
6443,0.7593556853428665,-0.664798075766493
6444,-0.4977539172497565,0.5878806517868993
6445,-0.5236696992932502,-0.9622594659114055
6446,-1.3590787878141595,-0.1303795459900565
6447,-0.2512276488256008,-0.9024522251251704
6448,-0.36818173932458836,-0.6658257488113066
6449,-0.10889317068656108,-1.1999421617435497
6450,-1.0857250432366123,-0.30844293198629025
6451,-1.0000353638479293,-1.6760450039724033
6452,-0.5331239636695764,-0.6048766490863892
6453,-1.0148038871672183,0.4051808427250609
6454,-0.953735618044549,1.5984733899758565
6455,-0.4624253275772581,-0.784474408031476
6456,-0.04076485292817107,-0.19030097267016022
6457,0.7311629711772579,1.7770268237666074
6458,1.0003444661846361,-0.1894374418477827
6459,-0.4416420325846259,-1.0225948164567815
6460,0.880927065366174,-0.6659113882317073
6461,-0.978950533026489,-0.010536692629849706
6462,-0.4572333128892172,1.0632412857056095
6463,0.4851444593249961,0.16722457652219136
6464,0.604164300566581,-0.784474408031476
6465,0.8897768407601897,-1.9736222452221364
6466,-0.7341505660805381,1.5987992955479386
6467,0.41608637656685027,-0.6056045841597986
6468,0.4572359187606847,0.7657489702144413
6469,-0.7577897703330905,-1.2602489658154583
6470,-0.2933005780580644,-2.033514887541494
6471,1.9677787673461513,1.0037623293642448
6472,-0.5686003094415025,1.3607098124688892
6473,-1.2189021865228757,-0.6061255573005724
6474,-0.7059100172064816,0.9407626412952793
6475,-0.6295261374323496,-0.8434228757409116
6476,-1.2466969867804336,1.3611451461892612
6477,-0.6966651625538047,0.4052878920005625
6478,-0.2245422594728582,1.8365914195283726
6479,-0.49871486339279675,0.16733162579769226
6480,-0.2312593155324495,-1.1413267362245632
6481,-0.645798442252768,-0.7246909559731294
6482,0.833624208010085,-0.9622594659114055
6483,-0.30439539576856306,-0.6652119996317652
6484,1.0419755444435117,1.0034340449193744
6485,1.1104964611423473,1.122698832191874
6486,-0.7185412148860887,-0.19030097267016022
6487,-0.5477146127396746,-1.1413267362245632
6488,0.1299398592944947,-0.36849757554257323
6489,2.537602113610262,-0.6654974643664356
6490,0.4830599290301933,1.122698832191874
6491,-0.8169421707996324,-0.06973018423654344
6492,-0.9524741990662219,-1.2012196164312
6493,-0.7614248538439491,0.4060443735474391
6494,-0.5799849700520774,0.34539501179392607
6495,-0.6912449585899091,-0.4282572388730304
6496,1.0267843040340137,-0.4282572388730304
6497,0.14261889168254963,2.6097488646552334
6498,-0.9641040568489886,2.312173288616453
6499,0.12908485817238718,1.3012522659826247
6500,-0.6747667873575783,0.10776703003592686
6501,-0.7578826051005965,-0.9622594659114055
6502,0.08074487347091507,-0.4865705475478243
6503,-0.47736889049634895,-0.19030097267016022
6504,-0.15624138243288235,0.6425852104409016
6505,-0.7556811455184769,0.4047669188597886
6506,0.11591684876464359,-0.9040317966570129
6507,3.7830336693804965,-0.24933032205441913
6508,-0.9547075484539734,0.7657489702144413
6509,-0.9691490240999493,0.10727698224140932
6510,-0.884007849368134,1.5389087942140904
6511,-1.2284113722311234,1.5983853716826664
6512,-1.234436773839677,-1.5577412813066271
6513,-0.05144545749662923,-0.9024522251251704
6514,1.8628528028691547,-1.379285381300222
6515,-1.0812516121688094,1.2383382173340598
6516,0.1921845079138062,0.9404890709245531
6517,-0.008199692079260204,1.24100255485765
6518,0.31453293620101025,2.0741599294666497
6519,-0.6698089855753447,1.5987992955479386
6520,0.45827375476841503,0.10814051306378751
6521,-0.7768935355624444,-0.9035108235162398
6522,0.2015002288012205,-0.24865710105515473
6523,1.1708957530090953,-0.07059371505892163
6524,0.2573701052747228,-0.903315755947548
6525,-0.06003834278972126,0.04781943575514482
6526,0.837728071663732,1.062805951985237
6527,0.6874555122405743,-0.07046049818274176
6528,-0.8565475377385372,-0.24933032205441913
6529,1.7037035388827815,2.134497658884813
6530,0.4122610172157215,-1.6757167195275322
6531,-1.0400978180008909,1.4791229632829557
6532,0.13332336767203523,1.7770268237666074
6533,-0.5128827953726859,1.0033484054989732
6534,-0.591922032962431,-0.6654974643664356
6535,-1.0545102384906242,-1.4978484010999902
6536,-0.3483647054426015,-0.7245839066976285
6537,0.13907628860802326,0.6428564019388386
6538,-0.9310268874540997,0.16708184415485616
6539,-0.2873099009045322,-0.07042957283648613
6540,-0.9158352927134277,-1.4978484010999902
6541,0.41967114505104525,0.3457232962387964
6542,-0.5927897900067913,-0.9634013248500872
6543,-0.9725474143867846,-2.033514887541494
6544,1.103290782394241,1.5983853716826664
6545,-0.4664437974180465,0.10760526668628034
6546,-0.4728522310253561,-1.4983693742407638
6547,-0.5777870537816947,-0.48689883199269535
6548,1.5133419504686358,1.7766985393217363
6549,-0.5235166282262173,-1.0225948164567815
6550,0.07825959461867192,-0.24933032205441913
6551,-0.7941161565906925,0.23008391109661067
6552,-0.5893807697847451,1.0033484054989732
6553,-0.7250038611629724,2.0741599294666497
6554,-1.0585630784552602,0.7657489702144413
6555,0.4441603897892735,-1.4391758826340697
6556,0.8924690490178662,-0.6658257488113066
6557,2.309536853666391,-0.3672201208549234
6558,0.5326921595221032,2.014267049260012
6559,-0.09994595421978143,-0.19030097267016022
6560,-0.5876789171575247,1.5987992955479386
6561,-0.356865464630535,0.7657489702144413
6562,-1.0638217074039544,0.3457232962387964
6563,0.18925808675032216,0.6428564019388386
6564,-0.8880787602226281,-1.2003584644816108
6565,2.6138258356938864,-0.13076730225465047
6566,-0.6805785272683984,0.6429134948857727
6567,0.4581787940138668,-0.9035108235162398
6568,-0.35763755225799976,-1.2601633263950576
6569,-0.5861195056621268,-1.4380340236953881
6570,-1.2517355760702678,-0.30844293198629025
6571,0.4091025091334724,1.5390158434895922
6572,-0.8388327507100375,1.063134236430108
6573,-0.3238379015999624,-1.2602489658154583
6574,-0.6939417731528436,-0.4865705475478243
6575,-1.2992478431500063,0.16716986244804574
6576,0.7880164709889161,0.10743874559105583
6577,0.2817764365183082,-0.48689883199269535
6578,-0.3956657911428223,-0.19030097267016022
6579,-1.011882426640166,-1.4384764940341275
6580,-0.34638115953229964,-1.0225948164567815
6581,-0.9311020056629212,0.703194131357003
6582,0.24807706158242424,-1.2002704461884208
6583,2.625150260004935,-1.141600306595289
6584,-0.13590348172557504,-0.1901368304477247
6585,-0.5802613483675535,0.10718896394821907
6586,-0.21731354919846224,-0.3683358121929267
6587,1.2293221289007517,0.40561617644543346
6588,-0.502357033527129,1.4791229632829557
6589,0.15376615040675398,0.9404890709245531
6590,-0.6580675134728666,0.04857591730202145
6591,0.35121825993755745,-0.3680075277480557
6592,1.0817268958259756,-0.368364358666394
6593,0.31190911385985526,0.6428564019388386
6594,-0.23986105910488398,-1.2602489658154583
6595,-0.16016063954503829,-0.24933032205441913
6596,1.361231475247562,0.10814051306378751
6597,-0.06626039819967129,0.346151493340802
6598,-1.1559134424388209,-0.3082764108910658
6599,-0.6229766800179124,-1.73593788417904
6600,-0.6975672897220127,0.7652279970736674
6601,-0.41100266166470606,-0.19030097267016022
6602,-0.6752054493506032,-0.36849757554257323
6603,-0.7787413726332241,-0.784474408031476
6604,-0.44695735452110996,0.5878806517868993
6605,1.3968807346322472,1.4791229632829557
6606,-1.0076148619842755,0.3457232962387964
6607,2.2419446389737896,-0.4865705475478243
6608,0.13631569443382516,-1.4983693742407638
6609,-0.5576163973883679,-0.9023665857047691
6610,-1.0399564398625893,-0.9627019362501446
6611,-0.2561429308669919,-1.2602489658154583
6612,-0.9567378660792019,0.4049001357359685
6613,-0.7454958959308337,1.0034340449193744
6614,-0.5010697483731229,-1.4391758826340697
6615,0.8664108258425502,-1.9736222452221364
6616,1.622462487379743,-1.735609599734169
6617,-0.5138033477619256,1.4206026926755257
6618,1.0911007270258748,-0.6061826502475063
6619,-0.6211515201422488,-0.19030097267016022
6620,2.826640681922253,0.16749814689291675
6621,0.4506581148523526,0.7024780906475381
6622,-0.18971930038521168,1.3607098124688892
6623,0.4634717930864085,-0.6659113882317073
6624,-0.5592930925022565,-0.7245839066976285
6625,1.163225546092285,-0.42754119816356545
6626,-1.0251822472445211,-1.2012196164312
6627,0.6261859830112505,1.0037623293642448
6628,1.2217366071344526,1.0636552095708818
6629,-0.27862418084393387,1.0034340449193744
6630,3.7833844572424464,-0.9623451053318068
6631,-1.082477243698594,-0.9626733897766779
6632,-0.7136932557676983,1.5390158434895922
6633,-0.749279798534641,-0.3679766024018
6634,-1.2324447239812069,-0.545844920829342
6635,-0.7825490154256685,0.3457232962387964
6636,0.24204528201274442,-0.30811464754141926
6637,0.1011394671660123,1.5390158434895922
6638,-0.9147340314256074,0.10718896394821907
6639,0.4374575069766298,1.0034340449193744
6640,-0.27455823062587137,-0.12996324325199587
6641,-0.43746659403389404,-1.081379141943781
6642,-0.08089888197821744,-0.13005126154518615
6643,-0.5953133366257927,1.0033484054989732
6644,0.7643007312028474,-1.4391758826340697
6645,0.48676623310696304,2.014267049260012
6646,-1.1738968124969755,-0.48689883199269535
6647,-0.19184635042085688,-0.9627019362501446
6648,-0.5051849506243279,0.4649880835112967
6649,1.1864579781574442,1.36081686174439
6650,-0.5185761886714944,0.10760526668628034
6651,-0.5420768494351349,1.5389087942140904
6652,0.4433493257327032,0.10771231596178192
6653,1.776791784410447,1.3611451461892612
6654,-0.11519140729885394,0.346151493340802
6655,-0.28100989263637094,0.16681065265691908
6656,-0.00615590986943149,-0.42754119816356545
6657,-1.2520562457824551,-0.7251048798384017
6658,0.10501726753084661,-0.3082764108910658
6659,-0.5862637184498175,2.6097488646552334
6660,-0.37105607380554023,-0.9040317966570129
6661,-0.2594576989968371,-1.4391758826340697
6662,-0.4584369758862331,2.6097488646552334
6663,0.48951017371599803,0.9407626412952793
6664,-0.31851159539709384,-0.9622594659114055
6665,4.418636472052623,1.5987992955479386
6666,0.11563267516334644,1.5390158434895922
6667,-0.9137093056713035,-1.735609599734169
6668,-0.9403801674459249,0.16749814689291675
6669,-1.1716142110760817,1.4791229632829557
6670,0.008808204257733172,1.3607098124688892
6671,-1.169466964163536,-0.6659113882317073
6672,0.4596382841182849,2.133974306871251
6673,0.7960633319433561,-0.6064538417454434
6674,2.1413004123996315,-0.725445058647217
6675,-0.5835863921014357,-1.2003584644816108
6676,0.12016315355011306,0.4060443735474391
6677,-0.5596980930337812,1.0003819511311896
6678,-0.4523768498226582,1.0632412857056095
6679,0.3295257511532435,0.16681065265691908
6680,0.9147008498485323,1.063134236430108
6681,-0.2217348935837331,0.10718896394821907
6682,-0.6729728086251991,-1.1412720221504182
6683,-0.6800987628592258,-0.1304080924635238
6684,0.5707646898036365,0.9407626412952793
6685,-0.24435858469249766,-1.379285381300222
6686,-0.8277024998821702,-0.6658257488113066
6687,-0.6025158263933357,-0.9023665857047691
6688,-0.13730450718633488,-1.2012196164312
6689,2.392305072528022,-0.6056045841597986
6690,-1.0294994182647281,0.10771231596178192
6691,-0.498811950134387,0.3457232962387964
6692,-0.33371346574180283,0.16681065265691908
6693,2.101438509690977,0.5829635217322016
6694,-1.2185294301281566,0.16708184415485616
6695,-0.6880779465594914,0.4051808427250609
6696,2.449540187013741,0.5279877715802622
6697,0.998311313910018,-0.665123981338575
6698,-0.8025439235568463,1.5390158434895922
6699,-0.44762243413412117,-0.6060185080250708
6700,0.5157576097380632,0.16752669336638407
6701,0.6262263767650509,2.0741599294666497
6702,-0.8669538899785613,-0.42754119816356545
6703,0.6695795045280468,0.8251208772803046
6704,-0.3838984528646649,0.4052878920005625
6705,0.9315252026375559,2.3720661688230895
6706,0.24376024489339132,0.7652279970736674
6707,-0.1214439351897411,-1.2601633263950576
6708,0.28375714777922056,-0.6659113882317073
6709,-0.9639740173082453,-0.12910209130240669
6710,0.30922895286208407,-0.903644040392419
6711,0.5431098503596852,-0.4282572388730304
6712,0.11867921459471023,-0.7245839066976285
6713,-1.1500010724746734,0.9404890709245531
6714,-1.0216265339165687,0.16752669336638407
6715,-0.2977757807817358,-0.30860469533593676
6716,1.3025956896322561,0.7058584688805932
6717,2.5914498220755298,0.16749814689291675
6718,2.5871269817565437,0.10727698224140932
6719,-0.5295983684913872,1.5988302208941942
6720,-0.07458328313841397,-0.7246909559731294
6721,-0.4572691003377596,-0.7250168615452114
6722,2.3197557647155342,-0.6659113882317073
6723,-0.7912350898174405,0.7058584688805932
6724,0.7152559817969112,0.04781943575514482
6725,-0.367509927419277,0.7026707793434408
6726,-0.9160074976638396,-0.6064538417454434
6727,-0.08626558193488619,1.3612307856096624
6728,1.0160335418931652,1.0034340449193744
6729,-0.030588815951043638,-0.1303795459900565
6730,-0.3321738967921312,-0.1901368304477247
6731,0.846641981000185,2.3720661688230895
6732,-0.810551453751007,-0.9623451053318068
6733,1.8355749717940069,-0.3082764108910658
6734,-0.7745542411537605,1.0632412857056095
6735,-0.39411913556967687,-0.07042957283648613
6736,-1.2355794918748189,1.0003819511311896
6737,-0.6914214155144054,-1.5577412813066271
6738,-0.47243801788331563,-0.7251048798384017
6739,0.2864539623421551,-1.2602489658154583
6740,-0.5609173466024394,1.3611451461892612
6741,2.0567367974809265,-1.9736222452221364
6742,0.9266917710972864,-0.3680075277480557
6743,1.178792377545892,-0.19030097267016022
6744,-0.4592133154877822,0.8808697610886421
6745,-0.06873327546083542,-0.3681692910977022
6746,-0.12825595200388062,-0.6060185080250708
6747,-0.14292349093866913,-0.1306792839614609
6748,-0.39216393615327,1.7770268237666074
6749,-1.2600811382041261,-0.3679195094548654
6750,-0.8540920227048837,0.8255657264918325
6751,-0.17949861768019956,-1.4380340236953881
6752,-0.7043148182625412,-1.5577412813066271
6753,-0.7625278867876377,-0.3680622418222006
6754,-1.142919055306184,0.8805414766437711
6755,0.2552001811670615,0.8805414766437711
6756,1.136490550375226,-0.12996324325199587
6757,0.3156412841123043,-0.6059328686046696
6758,-0.29339624747496,-2.033514887541494
6759,-1.270420876183497,-0.7250168615452114
6760,0.21152886401009413,0.16749814689291675
6761,-0.217963392571005,1.5390158434895922
6762,-0.7431353416517285,-0.07048666578342007
6763,0.6486569573841556,0.7058584688805932
6764,0.06676650866894863,1.7770268237666074
6765,-0.10977332932200062,0.16749814689291675
6766,-0.13273824135102577,-1.4983693742407638
6767,0.013886478639020435,-0.24933032205441913
6768,-1.097354901019379,2.312173288616453
6769,-0.9609313755197919,1.7770268237666074
6770,0.9460697886550745,1.7766985393217363
6771,-0.9147744251794078,-0.784474408031476
6772,0.725884854014011,0.5829635217322016
6773,-0.44857239601077703,-0.3681692910977022
6774,-0.4072021054957353,0.10760526668628034
6775,2.733547252659373,-1.73593788417904
6776,-0.2561797813090553,0.3450072555293321
6777,1.524280508131538,-0.42754119816356545
6778,-1.0809766511780279,-0.42786948260843644
6779,0.8902091247920881,-0.42754119816356545
6780,-0.19485072444255203,-0.3683358121929267
6781,1.2532118452931011,-0.1304080924635238
6782,3.0034731974626685,-0.4282572388730304
6783,0.4182981117530067,1.8365914195283726
6784,-0.2072760557102467,1.0033484054989732
6785,-0.07498190570881226,0.7026707793434408
6786,1.6687714457936393,0.10760526668628034
6787,0.23867594688215116,-1.2007914193291942
6788,-0.7810703914378712,-0.9626733897766779
6789,0.3023333138909543,0.04781943575514482
6790,-0.09810555810364945,-1.2007914193291942
6791,-0.5969641655640021,-0.07007036304535946
6792,3.1541667023201665,1.5988302208941942
6793,-0.8088662546889499,1.24100255485765
6794,1.7364423220067988,-0.1894374418477827
6795,-1.1573297041400492,0.4649880835112967
6796,0.6240383817675315,-0.1894374418477827
6797,-0.46427245598569034,-1.4978484010999902
6798,-0.14279345139792568,-0.3681692910977022
6799,0.6726774219795955,0.10760526668628034
6800,1.0468405114582393,0.7028063750924091
6801,0.11750177210454726,-0.9035108235162398
6802,-1.2642583484107266,0.10727698224140932
6803,0.39680367409478384,-0.13005126154518615
6804,-0.3149937955047258,-0.1894374418477827
6805,0.6627178813495911,-0.784474408031476
6806,-1.0359354897035853,1.4206026926755257
6807,-0.7474036149699664,-1.2004655137571123
6808,-0.18210684944971225,-0.3679195094548654
6809,0.28027017469896337,1.0037623293642448
6810,-1.0298920172051735,1.5390158434895922
6811,0.5213907667373446,-0.9627019362501446
6812,-0.5148982310886195,1.24100255485765
6813,1.5050778845047252,0.8808697610886421
6814,1.2039654814493368,0.8808697610886421
6815,-0.6057186258722957,-0.13035099951658985
6816,1.0003823796202205,1.7770268237666074
6817,-0.8861097418904474,1.3612307856096624
6818,0.11744720510379938,0.7024780906475381
6819,1.2011885880411488,1.5983853716826664
6820,-0.449342003320026,-2.033514887541494
6821,1.8927222121486518,0.2267035328635555
6822,-0.1722996712243935,-0.01070083485228522
6823,0.8006292434474914,-0.7838035659050006
6824,1.2623507549248454,1.7766985393217363
6825,-0.054593689974841396,0.10760526668628034
6826,0.6044389072261886,0.23008391109661067
6827,0.4610782860081503,-0.4865705475478243
6828,0.14984547596990327,-0.1304080924635238
6829,0.6459158514245102,1.4791229632829557
6830,0.3831105458876359,1.5988302208941942
6831,2.9112337063283737,-0.3085499812617912
6832,1.588187324286617,-1.735609599734169
6833,1.066048804383831,1.0037623293642448
6834,-0.10563190656394257,0.40561617644543346
6835,-0.49427580244884134,0.7652279970736674
6836,1.7998619327980578,-0.1304080924635238
6837,-0.46058564012347336,0.6429134948857727
6838,-0.9887679868558448,-0.30844293198629025
6839,-0.4470647168667373,1.24100255485765
6840,0.407928609955046,1.8363987308324705
6841,-0.7838979542038963,-0.4275269249268321
6842,0.12467060041058996,-0.12996324325199587
6843,-0.04182182281928028,-1.2002704461884208
6844,0.3596389402802377,1.36081686174439
6845,1.2477845547057318,0.6429134948857727
6846,0.15793025035992775,1.0003819511311896
6847,0.554498054281997,0.4051808427250609
6848,-0.4137877046898887,1.3012522659826247
6849,-0.07772442899315223,-0.6061826502475063
6850,-0.3185626190861049,-0.4271986404819611
6851,-0.8956093606570056,0.10760526668628034
6852,1.5209196769491138,0.10776703003592686
6853,-1.0906881599864513,-0.7838035659050006
6854,-0.5620905371185182,-1.2012196164312
6855,-1.1372720793911288,-1.2601633263950576
6856,0.5423919754017947,-1.4380340236953881
6857,-0.22234079989073846,-1.0225948164567815
6858,-1.0335912346584697,-0.1901368304477247
6859,-0.09784122704807871,-0.903644040392419
6860,-0.8102073981813567,-1.5577412813066271
6861,0.4704655817926496,1.5987992955479386
6862,-0.6007299972779514,0.3457232962387964
6863,-1.0945602910525067,0.9407626412952793
6864,-0.6199616760610066,-0.010536692629849706
6865,0.2194442680990961,-0.1303795459900565
6866,-1.1963050702521378,1.0636552095708818
6867,0.619748848578872,1.062805951985237
6868,0.2751220970764597,1.063134236430108
6869,-0.7579091799386231,-0.6060185080250708
6870,-0.6760218283747789,0.8808697610886421
6871,-0.033351536112284044,1.0003819511311896
6872,0.8170450523932533,-0.13024395024108829
6873,-0.589845652284623,0.7657489702144413
6874,0.23684192872714557,0.10771231596178192
6875,-0.37219560286011877,-1.2598350419501865
6876,-1.2154251347154816,-0.1303795459900565
6877,0.06348363034473517,-0.12910209130240669
6878,-0.5179982745272103,-0.3680075277480557
6879,-0.11872834107460117,-0.9623451053318068
6880,-0.9332396856337771,-0.01070083485228522
6881,-0.5901138809831044,0.04857591730202145
6882,0.23112089759678944,1.5983853716826664
6883,-0.05066592891451704,1.062805951985237
6884,0.9092558427024787,-1.081379141943781
6885,-0.37411678648385166,-0.07078640375482378
6886,-0.5397648385268249,1.24100255485765
6887,-1.1105498395963227,-0.7246909559731294
6888,0.3544944059694708,2.133974306871251
6889,-1.0659012770623255,-0.4282572388730304
6890,-0.02512467492161086,1.8963772504595082
6891,-0.5639798309366192,-0.42754119816356545
6892,1.220457825928615,-0.903644040392419
6893,3.6785166030779357,1.8963772504595082
6894,0.03520127039218354,-0.3679766024018
6895,-0.14570286466507262,0.16681065265691908
6896,0.3947811517553766,-0.07042957283648613
6897,1.6990284933771505,-0.7251048798384017
6898,0.08415353936178738,-0.7251048798384017
6899,-1.109324208066538,1.5389087942140904
6900,-0.7991388009777108,-1.141600306595289
6901,0.5455876882572809,1.896291611039107
6902,-0.08849999431615861,-1.2601633263950576
6903,-0.47394427970266056,2.133974306871251
6904,-0.8844195821919588,-0.6060185080250708
6905,1.55919523899317,-0.9623451053318068
6906,0.4910798608154329,-0.843694067238848
6907,-1.0731126251092107,2.311845004171582
6908,-0.5413246043533967,-0.13024395024108829
6909,-0.17021478659841718,0.6429134948857727
6910,-0.9661680359357174,1.0037623293642448
6911,0.05815236350543515,-0.6647671504202373
6912,-0.9563449128075827,-0.7245839066976285
6913,-0.3478994686115501,-1.4391758826340697
6914,-0.09732921850210031,-0.6654974643664356
6915,-0.7880850856833599,0.46523786515413285
6916,0.40405647888899054,-0.784474408031476
6917,0.04745333371594536,1.896291611039107
6918,-0.48969961534066914,-0.9035108235162398
6919,-0.20741459919915833,1.1230247377639562
6920,-0.38863196301395436,-1.2007914193291942
6921,1.1337395231427172,-0.8437511601857826
6922,-0.7445243198525829,1.0636552095708818
6923,-0.8645369970428398,-1.0225948164567815
6924,-0.36348295363032024,-0.1303795459900565
6925,-0.707109782560587,0.346151493340802
6926,-0.7733030977794705,-0.9623451053318068
6927,-1.1368029449171666,-0.8437511601857826
6928,-0.3917886994403351,-1.0225948164567815
6929,-1.0103439206840157,-1.5577412813066271
6930,-0.9468839161389564,-0.784474408031476
6931,-1.0253073261488328,1.5384924914760298
6932,2.0340231062540455,0.703194131357003
6933,2.2183213796240535,-1.2007914193291942
6934,-0.23724361472485533,-0.7246909559731294
6935,-0.9668852022312607,-0.9040317966570129
6936,-0.3778539173727322,0.6433012511503666
6937,-0.2517346967351474,-0.6659113882317073
6938,0.052661647637975824,-1.0225948164567815
6939,-1.0009956013286219,0.4650737229316973
6940,-0.09871890536530219,2.311845004171582
6941,0.220607183011138,0.5276594871353919
6942,0.09617174411091534,-0.42786948260843644
6943,-1.0789768060337366,-0.48689883199269535
6944,-0.6984077632659991,0.3450072555293321
6945,-1.1148740972400033,0.04781943575514482
6946,-0.9662424454821917,1.8363987308324705
6947,-0.9208203779960351,-0.903644040392419
6948,-0.6031610634606203,-0.9040317966570129
6949,-0.22892108411728668,-1.1999421617435497
6950,-0.9015220849523267,0.7028063750924091
6951,1.5292319319526455,0.9404890709245531
6952,0.6281252375248413,-0.9627019362501446
6953,2.5495076410461572,1.0636552095708818
6954,-1.0810191709188706,0.7026707793434408
6955,-0.987517552143902,-0.3680622418222006
6956,-0.7262379966409255,2.312173288616453
6957,-0.18123129711953082,-0.42786948260843644
6958,-0.31398714064028,1.5389087942140904
6959,0.3830967269718621,1.1784453371274233
6960,-0.3598344055348614,0.6425852104409016
6961,0.037576352249410146,-0.6655521784405806
6962,-1.1285806900317514,-0.4266776673411879
6963,-1.0111362051883805,-0.9035108235162398
6964,5.184969761256703,1.8364843702528717
6965,-0.7392897854236996,-0.7250168615452114
6966,0.5931598373053726,-0.42700595178605827
6967,1.2646206004234866,-0.3683358121929267
6968,-0.08594455789152552,-1.141600306595289
6969,0.6633184726889912,-0.3085499812617912
6970,-1.1976522373744973,0.9404343568504082
6971,-0.3390631578021346,-0.7250168615452114
6972,-0.5491673705517928,2.014267049260012
6973,1.1551397087087394,-0.5462350559667243
6974,-0.6493623051977155,1.0033484054989732
6975,-0.6554695573073909,-0.30860469533593676
6976,-1.120287214580425,0.7024780906475381
6977,2.2279308410544547,-0.3683358121929267
6978,-1.2978854397871782,-0.13076730225465047
6979,-0.502208568765354,0.5276594871353919
6980,0.91923239122882,1.5384924914760298
6981,-0.9992533549476013,-0.9028875588455424
6982,-0.7165264878325024,-1.73593788417904
6983,0.3993328900125644,-0.903644040392419
6984,-0.7230699216169868,-0.903644040392419
6985,1.6946999837593855,0.8808697610886421
6986,-0.9766470260663476,-1.4384764940341275
6987,-0.9972170136924199,1.5390158434895922
6988,-0.1384560835008188,1.5385805097692196
6989,-0.40358934484881903,1.3008954350642872
6990,0.15821229797418285,-0.784474408031476
6991,-1.280522857945324,-0.07015838133854904
6992,-0.6213407329889978,-0.9027805095700407
6993,0.08564031296657952,1.0632412857056095
6994,-0.9411047746961155,-0.9634013248500872
6995,2.779950463165469,0.7058584688805932
6996,0.7082721143635333,1.3012522659826247
6997,-0.45284811028366234,0.7028063750924091
6998,0.04397380159033531,-0.4271130010615598
6999,-0.5859487180364095,-0.9622594659114055
7000,0.32728283482380244,-1.2003584644816108
7001,-1.0680605712347764,-1.4978484010999902
7002,0.6205815268370374,0.40561617644543346
7003,0.478535828604553,-0.725445058647217
7004,0.5793472994926918,-0.6655521784405806
7005,0.6872684253808674,1.5389087942140904
7006,1.2466382933588531,-0.4282572388730304
7007,0.2679291742506062,-0.30844293198629025
7008,0.13472084982105828,0.10776703003592686
7009,0.07605530038716288,1.063134236430108
7010,0.6008640600148569,0.2267035328635555
7011,-0.6029006300479601,-1.5577412813066271
7012,1.1778757227995624,1.7770268237666074
7013,-0.9959311458631085,1.1230247377639562
7014,-0.5477486285323486,-0.30811464754141926
7015,0.10398262050367962,1.1230247377639562
7016,1.8054929638102974,0.40509520330465965
7017,0.02080408614291866,1.5983853716826664
7018,-1.249868605116109,-0.07046049818274176
7019,-0.5114052343784096,-0.13024395024108829
7020,2.1339444972338817,-0.725445058647217
7021,-0.22794064975969355,0.6429134948857727
7022,0.0010720917426169359,-1.9736222452221364
7023,-0.38610026677795817,-0.07042957283648613
7024,-0.8265222227426176,0.9404343568504082
7025,1.4620308988757953,-0.843694067238848
7026,-0.6309268085619357,-0.6655521784405806
7027,-0.10250316230028332,-2.033514887541494
7028,3.553395179025454,-0.18899259263625479
7029,-0.7962063561842742,-0.6056045841597986
7030,0.8239885260728308,0.3450072555293321
7031,-0.9603006660306284,-1.2598350419501865
7032,0.9859083055062657,-1.4978484010999902
7033,0.4987656583038856,-0.9634013248500872
7034,-0.6590929478895178,1.8365914195283726
7035,-0.8925819551090209,1.4791229632829557
7036,0.964331308684574,-0.42754119816356545
7037,0.9854568875909879,1.3611451461892612
7038,0.04836467349466904,-0.3672201208549234
7039,0.4587478498788086,1.5384924914760298
7040,-0.5925775456337525,1.8364843702528717
7041,-0.8751920897667925,1.063134236430108
7042,-1.0455403448287286,0.16752669336638407
7043,0.06027374424230148,-0.9634013248500872
7044,0.8526046659909958,0.10718896394821907
7045,1.3147347213116114,-0.07059371505892163
7046,-0.6564159758723098,-0.4271130010615598
7047,0.34680435650693403,-0.36849757554257323
7048,1.0003143480348726,0.04857591730202145
7049,0.6286432697007723,2.311845004171582
7050,-0.3879084187572849,1.896291611039107
7051,0.7167424010705296,2.134497658884813
7052,-1.0512865334724166,-0.784474408031476
7053,0.04450919599377694,1.5988302208941942
7054,-0.34196690177050254,-0.7246909559731294
7055,-0.7386721861879625,0.10771231596178192
7056,-0.9605217686830092,-0.42795512202883773
7057,-0.9763826950107767,1.8369197039732437
7058,-0.4948016299105934,-1.2598350419501865
7059,1.5925310701448507,-0.13024395024108829
7060,0.540870831673155,-0.9622594659114055
7061,-0.38186317460300473,-0.42786948260843644
7062,-0.20320443619340509,0.10743874559105583
7063,0.505871415661012,-1.73593788417904
7064,-0.5398828308076629,-0.6059328686046696
7065,3.4675549088879536,2.312173288616453
7066,0.33644477598183653,-1.1413267362245632
7067,-0.8497465051907819,-0.7245839066976285
7068,0.31735589266177744,2.312173288616453
7069,-0.8601085660340952,-0.1306792839614609
7070,-0.18585921657906146,1.3009239815377538
7071,-0.5959787705699776,-0.36849757554257323
7072,0.12315689763659751,-1.1412720221504182
7073,0.25152399524005514,0.04781943575514482
7074,1.9377566413307945,-0.42795512202883773
7075,0.014982779290408957,-0.7250168615452114
7076,-0.7283994168004184,0.2899744124304588
7077,-0.047364979700445446,0.04781943575514482
7078,-0.9580981434549878,-0.9035108235162398
7079,3.5505782461946396,0.40561617644543346
7080,1.64310015225999,0.2899744124304588
7081,-0.04090623106647225,0.16722457652219136
7082,-1.055386499483153,0.6429134948857727
7083,1.3612243886240878,-0.3680075277480557
7084,-0.23671105497080328,1.0037623293642448
7085,-0.9293895231004903,0.16752669336638407
7086,-0.2115333447621004,0.22711745672882777
7087,-1.0638869043399128,-0.9626733897766779
7088,-0.4219266917494874,-0.4865705475478243
7089,-0.3066099656041091,1.5390158434895922
7090,-0.7109429371975369,2.3720661688230895
7091,-0.5212836331696395,-1.2004655137571123
7092,-0.8005791571987498,0.3450072555293321
7093,-0.04758962566456337,-1.4380340236953881
7094,0.06134240706214243,-0.24933032205441913
7095,1.8516750716640136,-0.19030097267016022
7096,-0.6758949778145988,1.0034340449193744
7097,1.580850188673073,-0.5465609615388063
7098,-0.8329774280648539,1.8360704463875994
7099,-1.1798017415064752,-0.4282572388730304
7100,0.6996267880567352,2.312173288616453
7101,-0.4769617639777821,-0.30860469533593676
7102,1.9730668057822611,-1.4391758826340697
7103,-0.2597057308184183,-0.7838035659050006
7104,1.3967198682793933,-0.7246909559731294
7105,-1.07861007326897,0.7652279970736674
7106,0.194557818115164,0.16708184415485616
7107,0.045074354215808174,1.301340284275815
7108,-0.9696957571009489,0.5878806517868993
7109,-1.2460046236670486,-0.07007036304535946
7110,-0.9990889452830102,-0.6659113882317073
7111,-1.0853678774135354,-1.5577412813066271
7112,4.2658169801530015,-0.3679766024018
7113,-0.49086926254501106,0.4049001357359685
7114,-0.9951941370218387,0.23008391109661067
7115,-0.4394838014056962,-0.7245839066976285
7116,-0.2787177242737873,0.04781943575514482
7117,-0.9980241801060797,-1.73593788417904
7118,0.9641183556491876,2.3717378843782186
7119,-0.834589989236305,-1.5577412813066271
7120,1.9572848953062263,1.895963326594236
7121,-0.8341768390877856,0.16713893710179012
7122,1.4691809476296323,-0.725445058647217
7123,2.8060327808605963,-0.903644040392419
7124,-0.8555710010238547,0.5276594871353919
7125,-0.014942614314530806,0.703194131357003
7126,-1.0665560810713,-0.843694067238848
7127,0.4921336417259793,0.8805414766437711
7128,-1.1968638505130431,0.6428564019388386
7129,-0.7682584848596834,0.04781943575514482
7130,-0.19173119278940848,-1.4983693742407638
7131,1.5103545843432773,0.04857591730202145
7132,0.22533041755639038,-0.7245839066976285
7133,0.31928132825959443,1.7766985393217363
7134,-0.7308028451515398,-0.6659113882317073
7135,0.8171183989462065,1.063326925126011
7136,-0.19523907140891336,0.16713893710179012
7137,1.4393820502536987,-0.18899259263625479
7138,-0.7778927494722429,0.8255657264918325
7139,-0.6525193959552699,1.7770268237666074
7140,0.1097089666016411,1.7770268237666074
7141,0.03841576279987533,-1.4384764940341275
7142,0.49357647826523426,-1.6757167195275322
7143,1.1093679163541534,-1.2598350419501865
7144,-0.9565674327846584,-0.725445058647217
7145,-0.03564972810482029,-0.6654974643664356
7146,-0.6164346635581226,1.062805951985237
7147,-0.8729318112098409,-0.4282572388730304
7148,3.6245909417544553,-0.6658257488113066
7149,-0.26641463726101483,0.04824763285715042
7150,1.1226106896395445,-0.1306792839614609
7151,-0.27955713482425276,-0.4282572388730304
7152,-0.4276424079122383,-1.2601633263950576
7153,-0.5431749217423921,1.24100255485765
7154,1.4097585468087408,0.16752669336638407
7155,0.9244966894762934,-1.4380340236953881
7156,-0.2328800263208954,-0.010536692629849706
7157,0.9572244883339264,0.22703181730842653
7158,-0.11797184401877871,-1.5577412813066271
7159,-0.11256687629535166,0.8808697610886421
7160,0.24984340248325596,-0.843694067238848
7161,-0.4058304895223916,0.04857591730202145
7162,0.40386868336693643,1.3009239815377538
7163,0.28749427866810123,0.6433012511503666
7164,0.10572770153408988,1.5988302208941942
7165,-0.9189076983204708,-0.48689883199269535
7166,-0.5023279783708867,-1.0225948164567815
7167,-0.9863216844327072,-0.843694067238848
7168,-1.1554673394911483,-0.903315755947548
7169,0.6677408800677832,-1.4384764940341275
7170,1.6444129492585016,0.703194131357003
7171,-0.8361706606021243,1.5390158434895922
7172,-0.8066548738339671,0.7028063750924091
7173,0.3980682820536741,-0.9634013248500872
7174,-0.684177468999541,-0.42795512202883773
7175,0.8181778491555318,-0.7838035659050006
7176,0.4666044349929784,0.346151493340802
7177,-0.44728121321386033,-0.9627019362501446
7178,-1.0612184362708734,0.7058584688805932
7179,-0.6566214879530484,-0.30802900812101797
7180,-0.5135624025638182,1.5984733899758565
7181,-0.4581283534339514,-0.48689883199269535
7182,0.0868131491514849,0.04781943575514482
7183,-0.03524649922916391,0.7657489702144413
7184,-0.6086096139184108,0.22703181730842653
7185,2.051720531055035,-0.6647671504202373
7186,-1.0475936939802468,2.134497658884813
7187,-1.2519605763655592,1.301340284275815
7188,0.13877368978569424,0.04857591730202145
7189,-1.270576427568746,1.3008954350642872
7190,0.7511004776582983,1.3008954350642872
7191,-0.6652051606356247,-0.9622594659114055
7192,-0.7244525218567149,1.7766985393217363
7193,-0.8922262066106388,1.36081686174439
7194,-0.6383985900214812,-0.9024522251251704
7195,0.8299508567324679,-0.367308139148113
7196,1.8590299238362418,-0.30811464754141926
7197,-0.3384870153137189,1.7770268237666074
7198,0.35427578363530576,-0.07046049818274176
7199,-0.20692526784829615,2.074604778678177
7200,1.1541383688118987,-1.4983693742407638
7201,-1.1626064039786015,2.3717378843782186
7202,-0.8124173617116447,-0.6061255573005724
7203,0.5787580467508496,0.10718896394821907
7204,0.37454033778965956,-2.033514887541494
7205,0.18411603275777133,-1.2004655137571123
7206,0.3181393188868002,-0.3680622418222006
7207,-1.2653202789382676,-0.19030097267016022
7208,0.6882113006340494,-0.5462350559667243
7209,1.5490847532831744,-1.1412720221504182
7210,-0.38935621593297143,2.014267049260012
7211,-1.1550215908746497,0.346151493340802
7212,0.4403070382754235,0.7652279970736674
7213,-0.6201126211409974,0.16749814689291675
7214,-0.16036296264521374,0.5279877715802622
7215,-0.8606556533662685,-0.19030097267016022
7216,0.928668584715288,-0.367308139148113
7217,0.3382933217149637,-0.42795512202883773
7218,-0.9494074627579578,-0.07046049818274176
7219,1.5586244114723597,0.4053449849474964
7220,1.4214883259824869,-1.6760450039724033
7221,-0.588863091939988,-0.8434228757409116
7222,0.3723991145070668,-0.903315755947548
7223,1.053411937405445,-1.2003584644816108
7224,-0.0009522022526588705,0.16749814689291675
7225,-1.009126084440052,-0.3683358121929267
7226,-0.7299421747306533,-1.9736222452221364
7227,-0.908879417442771,-0.30860469533593676
7228,1.1668818894735649,1.5385805097692196
7229,-0.4946138343885391,2.312173288616453
7230,0.9218307017254694,-1.141600306595289
7231,3.159683638694479,-0.3679766024018
7232,7.695115575269238,-0.07046049818274176
7233,0.06452288367716026,-0.6652119996317652
7234,0.9684117864807572,0.6433012511503666
7235,3.019209044886124,-0.19030097267016022
7236,-0.5668924331843294,0.34539501179392607
7237,0.5921694816749162,-0.42786948260843644
7238,-0.5497094972475345,1.5987992955479386
7239,-0.23413577600044352,-1.1999421617435497
7240,-0.2523377683927632,-0.1306792839614609
7241,-0.34266635150736136,-0.6660755304541427
7242,-0.2016574262890862,0.8808697610886421
7243,1.5537573184705902,2.6097488646552334
7244,-0.9422276501855308,1.3009239815377538
7245,0.566766771170922,-0.4282572388730304
7246,0.8025536160517874,-1.379285381300222
7247,-0.4521210227152559,0.7058584688805932
7248,-0.311864342578719,-0.6660755304541427
7249,0.6137050217492868,-0.6061255573005724
7250,-0.6216784105975219,1.122698832191874
7251,-0.4750820371013707,-0.4282572388730304
7252,-0.6060750830330253,0.10814051306378751
7253,1.804345993801071,-1.1412720221504182
7254,1.138536458572097,-0.368364358666394
7255,-0.265197155348225,-1.0225948164567815
7256,-0.9932619691317215,-0.30811464754141926
7257,1.3672232153946149,-1.1412720221504182
7258,0.7517960297522466,-0.42795512202883773
7259,-0.2186763068924638,-0.42786948260843644
7260,1.6252907588081154,-0.367308139148113
7261,-0.3325813776418717,-1.1412720221504182
7262,-1.2104567029980375,0.7028063750924091
7263,-0.3433204468539883,0.04781943575514482
7264,2.09093577937171,1.0037623293642448
7265,-0.15409094653977368,-0.3679195094548654
7266,-0.133110997745745,-0.9040317966570129
7267,1.6859848542113713,0.3457232962387964
7268,-0.3061337445066733,-0.24865710105515473
7269,-0.928070702472026,-0.9626733897766779
7270,-0.508141844268749,-0.6655521784405806
7271,-0.3536991612624648,-0.30844293198629025
7272,4.367368294531799,0.10727698224140932
7273,-0.23327581424190413,1.3009239815377538
7274,0.3797408564258691,-0.784474408031476
7275,-0.3054148065552616,-0.6654974643664356
7276,0.1889182831547561,1.5385805097692196
7277,-0.2586523042390458,2.312173288616453
7278,0.30027216945361496,0.5829635217322016
7279,0.8401566575281852,-0.9623451053318068
7280,0.05976492467688641,0.04824763285715042
7281,-0.8268149002920832,0.4646597990664257
7282,-0.9366299263036179,2.312173288616453
7283,4.7534439980698115,1.063134236430108
7284,-0.8816093816534443,-0.19030097267016022
7285,-0.6732413916548541,1.0033484054989732
7286,0.3336349297744959,-0.13005126154518615
7287,-0.755021380873071,-0.6660755304541427
7288,-0.16449552712392934,0.9404890709245531
7289,0.4699216834410396,-0.9024522251251704
7290,-0.7540579544118151,0.2274195735730205
7291,-0.8127968503986638,0.8805414766437711
7292,1.9800403976116026,-0.8434228757409116
7293,-0.176559440594463,0.6425852104409016
7294,-0.563005420208979,-0.36849757554257323
7295,-1.0595676073326639,-0.4282572388730304
7296,0.019440974117743336,-0.6655521784405806
7297,1.2079587937767933,0.6429134948857727
7298,-1.078140938795008,-0.9028875588455424
7299,0.19815498819043825,0.04781943575514482
7300,-0.9669858322845878,0.4650737229316973
7301,-0.683370302585881,1.0037623293642448
7302,0.27425646601914144,-0.7251048798384017
7303,-0.9583454666142215,0.7024780906475381
7304,-0.8004416767033592,-0.1894374418477827
7305,0.3940622138039649,1.6587231011008314
7306,0.42657705962621195,0.7058584688805932
7307,-0.47970322426860124,1.7770268237666074
7308,0.6656078064021853,-0.725445058647217
7309,-0.0977884317031991,-0.13076730225465047
7310,-0.39707035991531897,-1.1999421617435497
7311,1.5911552021974227,-0.7251048798384017
7312,1.008279004157017,-0.3672201208549234
7313,-0.8456578777776035,-0.36849757554257323
7314,-0.8803238681553065,0.23008391109661067
7315,-0.6678459908731168,0.04781943575514482
7316,0.6193385330797423,-0.784474408031476
7317,-0.7336630063855443,1.0037623293642448
7318,3.787590368274116,1.8360704463875994
7319,0.6501982979896956,-0.07078640375482378
7320,-0.5540493454628573,-1.081379141943781
7321,-0.8969820396238706,0.5279877715802622
7322,1.2382611957505365,-1.2601633263950576
7323,-0.393299567564938,2.3720661688230895
7324,-0.12437389966496197,-0.12996324325199587
7325,-0.8003835663908745,1.5987992955479386
7326,-0.2627179001259345,1.0037623293642448
7327,-0.6526239236515077,0.4047669188597886
7328,-0.5070359766756707,-0.36849757554257323
7329,-0.803365971879801,0.5279877715802622
7330,-0.6778990749329745,0.5829635217322016
7331,-0.5957863687426653,0.16713893710179012
7332,-0.5155151216620093,-0.9627019362501446
7333,0.11999130293087448,0.6433012511503666
7334,0.8365105897509423,-0.784474408031476
7335,-1.3739178230370124,0.8251208772803046
7336,-1.303128832495404,-0.725445058647217
7337,0.042915414374531065,-0.6660755304541427
7338,-0.8919416786781679,1.0636552095708818
7339,-0.9376294945445899,-0.6061826502475063
7340,0.8070766534839067,1.0003819511311896
7341,0.9236579875881754,1.0034340449193744
7342,-0.7226766140141939,-1.4983693742407638
7343,-0.9165737188793921,1.8963772504595082
7344,-1.2608259423312171,-1.0817074263886521
7345,-0.48108440718363465,-0.48689883199269535
7346,-0.17021124328668008,-1.2598350419501865
7347,0.12066594948557526,-0.6059328686046696
7348,-1.0462762906764773,-0.725445058647217
7349,0.13786766497457567,-0.843694067238848
7350,-1.1337376259335974,-1.2602489658154583
7351,0.012377382170285825,1.4791229632829557
7352,-0.36546224756653783,-0.4271986404819611
7353,1.4963684242554902,-0.07007036304535946
7354,-0.4376398619778271,-1.1412720221504182
7355,-0.7011488692256445,-0.1901368304477247
7356,0.45356788245067303,-0.6059328686046696
7357,2.9473577694858,-0.42786948260843644
7358,-0.42546894049284,-0.42795512202883773
7359,-0.5859501353611041,-0.9626733897766779
7360,1.3021010433137883,-0.07042957283648613
7361,-0.9474692712378879,1.5983853716826664
7362,0.41829740309065944,1.301340284275815
7363,2.758754372355492,0.34539501179392607
7364,-0.5536301716843851,-0.1901368304477247
7365,-0.651784867432216,-1.1999421617435497
7366,-0.9820332142375691,-1.1413267362245632
7367,0.4857804837817648,2.312173288616453
7368,-0.8500108362463527,-0.07046049818274176
7369,-0.3653212237594103,-0.6652119996317652
7370,-0.23894440435855469,-1.1405726335504756
7371,-0.8785830390989805,-1.2602489658154583
7372,0.5841584081690188,0.04781943575514482
7373,-0.10792372059535243,-0.9040317966570129
7374,1.0124455844284073,-0.9634013248500872
7375,-1.2314802345264297,0.6433012511503666
7376,0.025824604542894973,0.04824763285715042
7377,2.938821931511672,1.7770268237666074
7378,1.2368832018160663,1.1230247377639562
7379,-0.1729675854867941,-0.9626733897766779
7380,-0.8458130748316786,-2.033514887541494
7381,-0.2611021499739202,0.16722457652219136
7382,-1.094480566538427,-0.367308139148113
7383,0.08106306286488617,-0.1303795459900565
7384,1.1694840976131249,1.5983853716826664
7385,-0.0777828936368107,-0.9023665857047691
7386,0.586515419136387,0.5276594871353919
7387,-0.16345095882389887,-1.4983693742407638
7388,-0.09614681537550575,0.10727698224140932
7389,-0.8397788149437828,-1.2007914193291942
7390,-0.09086232025113246,0.9407626412952793
7391,0.3933634727294534,2.133974306871251
7392,1.4339774368614453,-0.6060185080250708
7393,0.19660160032499274,-0.3683358121929267
7394,-0.22061485274370735,0.22711745672882777
7395,-0.17968003524112758,1.8365914195283726
7396,0.8053546039797862,1.3607098124688892
7397,-1.2796621875244374,-0.1304080924635238
7398,0.2361144868275652,0.4650737229316973
7399,0.536099053757107,-1.4384764940341275
7400,-1.0346131257633842,-0.13005126154518615
7401,1.8992309214781151,-0.36849757554257323
7402,-0.6733033996102494,2.312173288616453
7403,1.2078128093332339,-0.1901368304477247
7404,-0.053121443948170304,1.063326925126011
7405,0.49216340554456894,0.7058584688805932
7406,0.21761875389225865,2.312173288616453
7407,1.9515886673580285,0.04781943575514482
7408,0.5118535888663758,0.8808697610886421
7409,0.7530946535038109,1.5987992955479386
7410,-0.3972404388786889,-0.4271130010615598
7411,-0.6203907711123421,1.0632412857056095
7412,0.3600659093445308,1.36081686174439
7413,-1.3177393241112285,0.6425852104409016
7414,2.9567829787058844,-0.9623451053318068
7415,-0.9030350790639717,0.04781943575514482
7416,-0.6136747780462718,-0.6061255573005724
7417,-1.0385749026163824,1.0034340449193744
7418,-0.8208699318599567,-0.48689883199269535
7419,-0.6202943930330991,-0.12910209130240669
7420,0.1577080847140259,-0.3085499812617912
7421,1.2706736398635878,-0.8437511601857826
7422,1.6207485874926175,-0.8434228757409116
7423,-0.0872407013248737,-0.9023665857047691
7424,3.371169743021518,-0.1303795459900565
7425,2.872547828785188,0.9407626412952793
7426,0.030997839678730457,-0.6056045841597986
7427,-0.11721499263178248,-1.379285381300222
7428,-0.021320575440903322,0.3450072555293321
7429,0.9510215668073554,0.40509520330465965
7430,-0.7545065376777034,0.16716986244804574
7431,-0.12822299920472768,-1.2598350419501865
7432,-0.9355527595356082,-0.6660755304541427
7433,-0.787060359929056,0.40509520330465965
7434,1.1825078942331775,2.0741599294666497
7435,0.08405716128254438,-0.06973018423654344
7436,0.6644643797046961,0.7058584688805932
7437,2.664725508794076,1.3612307856096624
7438,0.26019943969661635,0.3457232962387964
7439,-0.6049865776674577,1.8365914195283726
7440,1.2385861174368078,-1.2002704461884208
7441,-0.7715541191061497,-0.9634013248500872
7442,2.332185702288487,0.04857591730202145
7443,1.71850466067005,0.6428564019388386
7444,0.3432847849586974,-0.6659113882317073
7445,0.5232471077562928,1.7770268237666074
7446,1.3592730868505918,1.063134236430108
7447,-0.3736005259637892,0.40561617644543346
7448,-0.8905286059575025,-0.4266776673411879
7449,2.0612020789317347,-1.5577412813066271
7450,0.42894895250287524,1.3009239815377538
7451,0.46678975019681695,0.16733162579769226
7452,-0.057679560166484505,-0.30844293198629025
7453,-0.8722401567588031,0.16765991024256327
7454,-1.2768534043106174,-0.3082764108910658
7455,-0.013446982430396482,2.074604778678177
7456,1.2187070755994256,1.5389087942140904
7457,-0.8277138384797281,-1.141600306595289
7458,1.310384243161078,0.6428564019388386
7459,-0.10413627467980824,2.311845004171582
7460,0.567573583253408,-1.141600306595289
7461,-0.8248954883242188,0.7652279970736674
7462,0.2569771520031034,1.895963326594236
7463,-0.358377395748659,-0.6658257488113066
7464,0.16413529787354092,-1.2007914193291942
7465,-0.9195791558946084,1.0037623293642448
7466,1.2624396920494407,0.10760526668628034
7467,0.6404867891812724,0.16681065265691908
7468,1.515076755895009,-0.1901368304477247
7469,0.6699635995203241,0.10718896394821907
7470,-0.4015689484964537,-1.4983693742407638
7471,-0.8482831174434531,1.3611451461892612
7472,-0.18363826878238906,0.8251208772803046
7473,-0.520865876715862,1.36081686174439
7474,0.1026815164338996,-0.7246909559731294
7475,0.19201655493747846,0.3450072555293321
7476,-0.6725160757423162,-0.24933032205441913
7477,1.2372219424181115,0.4049001357359685
7478,-1.2002728707350891,0.9404343568504082
7479,0.23026058150707632,-0.1901368304477247
7480,1.1466059967216526,-0.1306792839614609
7481,-0.08378101174499032,0.6429134948857727
7482,-1.0365917110372542,1.8364843702528717
7483,0.3766606555330049,-0.8441389164503765
7484,0.5827428551301377,-0.9035108235162398
7485,0.6611974462832987,0.6429134948857727
7486,-0.2781444164347611,0.8255657264918325
7487,-0.6690606381365171,-0.842994678638906
7488,0.46185214529148366,-0.1901368304477247
7489,-1.0790072785146736,-1.2004655137571123
7490,0.05962602685680077,-0.19030097267016022
7491,-0.9954843342530887,0.16722457652219136
7492,-0.31531552821043396,-0.1894374418477827
7493,-0.4650041498593547,1.24100255485765
7494,0.8812190342532924,-0.3679195094548654
7495,-0.7433422710571619,-0.7245839066976285
7496,-0.3660079175740163,-0.4271130010615598
7497,-0.6964940205969137,2.311845004171582
7498,-0.947366160866345,0.5875523673420283
7499,-0.5462824061356303,1.5389087942140904
7500,-1.2317498805496059,-0.664798075766493
7501,1.465579525580274,-0.6654974643664356
7502,-0.1653260793950526,0.46523786515413285
7503,-0.996543784462414,2.3720661688230895
7504,0.7179903554642565,0.7058584688805932
7505,-0.455025829677145,0.8808697610886421
7506,-0.15659535927539595,-0.843694067238848
7507,-0.42548772004504537,-1.4380340236953881
7508,-0.47211415919056526,-0.42754119816356545
7509,-1.004615448599012,-0.9035108235162398
7510,-0.6468795066636882,-0.30811464754141926
7511,-0.6983294560766141,-1.73593788417904
7512,2.225500129202959,-1.1999421617435497
7513,-0.2373570007004352,1.4206026926755257
7514,-1.2230638061578338,0.16681065265691908
7515,1.575347425545708,-1.4384764940341275
7516,0.28965180118468353,-0.1306792839614609
7517,-1.0602964665569388,-0.13024395024108829
7518,-0.7882239835034452,-2.033514887541494
7519,-1.1536754867458114,-0.30802900812101797
7520,1.611286882161644,-0.368364358666394
7521,-0.6884244824473575,-0.4282572388730304
7522,1.9682712876775765,1.3611451461892612
7523,-0.9305981467339379,-0.725445058647217
7524,-0.37440273174101735,-0.42754119816356545
7525,2.099266459596273,-1.73593788417904
7526,0.7075716016331532,-0.7838035659050006
7527,0.021296606474344143,-0.13076730225465047
7528,-0.9904546032425967,0.46471451314057066
7529,0.2852527796633549,1.122698832191874
7530,-0.26244471079102155,2.0741599294666497
7531,-1.1932875859770165,-0.7245839066976285
7532,-0.32372486995555605,-1.4391758826340697
7533,-1.010055495108634,0.16722457652219136
7534,-0.7435481374690743,-0.12996324325199587
7535,0.03835836114973814,-0.18899259263625479
7536,-0.8724981098532474,-0.7250168615452114
7537,0.5653150763523248,-0.6660755304541427
7538,0.0986006843065423,-1.4384764940341275
7539,0.17335712099992828,-0.4275269249268321
7540,0.40667108861962964,-0.12962306444318053
7541,1.417932966985708,-0.07042957283648613
7542,-0.24891244893672754,-0.13076730225465047
7543,-0.7578964240163703,-0.665123981338575
7544,-0.04231788646244258,-0.19030097267016022
7545,0.3132977377295361,-0.4275269249268321
7546,0.3415301369865977,-0.13005126154518615
7547,-0.4995301794234513,-0.3679195094548654
7548,-0.8743803170478748,-0.42754119816356545
7549,-0.759933473933899,-0.9634013248500872
7550,-0.3913340925444943,-0.7251048798384017
7551,-0.3260818809229244,0.04857591730202145
7552,-0.46244552445415826,-2.033514887541494
7553,-0.23001880209336997,-0.42700595178605827
7554,-0.31484426774942964,-0.7250168615452114
7555,-1.0856084682804692,0.23008391109661067
7556,-1.0423258524210368,0.6429134948857727
7557,-0.24767299849116903,-0.07059371505892163
7558,-0.45199736113563904,-1.5577412813066271
7559,-0.7949204883549628,0.5829635217322016
7560,-1.1702620833172905,-0.6060185080250708
7561,0.8135598509688644,2.312173288616453
7562,-0.827827224455308,-0.19030097267016022
7563,1.134615075472899,-2.033514887541494
7564,-0.2204738289365799,-0.3679195094548654
7565,-0.8449679949824341,-1.141600306595289
7566,-0.9543386897021647,-0.12996324325199587
7567,-0.4146788475917124,0.46471451314057066
7568,1.8434790372854506,-1.1412720221504182
7569,0.9859207070973446,-0.5462350559667243
7570,-0.45419775772423754,0.7026707793434408
7571,0.7177299220515964,-0.1306792839614609
7572,1.0352939215012888,-0.4266776673411879
7573,0.27416859188806686,0.5829635217322016
7574,1.1999969723040385,1.7766985393217363
7575,3.206480156803368,1.063326925126011
7576,-0.9456912374083247,1.4791229632829557
7577,0.037382887428576615,-0.7251048798384017
7578,0.2568828999109027,1.0033484054989732
7579,-0.2240309595892273,1.0632412857056095
7580,0.08492704431394696,-0.1303795459900565
7581,0.7292184016960614,-0.842994678638906
7582,-0.9465589944526851,1.5987992955479386
7583,-0.26841625406117464,0.8808697610886421
7584,-0.7603728445892712,1.0632412857056095
7585,0.08345550694962338,-1.2601633263950576
7586,-0.7086117924058478,0.6425852104409016
7587,-0.07828710689696793,-1.9736222452221364
7588,-0.9808788032736957,0.10718896394821907
7589,1.0801270905767775,-0.19030097267016022
7590,0.5317163314697683,1.0632412857056095
7591,-0.3280778284243054,-0.6658257488113066
7592,-0.9819977811202003,-0.1894374418477827
7593,-1.0452320767076206,2.133974306871251
7594,-0.9269262127810157,-0.6660755304541427
7595,-0.8650529032317287,-0.9634013248500872
7596,1.4628054668214758,-0.3680622418222006
7597,0.8785707630611531,-0.24933032205441913
7598,0.10895884750694503,-0.13076730225465047
7599,-0.17249419903874777,-0.19030097267016022
7600,1.1147307186679114,0.8805414766437711
7601,-0.2538220616793397,-0.4865705475478243
7602,-0.5452541370695896,-0.01070083485228522
7603,-0.24477527815275382,-0.7251048798384017
7604,1.1034867275332902,0.16681065265691908
7605,0.18435591496235756,-0.42795512202883773
7606,3.436767073206259,0.5875523673420283
7607,1.1390038213901907,0.4646597990664257
7608,-0.3621836212164086,0.7058584688805932
7609,1.2827035375414473,-0.9035108235162398
7610,-0.9973431555902526,0.6433012511503666
7611,0.4783257102185564,0.7058584688805932
7612,-1.0372688379101709,0.04824763285715042
7613,-0.5964875901353925,0.04781943575514482
7614,-0.44471975315927437,0.6425852104409016
7615,2.5395615650007524,1.5988302208941942
7616,-1.3180376709594734,-0.6060185080250708
7617,0.7531885512648381,-0.13076730225465047
7618,0.5483946998152323,-0.13005126154518615
7619,0.29144011061828373,-1.2003584644816108
7620,0.11395456272476306,-1.4391758826340697
7621,-0.9323949601157064,1.062805951985237
7622,1.7248638422442173,-1.2602489658154583
7623,0.4159644866431017,-0.7251048798384017
7624,-0.39029554787441656,0.16681065265691908
7625,-0.9504452987656882,-1.2598350419501865
7626,2.7820445604019617,-0.01070083485228522
7627,2.209186721966393,1.5389087942140904
7628,0.9448083696767473,0.10776703003592686
7629,-0.9284218446651501,-0.664798075766493
7630,-0.3486024616601458,0.16749814689291675
7631,0.939545488753969,-0.9634013248500872
7632,-1.100335534852437,0.10743874559105583
7633,-0.5021610883880799,1.24100255485765
7634,2.0655585807122208,-0.6061826502475063
7635,-0.4953327723399508,0.04857591730202145
7636,-0.8407808635029707,-0.9634013248500872
7637,0.18970702434738423,-0.3679195094548654
7638,-0.22900470627427666,-0.3679195094548654
7639,-0.4066716717287254,-0.18899259263625479
7640,-0.4808636588624273,-0.9024522251251704
7641,0.9341231588030313,1.3009239815377538
7642,-0.6543686503507443,0.10760526668628034
7643,-0.2486743383880096,-0.784474408031476
7644,0.15459670267787726,-1.2012196164312
7645,1.8231411365781436,-0.3082764108910658
7646,-0.2789707167318002,-0.42754119816356545
7647,-0.2954790061138943,-1.4384764940341275
7648,-1.089214142303912,0.16752669336638407
7649,-0.7334404864084685,-0.4271130010615598
7650,-0.19320450180960058,2.3720661688230895
7651,0.19218663390084825,-0.19030097267016022
7652,-1.0835320876026613,-1.2601633263950576
7653,-0.35590629014336334,-0.7245839066976285
7654,0.46268978418608053,-0.1306792839614609
7655,-0.28744738139992293,-0.19030097267016022
7656,-0.41859137241156824,0.16713893710179012
7657,0.3556360610110915,0.5875523673420283
7658,0.8419130771561535,-0.3683358121929267
7659,2.584767136139786,-0.7251048798384017
7660,-0.53897928631476,-0.9634013248500872
7661,-0.008927133978840316,1.0034340449193744
7662,-1.1754463027195103,2.1938671870778874
7663,-0.413514161023802,-0.1303795459900565
7664,-0.5208194593321092,0.3457232962387964
7665,-0.9402639468209554,-0.12910209130240669
7666,2.4714165936771986,-0.07015838133854904
7667,0.24840092027517446,0.5279877715802622
7668,-1.1394009010826422,-0.4271130010615598
7669,-0.21415256079799733,-0.13035099951658985
7670,-1.3202150360217821,-1.379285381300222
7671,-0.8027193174878215,0.10771231596178192
7672,-0.6566225509465696,1.5987992955479386
7673,-0.8240029280977004,0.10814051306378751
7674,2.3442931984933844,-1.2002704461884208
7675,-0.010137529268156469,-0.13035099951658985
7676,-0.5279897049628465,2.311845004171582
7677,-0.9425833986839129,-0.6654974643664356
7678,-0.1913400111736576,-0.3680075277480557
7679,1.5621351247412536,0.4650737229316973
7680,0.09123378487440824,-0.9634013248500872
7681,-1.1956460142690795,2.0741599294666497
7682,2.6067108657262446,-1.0225948164567815
7683,-1.2291937354626252,-0.19030097267016022
7684,-0.9082529599276917,-0.30860469533593676
7685,0.47739133891354274,-0.13005126154518615
7686,0.016388056725253158,-1.4384764940341275
7687,0.6527030650564914,-0.13024395024108829
7688,-0.9339398440329835,-0.9623451053318068
7689,-1.0731423889278005,0.6433012511503666
7690,0.4340229749100782,0.10760526668628034
7691,-0.7739160907099496,1.5983853716826664
7692,-0.902007872991452,2.311845004171582
7693,-0.9314382659467506,-0.12962306444318053
7694,0.20592157318649162,-0.9023665857047691
7695,-0.7972608457571678,-0.13076730225465047
7696,-0.9034273236732436,-0.3679766024018
7697,-1.0721017182706805,-0.6658257488113066
7698,0.1400832978036427,0.10771231596178192
7699,0.7323386420115526,0.10846641863586955
7700,0.5076483864970541,-0.903644040392419
7701,-1.052506850034596,-0.3679195094548654
7702,-0.33953512692548615,-0.4282572388730304
7703,-0.279757331937386,0.04781943575514482
7704,-0.8966836927756258,-0.9623451053318068
7705,-0.7056587964043373,-0.7246909559731294
7706,-1.0380249806348196,-0.6064538417454434
7707,-0.5716142504048871,1.5389087942140904
7708,0.5160088305402074,0.16722457652219136
7709,-0.8906639604658511,-0.903315755947548
7710,-0.5111547222386126,-1.4978484010999902
7711,0.03992131595687286,-0.13076730225465047
7712,-0.9530088848073162,-0.1304080924635238
7713,-0.9524862463261273,-0.7246909559731294
7714,-0.056720385679312826,0.10743874559105583
7715,-1.0638046995076174,-0.07046049818274176
7716,0.3630858739378683,-0.6057378010359784
7717,-0.24057787106925335,1.3012522659826247
7718,0.0664068625276559,-1.2602489658154583
7719,-0.7688984069593628,-0.6061255573005724
7720,-1.0183840493461556,0.10776703003592686
7721,-0.9427485170108513,0.7058584688805932
7722,-0.5908455748567687,0.10771231596178192
7723,1.1895551869466454,-0.784474408031476
7724,-1.1483803616862276,-1.2598350419501865
7725,-0.46274741461413993,0.16713893710179012
7726,-0.25218434299455667,0.10743874559105583
7727,-0.28198890966926904,-0.8437511601857826
7728,0.11151818157448869,-1.1405726335504756
7729,-1.2361797288830452,-1.1408985391225575
7730,-0.08339868840858163,-1.081379141943781
7731,-0.9493256122568361,-1.141600306595289
7732,1.8335747723185418,-1.1412720221504182
7733,0.19260864232871003,-1.1413267362245632
7734,0.23429145293894382,-0.42786948260843644
7735,-0.3847594776167253,0.7058584688805932
7736,-0.051033724672804426,-0.13076730225465047
7737,-0.25013843479768577,1.4791229632829557
7738,-0.33639610705778983,-1.1413267362245632
7739,-0.031319092500013315,-0.9627019362501446
7740,-0.7093615571693702,-1.2012196164312
7741,0.9120685235592091,-0.4271986404819611
7742,-0.37637352172906646,0.6429134948857727
7743,-0.4291440634263252,-1.081379141943781
7744,-0.6769200579000765,-1.379285381300222
7745,-0.6811337642175664,-1.2598350419501865
7746,-0.7234405520246638,-0.664798075766493
7747,-0.7913123340133044,1.5390158434895922
7748,-1.3483198760563164,-0.07042957283648613
7749,-1.0823635033918402,-1.0225948164567815
7750,0.059768113657449475,0.7024780906475381
7751,-0.8625654983924432,-1.4391758826340697
7752,0.5875844362874018,-0.6061255573005724
7753,0.44072656638506946,0.16716986244804574
7754,-1.2593997593571256,-0.9040317966570129
7755,-0.15254570829132305,-1.2003584644816108
7756,-0.8093360978252594,-0.9028875588455424
7757,3.3526063328320364,-0.784474408031476
7758,-0.23010667622444456,-0.842994678638906
7759,-0.15481236480940117,0.4047669188597886
7760,-0.6287444828631953,-0.664798075766493
7761,-0.5711692104507359,-0.3680622418222006
7762,1.488971052342419,-0.07007036304535946
7763,-1.0210875962013901,-1.73593788417904
7764,-0.4575344943868515,-1.1412720221504182
7765,-0.7846261047658237,-0.903644040392419
7766,-0.1492716882464518,-0.48689883199269535
7767,-0.9734052501582818,-0.42754119816356545
7768,-0.4991801002238481,-0.664798075766493
7769,-0.7508558635952024,0.2899744124304588
7770,2.4442181327849575,-0.6659113882317073
7771,-0.5980569229036539,1.3012522659826247
7772,0.8116358326957419,1.24100255485765
7773,-0.2064171569452286,-1.4978484010999902
7774,-0.7254659090134609,-0.8434228757409116
7775,-0.09357507971688281,-1.5577412813066271
7776,-1.2116639093067902,-1.1999421617435497
7777,-0.5266804512760718,0.7652279970736674
7778,3.1408828266186273,-0.725445058647217
7779,-0.4787167662810556,-1.2601633263950576
7780,-0.5424389758946434,-0.18899259263625479
7781,-0.7370596250165112,-1.2012196164312
7782,0.4835981580830245,-0.42795512202883773
7783,-0.006829493430611237,-0.6658257488113066
7784,-0.49885659586227166,-1.1412720221504182
7785,-0.567993340140976,1.7770268237666074
7786,0.20264967912866239,-0.6060185080250708
7787,1.3789083488404767,-0.6655521784405806
7788,0.46737439663340113,-0.6647671504202373
7789,1.175717491620633,1.5988302208941942
7790,1.8041418990450273,0.3457232962387964
7791,0.31289946949031133,-0.01070083485228522
7792,0.8628320809883079,2.6097488646552334
7793,0.247270603831112,1.5389087942140904
7794,-0.26587215623409943,1.5385805097692196
7795,1.4548617162385789,-1.081379141943781
7796,1.3393742024674833,1.062805951985237
7797,0.12341945703629971,-0.30802900812101797
7798,-0.5230893048307502,0.5279877715802622
7799,-0.6583258208984847,-0.9024522251251704
7800,-0.5183508340450292,0.10718896394821907
7801,0.6296407119547023,-0.42754119816356545
7802,-0.34720427084877536,-0.903644040392419
7803,0.019055461800771577,-0.9040317966570129
7804,1.2599661061259295,1.3009239815377538
7805,-0.6438326129011505,-1.0225948164567815
7806,-0.4275570140993795,-0.665123981338575
7807,0.9142214397705334,1.3009239815377538
7808,0.39079031974613565,-0.3683358121929267
7809,-0.5556810405176875,0.4053449849474964
7810,0.10155616062626846,0.22703181730842653
7811,-0.19287603681159227,0.16752669336638407
7812,2.453126018491458,-1.6760450039724033
7813,1.76064066085143,0.9404890709245531
7814,-0.6757773398649347,-1.141600306595289
7815,-0.704319424567799,0.4646597990664257
7816,-0.34813899648496266,0.8805414766437711
7817,0.6547089338307357,0.8854562278256799
7818,0.680620463900145,0.4650737229316973
7819,0.8177625730199702,1.8363987308324705
7820,-1.0482261751252788,-0.42754119816356545
7821,0.6399751349664677,0.6425852104409016
7822,0.6138595101410144,1.1230247377639562
7823,-0.4516692504688045,-1.4983693742407638
7824,-1.2245573120549262,0.7652279970736674
7825,-0.7388167533068268,1.896291611039107
7826,-0.3743074166552954,1.3607098124688892
7827,0.24468646658141005,-0.12996324325199587
7828,-0.6307914540535872,0.5878806517868993
7829,1.4242726603453222,0.7028063750924091
7830,1.014532240710252,2.3717378843782186
7831,0.3006994928490818,0.3450072555293321
7832,-0.709310887811533,1.8360704463875994
7833,-1.0292822132552577,0.4047669188597886
7834,-0.7128042388529167,-0.1306792839614609
7835,0.14763161479670478,0.8808697610886421
7836,0.09433205665713061,-1.9736222452221364
7837,0.8885097524830836,0.10727698224140932
7838,1.705866730698143,0.23008391109661067
7839,-0.6779100591993589,-0.9622594659114055
7840,-0.45201224304493387,-0.368364358666394
7841,-0.45479019944664284,-0.07046049818274176
7842,-0.778824286127867,-0.7246909559731294
7843,-0.9198264790538421,0.6433012511503666
7844,-0.17216927735247653,-0.1303795459900565
7845,0.4175118508785944,0.6428564019388386
7846,-0.16908695047257025,0.16708184415485616
7847,-0.8415529511304354,0.7652279970736674
7848,0.5354027930008116,0.40509520330465965
7849,-0.3938126391044374,0.3450072555293321
7850,0.01777242862084967,-0.9623451053318068
7851,-0.156273272238514,-0.7838035659050006
7852,0.7060415996251712,0.3450072555293321
7853,-0.9182497053309333,-0.784474408031476
7854,0.6501132585080107,2.0741599294666497
7855,2.7377035573267254,1.5983853716826664
7856,-0.951295339251364,1.0033484054989732
7857,-0.3063963039063756,-0.13005126154518615
7858,0.775879565296603,1.24100255485765
7859,1.1559847885579835,1.5385805097692196
7860,-0.21303003963975575,0.6428564019388386
7861,0.6522261352967084,0.4049001357359685
7862,-0.09350775679388217,0.3450072555293321
7863,-0.3224825848606082,-0.368364358666394
7864,-0.13993293583274774,-0.9634013248500872
7865,0.5867343958017258,-0.8434228757409116
7866,0.563326924136765,-0.4271986404819611
7867,-0.20182998557067205,0.7028063750924091
7868,0.2181973766988902,-0.1894374418477827
7869,-0.8205545771153749,1.7766985393217363
7870,-1.0914995783741954,0.9407626412952793
